LUC,GCM,RCP,Iteration,Amount
BAU,CanESM2,rcp45,1,-319
BAU,CanESM2,rcp45,2,-350.8
BAU,CanESM2,rcp45,3,-315
BAU,CanESM2,rcp45,4,-335.3
BAU,CanESM2,rcp45,5,-300.8
BAU,CanESM2,rcp45,6,-314
BAU,CanESM2,rcp45,7,-296.5
BAU,CanESM2,rcp45,8,-360.9
BAU,CanESM2,rcp45,9,-350.1
BAU,CanESM2,rcp45,10,-349.6
BAU,CanESM2,rcp45,11,-338.2
BAU,CanESM2,rcp45,12,-343.3
BAU,CanESM2,rcp45,13,-322.3
BAU,CanESM2,rcp45,14,-351.1
BAU,CanESM2,rcp45,15,-377.3
BAU,CanESM2,rcp45,16,-306.3
BAU,CanESM2,rcp45,17,-349.2
BAU,CanESM2,rcp45,18,-344.8
BAU,CanESM2,rcp45,19,-319
BAU,CanESM2,rcp45,20,-342.9
BAU,CanESM2,rcp45,21,-332
BAU,CanESM2,rcp45,22,-344.3
BAU,CanESM2,rcp45,23,-313
BAU,CanESM2,rcp45,24,-304.2
BAU,CanESM2,rcp45,25,-346.8
BAU,CanESM2,rcp45,26,-307.2
BAU,CanESM2,rcp45,27,-295.1
BAU,CanESM2,rcp45,28,-302.8
BAU,CanESM2,rcp45,29,-316.8
BAU,CanESM2,rcp45,30,-379.5
BAU,CanESM2,rcp45,31,-328
BAU,CanESM2,rcp45,32,-334.5
BAU,CanESM2,rcp45,33,-299.6
BAU,CanESM2,rcp45,34,-362.7
BAU,CanESM2,rcp45,35,-320.2
BAU,CanESM2,rcp45,36,-303.2
BAU,CanESM2,rcp45,37,-280.8
BAU,CanESM2,rcp45,38,-329.5
BAU,CanESM2,rcp45,39,-322.5
BAU,CanESM2,rcp45,40,-357.5
BAU,CanESM2,rcp45,41,-334.2
BAU,CanESM2,rcp45,42,-296.3
BAU,CanESM2,rcp45,43,-330.9
BAU,CanESM2,rcp45,44,-341.5
BAU,CanESM2,rcp45,45,-326.3
BAU,CanESM2,rcp45,46,-315.7
BAU,CanESM2,rcp45,47,-295.1
BAU,CanESM2,rcp45,48,-328.6
BAU,CanESM2,rcp45,49,-319.6
BAU,CanESM2,rcp45,50,-368.2
BAU,CanESM2,rcp45,51,-335.8
BAU,CanESM2,rcp45,52,-352.8
BAU,CanESM2,rcp45,53,-286.6
BAU,CanESM2,rcp45,54,-315.3
BAU,CanESM2,rcp45,55,-345.7
BAU,CanESM2,rcp45,56,-320
BAU,CanESM2,rcp45,57,-296.5
BAU,CanESM2,rcp45,58,-347
BAU,CanESM2,rcp45,59,-340.4
BAU,CanESM2,rcp45,60,-352.7
BAU,CanESM2,rcp45,61,-268
BAU,CanESM2,rcp45,62,-349.5
BAU,CanESM2,rcp45,63,-318.9
BAU,CanESM2,rcp45,64,-329.5
BAU,CanESM2,rcp45,65,-306.3
BAU,CanESM2,rcp45,66,-285.2
BAU,CanESM2,rcp45,67,-315
BAU,CanESM2,rcp45,68,-347.4
BAU,CanESM2,rcp45,69,-322
BAU,CanESM2,rcp45,70,-312
BAU,CanESM2,rcp45,71,-315.7
BAU,CanESM2,rcp45,72,-334.1
BAU,CanESM2,rcp45,73,-319.7
BAU,CanESM2,rcp45,74,-280.8
BAU,CanESM2,rcp45,75,-338.4
BAU,CanESM2,rcp45,76,-316.7
BAU,CanESM2,rcp45,77,-308.6
BAU,CanESM2,rcp45,78,-264.5
BAU,CanESM2,rcp45,79,-291.6
BAU,CanESM2,rcp45,80,-344.3
BAU,CanESM2,rcp45,81,-315.3
BAU,CanESM2,rcp45,82,-289.5
BAU,CanESM2,rcp45,83,-343.9
BAU,CanESM2,rcp45,84,-322.7
BAU,CanESM2,rcp45,85,-332.1
BAU,CanESM2,rcp45,86,-358.2
BAU,CanESM2,rcp45,87,-334.9
BAU,CanESM2,rcp45,88,-335.8
BAU,CanESM2,rcp45,89,-339.8
BAU,CanESM2,rcp45,90,-280.5
BAU,CanESM2,rcp45,91,-359.3
BAU,CanESM2,rcp45,92,-288.8
BAU,CanESM2,rcp45,93,-335.1
BAU,CanESM2,rcp45,94,-302.5
BAU,CanESM2,rcp45,95,-273.6
BAU,CanESM2,rcp45,96,-311.5
BAU,CanESM2,rcp45,97,-307
BAU,CanESM2,rcp45,98,-347
BAU,CanESM2,rcp45,99,-328.6
BAU,CanESM2,rcp45,100,-325.5
BAU,CanESM2,rcp85,1,-219.9
BAU,CanESM2,rcp85,2,-322.9
BAU,CanESM2,rcp85,3,-255.9
BAU,CanESM2,rcp85,4,-199.4
BAU,CanESM2,rcp85,5,-281.8
BAU,CanESM2,rcp85,6,-290.3
BAU,CanESM2,rcp85,7,-217.9
BAU,CanESM2,rcp85,8,-252.4
BAU,CanESM2,rcp85,9,-182.6
BAU,CanESM2,rcp85,10,-320.2
BAU,CanESM2,rcp85,11,-253.2
BAU,CanESM2,rcp85,12,-291.4
BAU,CanESM2,rcp85,13,-316.6
BAU,CanESM2,rcp85,14,-241.6
BAU,CanESM2,rcp85,15,-273.3
BAU,CanESM2,rcp85,16,-229.8
BAU,CanESM2,rcp85,17,-168.3
BAU,CanESM2,rcp85,18,-183.1
BAU,CanESM2,rcp85,19,-259.3
BAU,CanESM2,rcp85,20,-190.9
BAU,CanESM2,rcp85,21,-193.9
BAU,CanESM2,rcp85,22,-235.4
BAU,CanESM2,rcp85,23,-265.8
BAU,CanESM2,rcp85,24,-157.9
BAU,CanESM2,rcp85,25,-253.7
BAU,CanESM2,rcp85,26,-269.9
BAU,CanESM2,rcp85,27,-302
BAU,CanESM2,rcp85,28,-269.4
BAU,CanESM2,rcp85,29,-241.1
BAU,CanESM2,rcp85,30,-287.4
BAU,CanESM2,rcp85,31,-213.7
BAU,CanESM2,rcp85,32,-241.6
BAU,CanESM2,rcp85,33,-286.5
BAU,CanESM2,rcp85,34,-280
BAU,CanESM2,rcp85,35,-218.1
BAU,CanESM2,rcp85,36,-280.4
BAU,CanESM2,rcp85,37,-240.3
BAU,CanESM2,rcp85,38,-279.1
BAU,CanESM2,rcp85,39,-170.8
BAU,CanESM2,rcp85,40,-280.9
BAU,CanESM2,rcp85,41,-258.2
BAU,CanESM2,rcp85,42,-294.2
BAU,CanESM2,rcp85,43,-263.9
BAU,CanESM2,rcp85,44,-247.9
BAU,CanESM2,rcp85,45,-185.6
BAU,CanESM2,rcp85,46,-254.1
BAU,CanESM2,rcp85,47,-248
BAU,CanESM2,rcp85,48,-284.2
BAU,CanESM2,rcp85,49,-253.4
BAU,CanESM2,rcp85,50,-300.3
BAU,CanESM2,rcp85,51,-229.3
BAU,CanESM2,rcp85,52,-318.4
BAU,CanESM2,rcp85,53,-223.9
BAU,CanESM2,rcp85,54,-266.5
BAU,CanESM2,rcp85,55,-250
BAU,CanESM2,rcp85,56,-248
BAU,CanESM2,rcp85,57,-253.3
BAU,CanESM2,rcp85,58,-239.4
BAU,CanESM2,rcp85,59,-225.7
BAU,CanESM2,rcp85,60,-185.4
BAU,CanESM2,rcp85,61,-253.6
BAU,CanESM2,rcp85,62,-231.3
BAU,CanESM2,rcp85,63,-305.4
BAU,CanESM2,rcp85,64,-188.1
BAU,CanESM2,rcp85,65,-287.7
BAU,CanESM2,rcp85,66,-255
BAU,CanESM2,rcp85,67,-265.6
BAU,CanESM2,rcp85,68,-291.4
BAU,CanESM2,rcp85,69,-258
BAU,CanESM2,rcp85,70,-314.8
BAU,CanESM2,rcp85,71,-214.6
BAU,CanESM2,rcp85,72,-213.3
BAU,CanESM2,rcp85,73,-274.9
BAU,CanESM2,rcp85,74,-249.2
BAU,CanESM2,rcp85,75,-292.6
BAU,CanESM2,rcp85,76,-206.8
BAU,CanESM2,rcp85,77,-267
BAU,CanESM2,rcp85,78,-227.4
BAU,CanESM2,rcp85,79,-212.4
BAU,CanESM2,rcp85,80,-265.8
BAU,CanESM2,rcp85,81,-292.7
BAU,CanESM2,rcp85,82,-281.1
BAU,CanESM2,rcp85,83,-203.5
BAU,CanESM2,rcp85,84,-242.6
BAU,CanESM2,rcp85,85,-281.1
BAU,CanESM2,rcp85,86,-185.6
BAU,CanESM2,rcp85,87,-290.9
BAU,CanESM2,rcp85,88,-242.1
BAU,CanESM2,rcp85,89,-283.1
BAU,CanESM2,rcp85,90,-313.1
BAU,CanESM2,rcp85,91,-251.2
BAU,CanESM2,rcp85,92,-233.2
BAU,CanESM2,rcp85,93,-227.4
BAU,CanESM2,rcp85,94,-244.4
BAU,CanESM2,rcp85,95,-217.5
BAU,CanESM2,rcp85,96,-230.3
BAU,CanESM2,rcp85,97,-257.4
BAU,CanESM2,rcp85,98,-215.5
BAU,CanESM2,rcp85,99,-318.8
BAU,CanESM2,rcp85,100,-223.2
BAU,CNRM-CM5,rcp45,1,-111.3
BAU,CNRM-CM5,rcp45,2,-67.4
BAU,CNRM-CM5,rcp45,3,-84.9
BAU,CNRM-CM5,rcp45,4,-92
BAU,CNRM-CM5,rcp45,5,-115.9
BAU,CNRM-CM5,rcp45,6,-38.7
BAU,CNRM-CM5,rcp45,7,-83.1
BAU,CNRM-CM5,rcp45,8,-76.1
BAU,CNRM-CM5,rcp45,9,-69.1
BAU,CNRM-CM5,rcp45,10,-58.1
BAU,CNRM-CM5,rcp45,11,-56
BAU,CNRM-CM5,rcp45,12,-71.7
BAU,CNRM-CM5,rcp45,13,-58
BAU,CNRM-CM5,rcp45,14,-68.3
BAU,CNRM-CM5,rcp45,15,-105.7
BAU,CNRM-CM5,rcp45,16,-88.8
BAU,CNRM-CM5,rcp45,17,-89.2
BAU,CNRM-CM5,rcp45,18,-74.8
BAU,CNRM-CM5,rcp45,19,-103
BAU,CNRM-CM5,rcp45,20,-73.6
BAU,CNRM-CM5,rcp45,21,-112.8
BAU,CNRM-CM5,rcp45,22,-66.6
BAU,CNRM-CM5,rcp45,23,-91.4
BAU,CNRM-CM5,rcp45,24,-68.4
BAU,CNRM-CM5,rcp45,25,-59.4
BAU,CNRM-CM5,rcp45,26,-70.5
BAU,CNRM-CM5,rcp45,27,-92
BAU,CNRM-CM5,rcp45,28,-75.8
BAU,CNRM-CM5,rcp45,29,-89.5
BAU,CNRM-CM5,rcp45,30,-110.6
BAU,CNRM-CM5,rcp45,31,-58.7
BAU,CNRM-CM5,rcp45,32,-98.6
BAU,CNRM-CM5,rcp45,33,-75.2
BAU,CNRM-CM5,rcp45,34,-94.3
BAU,CNRM-CM5,rcp45,35,-79.2
BAU,CNRM-CM5,rcp45,36,-128.4
BAU,CNRM-CM5,rcp45,37,-107.9
BAU,CNRM-CM5,rcp45,38,-58.8
BAU,CNRM-CM5,rcp45,39,-47.4
BAU,CNRM-CM5,rcp45,40,-53
BAU,CNRM-CM5,rcp45,41,-91.2
BAU,CNRM-CM5,rcp45,42,-113.2
BAU,CNRM-CM5,rcp45,43,-111.3
BAU,CNRM-CM5,rcp45,44,-65
BAU,CNRM-CM5,rcp45,45,-61
BAU,CNRM-CM5,rcp45,46,-94
BAU,CNRM-CM5,rcp45,47,-85.6
BAU,CNRM-CM5,rcp45,48,-69.7
BAU,CNRM-CM5,rcp45,49,-69.3
BAU,CNRM-CM5,rcp45,50,-88.7
BAU,CNRM-CM5,rcp45,51,-59.1
BAU,CNRM-CM5,rcp45,52,-92
BAU,CNRM-CM5,rcp45,53,-84
BAU,CNRM-CM5,rcp45,54,-50.7
BAU,CNRM-CM5,rcp45,55,-52
BAU,CNRM-CM5,rcp45,56,-92.9
BAU,CNRM-CM5,rcp45,57,-76.4
BAU,CNRM-CM5,rcp45,58,-57.3
BAU,CNRM-CM5,rcp45,59,-75.6
BAU,CNRM-CM5,rcp45,60,-68.8
BAU,CNRM-CM5,rcp45,61,-78.4
BAU,CNRM-CM5,rcp45,62,-94.9
BAU,CNRM-CM5,rcp45,63,-86.3
BAU,CNRM-CM5,rcp45,64,-98.7
BAU,CNRM-CM5,rcp45,65,-39.6
BAU,CNRM-CM5,rcp45,66,-120.7
BAU,CNRM-CM5,rcp45,67,-92
BAU,CNRM-CM5,rcp45,68,-82
BAU,CNRM-CM5,rcp45,69,-76.4
BAU,CNRM-CM5,rcp45,70,-83.7
BAU,CNRM-CM5,rcp45,71,-67.4
BAU,CNRM-CM5,rcp45,72,-69.1
BAU,CNRM-CM5,rcp45,73,-78.9
BAU,CNRM-CM5,rcp45,74,-72.8
BAU,CNRM-CM5,rcp45,75,-93
BAU,CNRM-CM5,rcp45,76,-43
BAU,CNRM-CM5,rcp45,77,-102.1
BAU,CNRM-CM5,rcp45,78,-92.6
BAU,CNRM-CM5,rcp45,79,-30.7
BAU,CNRM-CM5,rcp45,80,-48.4
BAU,CNRM-CM5,rcp45,81,-72.3
BAU,CNRM-CM5,rcp45,82,-59.4
BAU,CNRM-CM5,rcp45,83,-42.2
BAU,CNRM-CM5,rcp45,84,-98.9
BAU,CNRM-CM5,rcp45,85,-97.6
BAU,CNRM-CM5,rcp45,86,-91.4
BAU,CNRM-CM5,rcp45,87,-93
BAU,CNRM-CM5,rcp45,88,-97.3
BAU,CNRM-CM5,rcp45,89,-38.7
BAU,CNRM-CM5,rcp45,90,-117.2
BAU,CNRM-CM5,rcp45,91,-74
BAU,CNRM-CM5,rcp45,92,-98.6
BAU,CNRM-CM5,rcp45,93,-87.3
BAU,CNRM-CM5,rcp45,94,-75.6
BAU,CNRM-CM5,rcp45,95,-76
BAU,CNRM-CM5,rcp45,96,-85.7
BAU,CNRM-CM5,rcp45,97,-33.1
BAU,CNRM-CM5,rcp45,98,-53.5
BAU,CNRM-CM5,rcp45,99,-54
BAU,CNRM-CM5,rcp45,100,-66.1
BAU,CNRM-CM5,rcp85,1,-144
BAU,CNRM-CM5,rcp85,2,-156.9
BAU,CNRM-CM5,rcp85,3,-150.9
BAU,CNRM-CM5,rcp85,4,-172.3
BAU,CNRM-CM5,rcp85,5,-162.3
BAU,CNRM-CM5,rcp85,6,-120.1
BAU,CNRM-CM5,rcp85,7,-187.8
BAU,CNRM-CM5,rcp85,8,-152.8
BAU,CNRM-CM5,rcp85,9,-163.9
BAU,CNRM-CM5,rcp85,10,-179.8
BAU,CNRM-CM5,rcp85,11,-129.7
BAU,CNRM-CM5,rcp85,12,-139.2
BAU,CNRM-CM5,rcp85,13,-178.8
BAU,CNRM-CM5,rcp85,14,-173.2
BAU,CNRM-CM5,rcp85,15,-199.3
BAU,CNRM-CM5,rcp85,16,-159
BAU,CNRM-CM5,rcp85,17,-191.4
BAU,CNRM-CM5,rcp85,18,-184
BAU,CNRM-CM5,rcp85,19,-152.3
BAU,CNRM-CM5,rcp85,20,-165.7
BAU,CNRM-CM5,rcp85,21,-152.6
BAU,CNRM-CM5,rcp85,22,-172.2
BAU,CNRM-CM5,rcp85,23,-171
BAU,CNRM-CM5,rcp85,24,-247.7
BAU,CNRM-CM5,rcp85,25,-188.3
BAU,CNRM-CM5,rcp85,26,-194.9
BAU,CNRM-CM5,rcp85,27,-143.1
BAU,CNRM-CM5,rcp85,28,-166.6
BAU,CNRM-CM5,rcp85,29,-190.6
BAU,CNRM-CM5,rcp85,30,-162.1
BAU,CNRM-CM5,rcp85,31,-160.6
BAU,CNRM-CM5,rcp85,32,-158.4
BAU,CNRM-CM5,rcp85,33,-152.7
BAU,CNRM-CM5,rcp85,34,-152
BAU,CNRM-CM5,rcp85,35,-131.2
BAU,CNRM-CM5,rcp85,36,-180.5
BAU,CNRM-CM5,rcp85,37,-183.5
BAU,CNRM-CM5,rcp85,38,-108.6
BAU,CNRM-CM5,rcp85,39,-150.6
BAU,CNRM-CM5,rcp85,40,-123.4
BAU,CNRM-CM5,rcp85,41,-171.7
BAU,CNRM-CM5,rcp85,42,-217.4
BAU,CNRM-CM5,rcp85,43,-162.3
BAU,CNRM-CM5,rcp85,44,-195.9
BAU,CNRM-CM5,rcp85,45,-170.1
BAU,CNRM-CM5,rcp85,46,-209.7
BAU,CNRM-CM5,rcp85,47,-179.9
BAU,CNRM-CM5,rcp85,48,-144.5
BAU,CNRM-CM5,rcp85,49,-129.3
BAU,CNRM-CM5,rcp85,50,-144.1
BAU,CNRM-CM5,rcp85,51,-148.8
BAU,CNRM-CM5,rcp85,52,-185.7
BAU,CNRM-CM5,rcp85,53,-141.1
BAU,CNRM-CM5,rcp85,54,-150.9
BAU,CNRM-CM5,rcp85,55,-177.9
BAU,CNRM-CM5,rcp85,56,-196.7
BAU,CNRM-CM5,rcp85,57,-154.5
BAU,CNRM-CM5,rcp85,58,-195.5
BAU,CNRM-CM5,rcp85,59,-243
BAU,CNRM-CM5,rcp85,60,-137.3
BAU,CNRM-CM5,rcp85,61,-227.4
BAU,CNRM-CM5,rcp85,62,-216
BAU,CNRM-CM5,rcp85,63,-173.6
BAU,CNRM-CM5,rcp85,64,-182.3
BAU,CNRM-CM5,rcp85,65,-144.1
BAU,CNRM-CM5,rcp85,66,-201.9
BAU,CNRM-CM5,rcp85,67,-184.1
BAU,CNRM-CM5,rcp85,68,-222.9
BAU,CNRM-CM5,rcp85,69,-177.9
BAU,CNRM-CM5,rcp85,70,-151.5
BAU,CNRM-CM5,rcp85,71,-140.6
BAU,CNRM-CM5,rcp85,72,-134.7
BAU,CNRM-CM5,rcp85,73,-192.6
BAU,CNRM-CM5,rcp85,74,-188.6
BAU,CNRM-CM5,rcp85,75,-187.1
BAU,CNRM-CM5,rcp85,76,-178.6
BAU,CNRM-CM5,rcp85,77,-177.3
BAU,CNRM-CM5,rcp85,78,-178.6
BAU,CNRM-CM5,rcp85,79,-233.9
BAU,CNRM-CM5,rcp85,80,-207.8
BAU,CNRM-CM5,rcp85,81,-198.3
BAU,CNRM-CM5,rcp85,82,-202.7
BAU,CNRM-CM5,rcp85,83,-215.3
BAU,CNRM-CM5,rcp85,84,-184.3
BAU,CNRM-CM5,rcp85,85,-193.4
BAU,CNRM-CM5,rcp85,86,-168.1
BAU,CNRM-CM5,rcp85,87,-194.4
BAU,CNRM-CM5,rcp85,88,-169.7
BAU,CNRM-CM5,rcp85,89,-195
BAU,CNRM-CM5,rcp85,90,-132.4
BAU,CNRM-CM5,rcp85,91,-202.3
BAU,CNRM-CM5,rcp85,92,-172.5
BAU,CNRM-CM5,rcp85,93,-210.1
BAU,CNRM-CM5,rcp85,94,-159.1
BAU,CNRM-CM5,rcp85,95,-146.5
BAU,CNRM-CM5,rcp85,96,-250.5
BAU,CNRM-CM5,rcp85,97,-201.5
BAU,CNRM-CM5,rcp85,98,-174.1
BAU,CNRM-CM5,rcp85,99,-194.7
BAU,CNRM-CM5,rcp85,100,-151.6
BAU,HadGEM2-ES,rcp45,1,-591.9
BAU,HadGEM2-ES,rcp45,2,-648.6
BAU,HadGEM2-ES,rcp45,3,-613.8
BAU,HadGEM2-ES,rcp45,4,-618.3
BAU,HadGEM2-ES,rcp45,5,-640.7
BAU,HadGEM2-ES,rcp45,6,-638.4
BAU,HadGEM2-ES,rcp45,7,-609.1
BAU,HadGEM2-ES,rcp45,8,-591.2
BAU,HadGEM2-ES,rcp45,9,-586.3
BAU,HadGEM2-ES,rcp45,10,-633.9
BAU,HadGEM2-ES,rcp45,11,-615.4
BAU,HadGEM2-ES,rcp45,12,-600.7
BAU,HadGEM2-ES,rcp45,13,-604.2
BAU,HadGEM2-ES,rcp45,14,-594.5
BAU,HadGEM2-ES,rcp45,15,-624.1
BAU,HadGEM2-ES,rcp45,16,-606.8
BAU,HadGEM2-ES,rcp45,17,-625.1
BAU,HadGEM2-ES,rcp45,18,-653.3
BAU,HadGEM2-ES,rcp45,19,-598.7
BAU,HadGEM2-ES,rcp45,20,-618.5
BAU,HadGEM2-ES,rcp45,21,-633.9
BAU,HadGEM2-ES,rcp45,22,-617.2
BAU,HadGEM2-ES,rcp45,23,-623.6
BAU,HadGEM2-ES,rcp45,24,-596.6
BAU,HadGEM2-ES,rcp45,25,-616.4
BAU,HadGEM2-ES,rcp45,26,-614.2
BAU,HadGEM2-ES,rcp45,27,-610.5
BAU,HadGEM2-ES,rcp45,28,-600.7
BAU,HadGEM2-ES,rcp45,29,-600.1
BAU,HadGEM2-ES,rcp45,30,-652.4
BAU,HadGEM2-ES,rcp45,31,-622.2
BAU,HadGEM2-ES,rcp45,32,-610.7
BAU,HadGEM2-ES,rcp45,33,-648.9
BAU,HadGEM2-ES,rcp45,34,-643.4
BAU,HadGEM2-ES,rcp45,35,-577
BAU,HadGEM2-ES,rcp45,36,-578.3
BAU,HadGEM2-ES,rcp45,37,-570.3
BAU,HadGEM2-ES,rcp45,38,-620.5
BAU,HadGEM2-ES,rcp45,39,-623.8
BAU,HadGEM2-ES,rcp45,40,-634.9
BAU,HadGEM2-ES,rcp45,41,-654.9
BAU,HadGEM2-ES,rcp45,42,-587.5
BAU,HadGEM2-ES,rcp45,43,-614
BAU,HadGEM2-ES,rcp45,44,-596.2
BAU,HadGEM2-ES,rcp45,45,-614.6
BAU,HadGEM2-ES,rcp45,46,-636
BAU,HadGEM2-ES,rcp45,47,-623.5
BAU,HadGEM2-ES,rcp45,48,-593.6
BAU,HadGEM2-ES,rcp45,49,-612
BAU,HadGEM2-ES,rcp45,50,-624.1
BAU,HadGEM2-ES,rcp45,51,-610.6
BAU,HadGEM2-ES,rcp45,52,-654.1
BAU,HadGEM2-ES,rcp45,53,-623.7
BAU,HadGEM2-ES,rcp45,54,-612
BAU,HadGEM2-ES,rcp45,55,-570.3
BAU,HadGEM2-ES,rcp45,56,-653.5
BAU,HadGEM2-ES,rcp45,57,-599.1
BAU,HadGEM2-ES,rcp45,58,-624.7
BAU,HadGEM2-ES,rcp45,59,-612.5
BAU,HadGEM2-ES,rcp45,60,-594.3
BAU,HadGEM2-ES,rcp45,61,-628
BAU,HadGEM2-ES,rcp45,62,-618.6
BAU,HadGEM2-ES,rcp45,63,-614.9
BAU,HadGEM2-ES,rcp45,64,-588.5
BAU,HadGEM2-ES,rcp45,65,-643
BAU,HadGEM2-ES,rcp45,66,-597.1
BAU,HadGEM2-ES,rcp45,67,-599.8
BAU,HadGEM2-ES,rcp45,68,-559.8
BAU,HadGEM2-ES,rcp45,69,-574.2
BAU,HadGEM2-ES,rcp45,70,-601.5
BAU,HadGEM2-ES,rcp45,71,-580.3
BAU,HadGEM2-ES,rcp45,72,-613.3
BAU,HadGEM2-ES,rcp45,73,-578.5
BAU,HadGEM2-ES,rcp45,74,-633.4
BAU,HadGEM2-ES,rcp45,75,-620.9
BAU,HadGEM2-ES,rcp45,76,-628.2
BAU,HadGEM2-ES,rcp45,77,-611.9
BAU,HadGEM2-ES,rcp45,78,-601.5
BAU,HadGEM2-ES,rcp45,79,-653.4
BAU,HadGEM2-ES,rcp45,80,-605.8
BAU,HadGEM2-ES,rcp45,81,-597.5
BAU,HadGEM2-ES,rcp45,82,-596.5
BAU,HadGEM2-ES,rcp45,83,-618
BAU,HadGEM2-ES,rcp45,84,-569.3
BAU,HadGEM2-ES,rcp45,85,-619.1
BAU,HadGEM2-ES,rcp45,86,-642.2
BAU,HadGEM2-ES,rcp45,87,-627.6
BAU,HadGEM2-ES,rcp45,88,-669.4
BAU,HadGEM2-ES,rcp45,89,-638.3
BAU,HadGEM2-ES,rcp45,90,-643.4
BAU,HadGEM2-ES,rcp45,91,-647.7
BAU,HadGEM2-ES,rcp45,92,-597.7
BAU,HadGEM2-ES,rcp45,93,-619.9
BAU,HadGEM2-ES,rcp45,94,-606
BAU,HadGEM2-ES,rcp45,95,-626.4
BAU,HadGEM2-ES,rcp45,96,-612.3
BAU,HadGEM2-ES,rcp45,97,-601.5
BAU,HadGEM2-ES,rcp45,98,-643.2
BAU,HadGEM2-ES,rcp45,99,-612.8
BAU,HadGEM2-ES,rcp45,100,-636.8
BAU,HadGEM2-ES,rcp85,1,-936.4
BAU,HadGEM2-ES,rcp85,2,-908.7
BAU,HadGEM2-ES,rcp85,3,-868.3
BAU,HadGEM2-ES,rcp85,4,-902.7
BAU,HadGEM2-ES,rcp85,5,-862.5
BAU,HadGEM2-ES,rcp85,6,-880.9
BAU,HadGEM2-ES,rcp85,7,-864
BAU,HadGEM2-ES,rcp85,8,-882.9
BAU,HadGEM2-ES,rcp85,9,-870.9
BAU,HadGEM2-ES,rcp85,10,-891.5
BAU,HadGEM2-ES,rcp85,11,-859
BAU,HadGEM2-ES,rcp85,12,-890.1
BAU,HadGEM2-ES,rcp85,13,-863.5
BAU,HadGEM2-ES,rcp85,14,-873.7
BAU,HadGEM2-ES,rcp85,15,-884.9
BAU,HadGEM2-ES,rcp85,16,-854
BAU,HadGEM2-ES,rcp85,17,-922.2
BAU,HadGEM2-ES,rcp85,18,-868.5
BAU,HadGEM2-ES,rcp85,19,-926.3
BAU,HadGEM2-ES,rcp85,20,-843.2
BAU,HadGEM2-ES,rcp85,21,-907.4
BAU,HadGEM2-ES,rcp85,22,-851.6
BAU,HadGEM2-ES,rcp85,23,-925.3
BAU,HadGEM2-ES,rcp85,24,-881.7
BAU,HadGEM2-ES,rcp85,25,-872.2
BAU,HadGEM2-ES,rcp85,26,-896
BAU,HadGEM2-ES,rcp85,27,-906
BAU,HadGEM2-ES,rcp85,28,-902.5
BAU,HadGEM2-ES,rcp85,29,-913.4
BAU,HadGEM2-ES,rcp85,30,-877.3
BAU,HadGEM2-ES,rcp85,31,-876.9
BAU,HadGEM2-ES,rcp85,32,-891.1
BAU,HadGEM2-ES,rcp85,33,-890.2
BAU,HadGEM2-ES,rcp85,34,-888.5
BAU,HadGEM2-ES,rcp85,35,-907.5
BAU,HadGEM2-ES,rcp85,36,-901.9
BAU,HadGEM2-ES,rcp85,37,-870.8
BAU,HadGEM2-ES,rcp85,38,-876.2
BAU,HadGEM2-ES,rcp85,39,-881
BAU,HadGEM2-ES,rcp85,40,-893.2
BAU,HadGEM2-ES,rcp85,41,-864
BAU,HadGEM2-ES,rcp85,42,-917.5
BAU,HadGEM2-ES,rcp85,43,-882.4
BAU,HadGEM2-ES,rcp85,44,-893.2
BAU,HadGEM2-ES,rcp85,45,-824.2
BAU,HadGEM2-ES,rcp85,46,-894.2
BAU,HadGEM2-ES,rcp85,47,-876.3
BAU,HadGEM2-ES,rcp85,48,-885.1
BAU,HadGEM2-ES,rcp85,49,-916.6
BAU,HadGEM2-ES,rcp85,50,-861.7
BAU,HadGEM2-ES,rcp85,51,-924.6
BAU,HadGEM2-ES,rcp85,52,-867.1
BAU,HadGEM2-ES,rcp85,53,-862.4
BAU,HadGEM2-ES,rcp85,54,-873.8
BAU,HadGEM2-ES,rcp85,55,-894.7
BAU,HadGEM2-ES,rcp85,56,-882
BAU,HadGEM2-ES,rcp85,57,-839.8
BAU,HadGEM2-ES,rcp85,58,-890.3
BAU,HadGEM2-ES,rcp85,59,-876.9
BAU,HadGEM2-ES,rcp85,60,-840.6
BAU,HadGEM2-ES,rcp85,61,-877.4
BAU,HadGEM2-ES,rcp85,62,-870.3
BAU,HadGEM2-ES,rcp85,63,-845
BAU,HadGEM2-ES,rcp85,64,-864
BAU,HadGEM2-ES,rcp85,65,-889.4
BAU,HadGEM2-ES,rcp85,66,-875.9
BAU,HadGEM2-ES,rcp85,67,-874.3
BAU,HadGEM2-ES,rcp85,68,-839.8
BAU,HadGEM2-ES,rcp85,69,-906.8
BAU,HadGEM2-ES,rcp85,70,-895.3
BAU,HadGEM2-ES,rcp85,71,-859
BAU,HadGEM2-ES,rcp85,72,-851
BAU,HadGEM2-ES,rcp85,73,-854.4
BAU,HadGEM2-ES,rcp85,74,-901.4
BAU,HadGEM2-ES,rcp85,75,-830.8
BAU,HadGEM2-ES,rcp85,76,-875.7
BAU,HadGEM2-ES,rcp85,77,-865.2
BAU,HadGEM2-ES,rcp85,78,-871.2
BAU,HadGEM2-ES,rcp85,79,-888.9
BAU,HadGEM2-ES,rcp85,80,-871.2
BAU,HadGEM2-ES,rcp85,81,-909.3
BAU,HadGEM2-ES,rcp85,82,-891.3
BAU,HadGEM2-ES,rcp85,83,-837.4
BAU,HadGEM2-ES,rcp85,84,-884.6
BAU,HadGEM2-ES,rcp85,85,-843
BAU,HadGEM2-ES,rcp85,86,-840.6
BAU,HadGEM2-ES,rcp85,87,-928
BAU,HadGEM2-ES,rcp85,88,-870.6
BAU,HadGEM2-ES,rcp85,89,-906.1
BAU,HadGEM2-ES,rcp85,90,-870.1
BAU,HadGEM2-ES,rcp85,91,-895.2
BAU,HadGEM2-ES,rcp85,92,-882.8
BAU,HadGEM2-ES,rcp85,93,-926.7
BAU,HadGEM2-ES,rcp85,94,-900.2
BAU,HadGEM2-ES,rcp85,95,-919.1
BAU,HadGEM2-ES,rcp85,96,-848.3
BAU,HadGEM2-ES,rcp85,97,-892.8
BAU,HadGEM2-ES,rcp85,98,-842.5
BAU,HadGEM2-ES,rcp85,99,-874.8
BAU,HadGEM2-ES,rcp85,100,-893.2
BAU,MIROC5,rcp45,1,-726.3
BAU,MIROC5,rcp45,2,-706.4
BAU,MIROC5,rcp45,3,-687.1
BAU,MIROC5,rcp45,4,-731.9
BAU,MIROC5,rcp45,5,-738
BAU,MIROC5,rcp45,6,-738
BAU,MIROC5,rcp45,7,-711.3
BAU,MIROC5,rcp45,8,-715
BAU,MIROC5,rcp45,9,-673
BAU,MIROC5,rcp45,10,-710
BAU,MIROC5,rcp45,11,-710.3
BAU,MIROC5,rcp45,12,-688.5
BAU,MIROC5,rcp45,13,-725.8
BAU,MIROC5,rcp45,14,-687.3
BAU,MIROC5,rcp45,15,-719.6
BAU,MIROC5,rcp45,16,-725.3
BAU,MIROC5,rcp45,17,-728.8
BAU,MIROC5,rcp45,18,-715.7
BAU,MIROC5,rcp45,19,-715.7
BAU,MIROC5,rcp45,20,-690.3
BAU,MIROC5,rcp45,21,-707.7
BAU,MIROC5,rcp45,22,-649.1
BAU,MIROC5,rcp45,23,-661.6
BAU,MIROC5,rcp45,24,-752.6
BAU,MIROC5,rcp45,25,-682.1
BAU,MIROC5,rcp45,26,-696.4
BAU,MIROC5,rcp45,27,-692.7
BAU,MIROC5,rcp45,28,-680.2
BAU,MIROC5,rcp45,29,-692.6
BAU,MIROC5,rcp45,30,-692
BAU,MIROC5,rcp45,31,-697.5
BAU,MIROC5,rcp45,32,-715.7
BAU,MIROC5,rcp45,33,-683.7
BAU,MIROC5,rcp45,34,-721.8
BAU,MIROC5,rcp45,35,-710.4
BAU,MIROC5,rcp45,36,-667.4
BAU,MIROC5,rcp45,37,-697.8
BAU,MIROC5,rcp45,38,-719.2
BAU,MIROC5,rcp45,39,-741.7
BAU,MIROC5,rcp45,40,-710
BAU,MIROC5,rcp45,41,-710.2
BAU,MIROC5,rcp45,42,-716.2
BAU,MIROC5,rcp45,43,-704.6
BAU,MIROC5,rcp45,44,-690.4
BAU,MIROC5,rcp45,45,-720.9
BAU,MIROC5,rcp45,46,-692.5
BAU,MIROC5,rcp45,47,-756.9
BAU,MIROC5,rcp45,48,-700.5
BAU,MIROC5,rcp45,49,-725.5
BAU,MIROC5,rcp45,50,-675.2
BAU,MIROC5,rcp45,51,-673.3
BAU,MIROC5,rcp45,52,-721.6
BAU,MIROC5,rcp45,53,-723.1
BAU,MIROC5,rcp45,54,-719.1
BAU,MIROC5,rcp45,55,-684.2
BAU,MIROC5,rcp45,56,-669.9
BAU,MIROC5,rcp45,57,-703.6
BAU,MIROC5,rcp45,58,-733.1
BAU,MIROC5,rcp45,59,-740.3
BAU,MIROC5,rcp45,60,-684.2
BAU,MIROC5,rcp45,61,-677.7
BAU,MIROC5,rcp45,62,-691.8
BAU,MIROC5,rcp45,63,-715.9
BAU,MIROC5,rcp45,64,-700.5
BAU,MIROC5,rcp45,65,-779.7
BAU,MIROC5,rcp45,66,-718
BAU,MIROC5,rcp45,67,-730.8
BAU,MIROC5,rcp45,68,-726.6
BAU,MIROC5,rcp45,69,-695.7
BAU,MIROC5,rcp45,70,-721
BAU,MIROC5,rcp45,71,-714.9
BAU,MIROC5,rcp45,72,-656.9
BAU,MIROC5,rcp45,73,-758.9
BAU,MIROC5,rcp45,74,-681.2
BAU,MIROC5,rcp45,75,-688.4
BAU,MIROC5,rcp45,76,-707.7
BAU,MIROC5,rcp45,77,-695.7
BAU,MIROC5,rcp45,78,-722.7
BAU,MIROC5,rcp45,79,-692.1
BAU,MIROC5,rcp45,80,-729
BAU,MIROC5,rcp45,81,-688.7
BAU,MIROC5,rcp45,82,-722.8
BAU,MIROC5,rcp45,83,-692.8
BAU,MIROC5,rcp45,84,-713.9
BAU,MIROC5,rcp45,85,-709.2
BAU,MIROC5,rcp45,86,-737.7
BAU,MIROC5,rcp45,87,-722.9
BAU,MIROC5,rcp45,88,-725.8
BAU,MIROC5,rcp45,89,-709.4
BAU,MIROC5,rcp45,90,-706.8
BAU,MIROC5,rcp45,91,-703.7
BAU,MIROC5,rcp45,92,-746.5
BAU,MIROC5,rcp45,93,-693.5
BAU,MIROC5,rcp45,94,-693
BAU,MIROC5,rcp45,95,-709.4
BAU,MIROC5,rcp45,96,-718.7
BAU,MIROC5,rcp45,97,-733.7
BAU,MIROC5,rcp45,98,-664.8
BAU,MIROC5,rcp45,99,-689.5
BAU,MIROC5,rcp45,100,-730.5
BAU,MIROC5,rcp85,1,-823.2
BAU,MIROC5,rcp85,2,-796.5
BAU,MIROC5,rcp85,3,-875.3
BAU,MIROC5,rcp85,4,-783.4
BAU,MIROC5,rcp85,5,-756.9
BAU,MIROC5,rcp85,6,-790.7
BAU,MIROC5,rcp85,7,-792.5
BAU,MIROC5,rcp85,8,-845.3
BAU,MIROC5,rcp85,9,-835.2
BAU,MIROC5,rcp85,10,-764.7
BAU,MIROC5,rcp85,11,-816.4
BAU,MIROC5,rcp85,12,-842.4
BAU,MIROC5,rcp85,13,-753.3
BAU,MIROC5,rcp85,14,-754
BAU,MIROC5,rcp85,15,-805.6
BAU,MIROC5,rcp85,16,-828.2
BAU,MIROC5,rcp85,17,-815.2
BAU,MIROC5,rcp85,18,-820.2
BAU,MIROC5,rcp85,19,-756.9
BAU,MIROC5,rcp85,20,-771
BAU,MIROC5,rcp85,21,-803.4
BAU,MIROC5,rcp85,22,-771.6
BAU,MIROC5,rcp85,23,-806.5
BAU,MIROC5,rcp85,24,-785.6
BAU,MIROC5,rcp85,25,-788.1
BAU,MIROC5,rcp85,26,-810.9
BAU,MIROC5,rcp85,27,-815.8
BAU,MIROC5,rcp85,28,-832.8
BAU,MIROC5,rcp85,29,-788.9
BAU,MIROC5,rcp85,30,-810.9
BAU,MIROC5,rcp85,31,-773.1
BAU,MIROC5,rcp85,32,-809.7
BAU,MIROC5,rcp85,33,-838.2
BAU,MIROC5,rcp85,34,-777.1
BAU,MIROC5,rcp85,35,-793.5
BAU,MIROC5,rcp85,36,-838.5
BAU,MIROC5,rcp85,37,-831.4
BAU,MIROC5,rcp85,38,-787
BAU,MIROC5,rcp85,39,-810.5
BAU,MIROC5,rcp85,40,-761.4
BAU,MIROC5,rcp85,41,-871.8
BAU,MIROC5,rcp85,42,-800.1
BAU,MIROC5,rcp85,43,-825.6
BAU,MIROC5,rcp85,44,-832.5
BAU,MIROC5,rcp85,45,-752.7
BAU,MIROC5,rcp85,46,-821
BAU,MIROC5,rcp85,47,-780.7
BAU,MIROC5,rcp85,48,-824.7
BAU,MIROC5,rcp85,49,-784.5
BAU,MIROC5,rcp85,50,-753.2
BAU,MIROC5,rcp85,51,-772.9
BAU,MIROC5,rcp85,52,-809.5
BAU,MIROC5,rcp85,53,-832.5
BAU,MIROC5,rcp85,54,-837.5
BAU,MIROC5,rcp85,55,-831.2
BAU,MIROC5,rcp85,56,-887.7
BAU,MIROC5,rcp85,57,-791.3
BAU,MIROC5,rcp85,58,-758.9
BAU,MIROC5,rcp85,59,-825.1
BAU,MIROC5,rcp85,60,-809.9
BAU,MIROC5,rcp85,61,-791.3
BAU,MIROC5,rcp85,62,-801.3
BAU,MIROC5,rcp85,63,-811.3
BAU,MIROC5,rcp85,64,-837.9
BAU,MIROC5,rcp85,65,-845.9
BAU,MIROC5,rcp85,66,-817
BAU,MIROC5,rcp85,67,-863.5
BAU,MIROC5,rcp85,68,-830
BAU,MIROC5,rcp85,69,-805.7
BAU,MIROC5,rcp85,70,-799.9
BAU,MIROC5,rcp85,71,-804.6
BAU,MIROC5,rcp85,72,-785.7
BAU,MIROC5,rcp85,73,-800.9
BAU,MIROC5,rcp85,74,-782.8
BAU,MIROC5,rcp85,75,-790.9
BAU,MIROC5,rcp85,76,-798.1
BAU,MIROC5,rcp85,77,-806
BAU,MIROC5,rcp85,78,-744
BAU,MIROC5,rcp85,79,-802.9
BAU,MIROC5,rcp85,80,-784.9
BAU,MIROC5,rcp85,81,-763.9
BAU,MIROC5,rcp85,82,-857.5
BAU,MIROC5,rcp85,83,-825
BAU,MIROC5,rcp85,84,-802.2
BAU,MIROC5,rcp85,85,-805.8
BAU,MIROC5,rcp85,86,-747.2
BAU,MIROC5,rcp85,87,-789.9
BAU,MIROC5,rcp85,88,-807
BAU,MIROC5,rcp85,89,-758.9
BAU,MIROC5,rcp85,90,-795.1
BAU,MIROC5,rcp85,91,-819.2
BAU,MIROC5,rcp85,92,-774.2
BAU,MIROC5,rcp85,93,-762.3
BAU,MIROC5,rcp85,94,-790.1
BAU,MIROC5,rcp85,95,-754.7
BAU,MIROC5,rcp85,96,-800.9
BAU,MIROC5,rcp85,97,-819.5
BAU,MIROC5,rcp85,98,-776.8
BAU,MIROC5,rcp85,99,-822.8
BAU,MIROC5,rcp85,100,-803.4
High,CanESM2,rcp45,1,-348.5
High,CanESM2,rcp45,2,-375
High,CanESM2,rcp45,3,-368.9
High,CanESM2,rcp45,4,-365.1
High,CanESM2,rcp45,5,-370.7
High,CanESM2,rcp45,6,-368.2
High,CanESM2,rcp45,7,-360.5
High,CanESM2,rcp45,8,-399.5
High,CanESM2,rcp45,9,-357.9
High,CanESM2,rcp45,10,-400.2
High,CanESM2,rcp45,11,-390.7
High,CanESM2,rcp45,12,-371.1
High,CanESM2,rcp45,13,-375.4
High,CanESM2,rcp45,14,-380.2
High,CanESM2,rcp45,15,-362.2
High,CanESM2,rcp45,16,-409.8
High,CanESM2,rcp45,17,-374.6
High,CanESM2,rcp45,18,-369
High,CanESM2,rcp45,19,-372.5
High,CanESM2,rcp45,20,-363.8
High,CanESM2,rcp45,21,-390.8
High,CanESM2,rcp45,22,-375.7
High,CanESM2,rcp45,23,-394.4
High,CanESM2,rcp45,24,-404.4
High,CanESM2,rcp45,25,-340.5
High,CanESM2,rcp45,26,-366
High,CanESM2,rcp45,27,-371.8
High,CanESM2,rcp45,28,-375.2
High,CanESM2,rcp45,29,-387.3
High,CanESM2,rcp45,30,-386.4
High,CanESM2,rcp45,31,-333.3
High,CanESM2,rcp45,32,-378.2
High,CanESM2,rcp45,33,-387.1
High,CanESM2,rcp45,34,-374.6
High,CanESM2,rcp45,35,-381.6
High,CanESM2,rcp45,36,-364.7
High,CanESM2,rcp45,37,-390.9
High,CanESM2,rcp45,38,-355.4
High,CanESM2,rcp45,39,-331.6
High,CanESM2,rcp45,40,-352.4
High,CanESM2,rcp45,41,-369.9
High,CanESM2,rcp45,42,-391.9
High,CanESM2,rcp45,43,-375.8
High,CanESM2,rcp45,44,-375.2
High,CanESM2,rcp45,45,-373.6
High,CanESM2,rcp45,46,-376.2
High,CanESM2,rcp45,47,-354.8
High,CanESM2,rcp45,48,-354.9
High,CanESM2,rcp45,49,-398.9
High,CanESM2,rcp45,50,-367.6
High,CanESM2,rcp45,51,-389.6
High,CanESM2,rcp45,52,-357.2
High,CanESM2,rcp45,53,-354
High,CanESM2,rcp45,54,-363.6
High,CanESM2,rcp45,55,-361.3
High,CanESM2,rcp45,56,-375.3
High,CanESM2,rcp45,57,-366.3
High,CanESM2,rcp45,58,-371
High,CanESM2,rcp45,59,-347
High,CanESM2,rcp45,60,-349.5
High,CanESM2,rcp45,61,-345.9
High,CanESM2,rcp45,62,-373.1
High,CanESM2,rcp45,63,-324.1
High,CanESM2,rcp45,64,-415.6
High,CanESM2,rcp45,65,-363.6
High,CanESM2,rcp45,66,-399.2
High,CanESM2,rcp45,67,-354.7
High,CanESM2,rcp45,68,-374.5
High,CanESM2,rcp45,69,-353
High,CanESM2,rcp45,70,-359.5
High,CanESM2,rcp45,71,-382.1
High,CanESM2,rcp45,72,-343.5
High,CanESM2,rcp45,73,-351
High,CanESM2,rcp45,74,-392.3
High,CanESM2,rcp45,75,-363.4
High,CanESM2,rcp45,76,-366.4
High,CanESM2,rcp45,77,-383.3
High,CanESM2,rcp45,78,-356.8
High,CanESM2,rcp45,79,-345.7
High,CanESM2,rcp45,80,-353.2
High,CanESM2,rcp45,81,-403.9
High,CanESM2,rcp45,82,-375.5
High,CanESM2,rcp45,83,-374.6
High,CanESM2,rcp45,84,-350.7
High,CanESM2,rcp45,85,-335.9
High,CanESM2,rcp45,86,-360.9
High,CanESM2,rcp45,87,-375.1
High,CanESM2,rcp45,88,-365
High,CanESM2,rcp45,89,-368.3
High,CanESM2,rcp45,90,-364.8
High,CanESM2,rcp45,91,-362.3
High,CanESM2,rcp45,92,-363.6
High,CanESM2,rcp45,93,-335.9
High,CanESM2,rcp45,94,-405.6
High,CanESM2,rcp45,95,-351.2
High,CanESM2,rcp45,96,-375
High,CanESM2,rcp45,97,-377.4
High,CanESM2,rcp45,98,-377.3
High,CanESM2,rcp45,99,-344.8
High,CanESM2,rcp45,100,-363.6
High,CanESM2,rcp85,1,-287.9
High,CanESM2,rcp85,2,-319
High,CanESM2,rcp85,3,-313.8
High,CanESM2,rcp85,4,-276.4
High,CanESM2,rcp85,5,-290.3
High,CanESM2,rcp85,6,-275
High,CanESM2,rcp85,7,-271.8
High,CanESM2,rcp85,8,-273.8
High,CanESM2,rcp85,9,-246.7
High,CanESM2,rcp85,10,-274.4
High,CanESM2,rcp85,11,-333
High,CanESM2,rcp85,12,-318.2
High,CanESM2,rcp85,13,-252.3
High,CanESM2,rcp85,14,-212.1
High,CanESM2,rcp85,15,-309.1
High,CanESM2,rcp85,16,-279.6
High,CanESM2,rcp85,17,-274.2
High,CanESM2,rcp85,18,-334
High,CanESM2,rcp85,19,-284.7
High,CanESM2,rcp85,20,-285.4
High,CanESM2,rcp85,21,-255.2
High,CanESM2,rcp85,22,-245.8
High,CanESM2,rcp85,23,-313.6
High,CanESM2,rcp85,24,-267.5
High,CanESM2,rcp85,25,-260.7
High,CanESM2,rcp85,26,-253.4
High,CanESM2,rcp85,27,-261.6
High,CanESM2,rcp85,28,-243.8
High,CanESM2,rcp85,29,-305
High,CanESM2,rcp85,30,-320
High,CanESM2,rcp85,31,-327.5
High,CanESM2,rcp85,32,-354.5
High,CanESM2,rcp85,33,-274.4
High,CanESM2,rcp85,34,-315.9
High,CanESM2,rcp85,35,-308.6
High,CanESM2,rcp85,36,-302.8
High,CanESM2,rcp85,37,-336.6
High,CanESM2,rcp85,38,-297.2
High,CanESM2,rcp85,39,-323.9
High,CanESM2,rcp85,40,-314.7
High,CanESM2,rcp85,41,-354.5
High,CanESM2,rcp85,42,-308.4
High,CanESM2,rcp85,43,-243.3
High,CanESM2,rcp85,44,-302.8
High,CanESM2,rcp85,45,-289.7
High,CanESM2,rcp85,46,-258.2
High,CanESM2,rcp85,47,-323
High,CanESM2,rcp85,48,-318.8
High,CanESM2,rcp85,49,-313.7
High,CanESM2,rcp85,50,-284.9
High,CanESM2,rcp85,51,-232
High,CanESM2,rcp85,52,-269.8
High,CanESM2,rcp85,53,-320.1
High,CanESM2,rcp85,54,-296.4
High,CanESM2,rcp85,55,-326.2
High,CanESM2,rcp85,56,-289.9
High,CanESM2,rcp85,57,-278.7
High,CanESM2,rcp85,58,-341.2
High,CanESM2,rcp85,59,-283.1
High,CanESM2,rcp85,60,-347.3
High,CanESM2,rcp85,61,-307
High,CanESM2,rcp85,62,-292.6
High,CanESM2,rcp85,63,-286.5
High,CanESM2,rcp85,64,-297
High,CanESM2,rcp85,65,-341.2
High,CanESM2,rcp85,66,-306.9
High,CanESM2,rcp85,67,-268.5
High,CanESM2,rcp85,68,-303.2
High,CanESM2,rcp85,69,-223.9
High,CanESM2,rcp85,70,-336.6
High,CanESM2,rcp85,71,-339.5
High,CanESM2,rcp85,72,-264.3
High,CanESM2,rcp85,73,-267.1
High,CanESM2,rcp85,74,-259.9
High,CanESM2,rcp85,75,-313.2
High,CanESM2,rcp85,76,-282.1
High,CanESM2,rcp85,77,-336.3
High,CanESM2,rcp85,78,-361.3
High,CanESM2,rcp85,79,-344.3
High,CanESM2,rcp85,80,-293.5
High,CanESM2,rcp85,81,-312.9
High,CanESM2,rcp85,82,-300.6
High,CanESM2,rcp85,83,-323.5
High,CanESM2,rcp85,84,-295
High,CanESM2,rcp85,85,-245.2
High,CanESM2,rcp85,86,-277.6
High,CanESM2,rcp85,87,-255.2
High,CanESM2,rcp85,88,-326
High,CanESM2,rcp85,89,-301.4
High,CanESM2,rcp85,90,-313.2
High,CanESM2,rcp85,91,-254.9
High,CanESM2,rcp85,92,-349.4
High,CanESM2,rcp85,93,-324.9
High,CanESM2,rcp85,94,-245.2
High,CanESM2,rcp85,95,-278.8
High,CanESM2,rcp85,96,-293.2
High,CanESM2,rcp85,97,-295.7
High,CanESM2,rcp85,98,-341.2
High,CanESM2,rcp85,99,-328.4
High,CanESM2,rcp85,100,-345.9
High,CNRM-CM5,rcp45,1,-106.7
High,CNRM-CM5,rcp45,2,-114.9
High,CNRM-CM5,rcp45,3,-100.8
High,CNRM-CM5,rcp45,4,-128.4
High,CNRM-CM5,rcp45,5,-157.3
High,CNRM-CM5,rcp45,6,-94.4
High,CNRM-CM5,rcp45,7,-124
High,CNRM-CM5,rcp45,8,-115.8
High,CNRM-CM5,rcp45,9,-112.3
High,CNRM-CM5,rcp45,10,-111.2
High,CNRM-CM5,rcp45,11,-73.3
High,CNRM-CM5,rcp45,12,-137
High,CNRM-CM5,rcp45,13,-129.7
High,CNRM-CM5,rcp45,14,-150.4
High,CNRM-CM5,rcp45,15,-101.9
High,CNRM-CM5,rcp45,16,-116.6
High,CNRM-CM5,rcp45,17,-128.4
High,CNRM-CM5,rcp45,18,-111.1
High,CNRM-CM5,rcp45,19,-72
High,CNRM-CM5,rcp45,20,-95.9
High,CNRM-CM5,rcp45,21,-117.9
High,CNRM-CM5,rcp45,22,-111.7
High,CNRM-CM5,rcp45,23,-86
High,CNRM-CM5,rcp45,24,-71.1
High,CNRM-CM5,rcp45,25,-160.4
High,CNRM-CM5,rcp45,26,-136.6
High,CNRM-CM5,rcp45,27,-107.2
High,CNRM-CM5,rcp45,28,-126.4
High,CNRM-CM5,rcp45,29,-121.5
High,CNRM-CM5,rcp45,30,-85.9
High,CNRM-CM5,rcp45,31,-93.8
High,CNRM-CM5,rcp45,32,-118.7
High,CNRM-CM5,rcp45,33,-103.7
High,CNRM-CM5,rcp45,34,-102.2
High,CNRM-CM5,rcp45,35,-74.4
High,CNRM-CM5,rcp45,36,-108.2
High,CNRM-CM5,rcp45,37,-108.2
High,CNRM-CM5,rcp45,38,-128.9
High,CNRM-CM5,rcp45,39,-133.7
High,CNRM-CM5,rcp45,40,-95.6
High,CNRM-CM5,rcp45,41,-79.4
High,CNRM-CM5,rcp45,42,-137.8
High,CNRM-CM5,rcp45,43,-133.7
High,CNRM-CM5,rcp45,44,-124.1
High,CNRM-CM5,rcp45,45,-142.8
High,CNRM-CM5,rcp45,46,-114.3
High,CNRM-CM5,rcp45,47,-114.9
High,CNRM-CM5,rcp45,48,-117.6
High,CNRM-CM5,rcp45,49,-155.4
High,CNRM-CM5,rcp45,50,-119.7
High,CNRM-CM5,rcp45,51,-117.5
High,CNRM-CM5,rcp45,52,-118.5
High,CNRM-CM5,rcp45,53,-149.9
High,CNRM-CM5,rcp45,54,-104.3
High,CNRM-CM5,rcp45,55,-76.2
High,CNRM-CM5,rcp45,56,-96.2
High,CNRM-CM5,rcp45,57,-93.7
High,CNRM-CM5,rcp45,58,-169.8
High,CNRM-CM5,rcp45,59,-137.5
High,CNRM-CM5,rcp45,60,-151.9
High,CNRM-CM5,rcp45,61,-135.2
High,CNRM-CM5,rcp45,62,-95.7
High,CNRM-CM5,rcp45,63,-125.3
High,CNRM-CM5,rcp45,64,-153
High,CNRM-CM5,rcp45,65,-108.3
High,CNRM-CM5,rcp45,66,-108.7
High,CNRM-CM5,rcp45,67,-108
High,CNRM-CM5,rcp45,68,-118.9
High,CNRM-CM5,rcp45,69,-128.6
High,CNRM-CM5,rcp45,70,-118.8
High,CNRM-CM5,rcp45,71,-137.7
High,CNRM-CM5,rcp45,72,-132.7
High,CNRM-CM5,rcp45,73,-140.5
High,CNRM-CM5,rcp45,74,-153
High,CNRM-CM5,rcp45,75,-150.4
High,CNRM-CM5,rcp45,76,-153.3
High,CNRM-CM5,rcp45,77,-87.7
High,CNRM-CM5,rcp45,78,-117.7
High,CNRM-CM5,rcp45,79,-124.6
High,CNRM-CM5,rcp45,80,-118
High,CNRM-CM5,rcp45,81,-109.4
High,CNRM-CM5,rcp45,82,-165.4
High,CNRM-CM5,rcp45,83,-145.7
High,CNRM-CM5,rcp45,84,-129.7
High,CNRM-CM5,rcp45,85,-117.7
High,CNRM-CM5,rcp45,86,-121
High,CNRM-CM5,rcp45,87,-112.3
High,CNRM-CM5,rcp45,88,-141.5
High,CNRM-CM5,rcp45,89,-128.7
High,CNRM-CM5,rcp45,90,-111.9
High,CNRM-CM5,rcp45,91,-128.7
High,CNRM-CM5,rcp45,92,-139.6
High,CNRM-CM5,rcp45,93,-107.1
High,CNRM-CM5,rcp45,94,-114.5
High,CNRM-CM5,rcp45,95,-126
High,CNRM-CM5,rcp45,96,-95.9
High,CNRM-CM5,rcp45,97,-167.9
High,CNRM-CM5,rcp45,98,-83
High,CNRM-CM5,rcp45,99,-84.5
High,CNRM-CM5,rcp45,100,-133.9
High,CNRM-CM5,rcp85,1,-231.7
High,CNRM-CM5,rcp85,2,-180.1
High,CNRM-CM5,rcp85,3,-229.3
High,CNRM-CM5,rcp85,4,-243.2
High,CNRM-CM5,rcp85,5,-223.4
High,CNRM-CM5,rcp85,6,-180
High,CNRM-CM5,rcp85,7,-288.2
High,CNRM-CM5,rcp85,8,-283.6
High,CNRM-CM5,rcp85,9,-288.1
High,CNRM-CM5,rcp85,10,-211.8
High,CNRM-CM5,rcp85,11,-243.2
High,CNRM-CM5,rcp85,12,-225.1
High,CNRM-CM5,rcp85,13,-251.2
High,CNRM-CM5,rcp85,14,-195.7
High,CNRM-CM5,rcp85,15,-259.6
High,CNRM-CM5,rcp85,16,-266.4
High,CNRM-CM5,rcp85,17,-263.6
High,CNRM-CM5,rcp85,18,-189.6
High,CNRM-CM5,rcp85,19,-249.5
High,CNRM-CM5,rcp85,20,-247.2
High,CNRM-CM5,rcp85,21,-185.4
High,CNRM-CM5,rcp85,22,-192.4
High,CNRM-CM5,rcp85,23,-228.2
High,CNRM-CM5,rcp85,24,-205.1
High,CNRM-CM5,rcp85,25,-228.8
High,CNRM-CM5,rcp85,26,-187.1
High,CNRM-CM5,rcp85,27,-214.5
High,CNRM-CM5,rcp85,28,-196.5
High,CNRM-CM5,rcp85,29,-223.9
High,CNRM-CM5,rcp85,30,-253.4
High,CNRM-CM5,rcp85,31,-235.3
High,CNRM-CM5,rcp85,32,-198.2
High,CNRM-CM5,rcp85,33,-248
High,CNRM-CM5,rcp85,34,-242.2
High,CNRM-CM5,rcp85,35,-238.7
High,CNRM-CM5,rcp85,36,-196.8
High,CNRM-CM5,rcp85,37,-236.1
High,CNRM-CM5,rcp85,38,-197.4
High,CNRM-CM5,rcp85,39,-165.8
High,CNRM-CM5,rcp85,40,-227
High,CNRM-CM5,rcp85,41,-211.5
High,CNRM-CM5,rcp85,42,-232.6
High,CNRM-CM5,rcp85,43,-269.2
High,CNRM-CM5,rcp85,44,-240.7
High,CNRM-CM5,rcp85,45,-242.4
High,CNRM-CM5,rcp85,46,-201
High,CNRM-CM5,rcp85,47,-233.7
High,CNRM-CM5,rcp85,48,-202.1
High,CNRM-CM5,rcp85,49,-249.4
High,CNRM-CM5,rcp85,50,-214.3
High,CNRM-CM5,rcp85,51,-174.2
High,CNRM-CM5,rcp85,52,-212.6
High,CNRM-CM5,rcp85,53,-220.7
High,CNRM-CM5,rcp85,54,-259.5
High,CNRM-CM5,rcp85,55,-262.5
High,CNRM-CM5,rcp85,56,-211.4
High,CNRM-CM5,rcp85,57,-244.4
High,CNRM-CM5,rcp85,58,-220.8
High,CNRM-CM5,rcp85,59,-216.5
High,CNRM-CM5,rcp85,60,-179.1
High,CNRM-CM5,rcp85,61,-232.5
High,CNRM-CM5,rcp85,62,-192.2
High,CNRM-CM5,rcp85,63,-229.7
High,CNRM-CM5,rcp85,64,-214.8
High,CNRM-CM5,rcp85,65,-235
High,CNRM-CM5,rcp85,66,-248
High,CNRM-CM5,rcp85,67,-202.1
High,CNRM-CM5,rcp85,68,-211.3
High,CNRM-CM5,rcp85,69,-241.1
High,CNRM-CM5,rcp85,70,-233.8
High,CNRM-CM5,rcp85,71,-223.1
High,CNRM-CM5,rcp85,72,-245.5
High,CNRM-CM5,rcp85,73,-192.5
High,CNRM-CM5,rcp85,74,-198.2
High,CNRM-CM5,rcp85,75,-198.9
High,CNRM-CM5,rcp85,76,-233.7
High,CNRM-CM5,rcp85,77,-248.6
High,CNRM-CM5,rcp85,78,-188.7
High,CNRM-CM5,rcp85,79,-207.5
High,CNRM-CM5,rcp85,80,-248.2
High,CNRM-CM5,rcp85,81,-197.4
High,CNRM-CM5,rcp85,82,-220.7
High,CNRM-CM5,rcp85,83,-181.4
High,CNRM-CM5,rcp85,84,-196.8
High,CNRM-CM5,rcp85,85,-194.7
High,CNRM-CM5,rcp85,86,-194.7
High,CNRM-CM5,rcp85,87,-245
High,CNRM-CM5,rcp85,88,-195.2
High,CNRM-CM5,rcp85,89,-194.5
High,CNRM-CM5,rcp85,90,-204.3
High,CNRM-CM5,rcp85,91,-227.2
High,CNRM-CM5,rcp85,92,-223.1
High,CNRM-CM5,rcp85,93,-161.9
High,CNRM-CM5,rcp85,94,-192.2
High,CNRM-CM5,rcp85,95,-208.4
High,CNRM-CM5,rcp85,96,-231.3
High,CNRM-CM5,rcp85,97,-237.1
High,CNRM-CM5,rcp85,98,-235.3
High,CNRM-CM5,rcp85,99,-273.6
High,CNRM-CM5,rcp85,100,-231.1
High,HadGEM2-ES,rcp45,1,-650.3
High,HadGEM2-ES,rcp45,2,-642.1
High,HadGEM2-ES,rcp45,3,-670.8
High,HadGEM2-ES,rcp45,4,-643
High,HadGEM2-ES,rcp45,5,-667.5
High,HadGEM2-ES,rcp45,6,-633.5
High,HadGEM2-ES,rcp45,7,-653.7
High,HadGEM2-ES,rcp45,8,-678.9
High,HadGEM2-ES,rcp45,9,-631.6
High,HadGEM2-ES,rcp45,10,-667.8
High,HadGEM2-ES,rcp45,11,-647.4
High,HadGEM2-ES,rcp45,12,-650.2
High,HadGEM2-ES,rcp45,13,-630.1
High,HadGEM2-ES,rcp45,14,-678.3
High,HadGEM2-ES,rcp45,15,-652.6
High,HadGEM2-ES,rcp45,16,-666.9
High,HadGEM2-ES,rcp45,17,-641.9
High,HadGEM2-ES,rcp45,18,-665.5
High,HadGEM2-ES,rcp45,19,-652.1
High,HadGEM2-ES,rcp45,20,-712.2
High,HadGEM2-ES,rcp45,21,-643.8
High,HadGEM2-ES,rcp45,22,-662.9
High,HadGEM2-ES,rcp45,23,-705.1
High,HadGEM2-ES,rcp45,24,-669.2
High,HadGEM2-ES,rcp45,25,-643.5
High,HadGEM2-ES,rcp45,26,-681.6
High,HadGEM2-ES,rcp45,27,-647.5
High,HadGEM2-ES,rcp45,28,-634
High,HadGEM2-ES,rcp45,29,-663.9
High,HadGEM2-ES,rcp45,30,-651.2
High,HadGEM2-ES,rcp45,31,-662.4
High,HadGEM2-ES,rcp45,32,-689.1
High,HadGEM2-ES,rcp45,33,-633.9
High,HadGEM2-ES,rcp45,34,-629.5
High,HadGEM2-ES,rcp45,35,-679.3
High,HadGEM2-ES,rcp45,36,-636.7
High,HadGEM2-ES,rcp45,37,-623.2
High,HadGEM2-ES,rcp45,38,-645.3
High,HadGEM2-ES,rcp45,39,-677.1
High,HadGEM2-ES,rcp45,40,-640.9
High,HadGEM2-ES,rcp45,41,-648.7
High,HadGEM2-ES,rcp45,42,-634.9
High,HadGEM2-ES,rcp45,43,-700.4
High,HadGEM2-ES,rcp45,44,-664.8
High,HadGEM2-ES,rcp45,45,-715.7
High,HadGEM2-ES,rcp45,46,-661.8
High,HadGEM2-ES,rcp45,47,-595.2
High,HadGEM2-ES,rcp45,48,-658.8
High,HadGEM2-ES,rcp45,49,-652
High,HadGEM2-ES,rcp45,50,-623.9
High,HadGEM2-ES,rcp45,51,-624.8
High,HadGEM2-ES,rcp45,52,-692.2
High,HadGEM2-ES,rcp45,53,-647
High,HadGEM2-ES,rcp45,54,-658.5
High,HadGEM2-ES,rcp45,55,-605
High,HadGEM2-ES,rcp45,56,-682.8
High,HadGEM2-ES,rcp45,57,-666.1
High,HadGEM2-ES,rcp45,58,-661.1
High,HadGEM2-ES,rcp45,59,-674.7
High,HadGEM2-ES,rcp45,60,-664.1
High,HadGEM2-ES,rcp45,61,-704
High,HadGEM2-ES,rcp45,62,-610
High,HadGEM2-ES,rcp45,63,-636.2
High,HadGEM2-ES,rcp45,64,-659.4
High,HadGEM2-ES,rcp45,65,-669.2
High,HadGEM2-ES,rcp45,66,-670.3
High,HadGEM2-ES,rcp45,67,-675.3
High,HadGEM2-ES,rcp45,68,-693.7
High,HadGEM2-ES,rcp45,69,-659.1
High,HadGEM2-ES,rcp45,70,-662.7
High,HadGEM2-ES,rcp45,71,-639.5
High,HadGEM2-ES,rcp45,72,-631.5
High,HadGEM2-ES,rcp45,73,-616.2
High,HadGEM2-ES,rcp45,74,-636.2
High,HadGEM2-ES,rcp45,75,-662
High,HadGEM2-ES,rcp45,76,-693.9
High,HadGEM2-ES,rcp45,77,-670
High,HadGEM2-ES,rcp45,78,-619.5
High,HadGEM2-ES,rcp45,79,-676.8
High,HadGEM2-ES,rcp45,80,-673.3
High,HadGEM2-ES,rcp45,81,-687.2
High,HadGEM2-ES,rcp45,82,-652.2
High,HadGEM2-ES,rcp45,83,-641.2
High,HadGEM2-ES,rcp45,84,-671.6
High,HadGEM2-ES,rcp45,85,-690
High,HadGEM2-ES,rcp45,86,-641.3
High,HadGEM2-ES,rcp45,87,-667.3
High,HadGEM2-ES,rcp45,88,-654.5
High,HadGEM2-ES,rcp45,89,-670.9
High,HadGEM2-ES,rcp45,90,-648.5
High,HadGEM2-ES,rcp45,91,-660.3
High,HadGEM2-ES,rcp45,92,-655.9
High,HadGEM2-ES,rcp45,93,-681.3
High,HadGEM2-ES,rcp45,94,-659.4
High,HadGEM2-ES,rcp45,95,-654.5
High,HadGEM2-ES,rcp45,96,-617.8
High,HadGEM2-ES,rcp45,97,-634.9
High,HadGEM2-ES,rcp45,98,-672.1
High,HadGEM2-ES,rcp45,99,-687
High,HadGEM2-ES,rcp45,100,-619.7
High,HadGEM2-ES,rcp85,1,-955.7
High,HadGEM2-ES,rcp85,2,-920.7
High,HadGEM2-ES,rcp85,3,-924.5
High,HadGEM2-ES,rcp85,4,-923.1
High,HadGEM2-ES,rcp85,5,-954.2
High,HadGEM2-ES,rcp85,6,-925.7
High,HadGEM2-ES,rcp85,7,-934.2
High,HadGEM2-ES,rcp85,8,-918.9
High,HadGEM2-ES,rcp85,9,-912.2
High,HadGEM2-ES,rcp85,10,-935.2
High,HadGEM2-ES,rcp85,11,-918
High,HadGEM2-ES,rcp85,12,-902.8
High,HadGEM2-ES,rcp85,13,-949.7
High,HadGEM2-ES,rcp85,14,-964.3
High,HadGEM2-ES,rcp85,15,-899.6
High,HadGEM2-ES,rcp85,16,-879.3
High,HadGEM2-ES,rcp85,17,-946.6
High,HadGEM2-ES,rcp85,18,-913.4
High,HadGEM2-ES,rcp85,19,-949
High,HadGEM2-ES,rcp85,20,-943.2
High,HadGEM2-ES,rcp85,21,-930
High,HadGEM2-ES,rcp85,22,-912.2
High,HadGEM2-ES,rcp85,23,-975.8
High,HadGEM2-ES,rcp85,24,-931.3
High,HadGEM2-ES,rcp85,25,-895.1
High,HadGEM2-ES,rcp85,26,-926.6
High,HadGEM2-ES,rcp85,27,-890.4
High,HadGEM2-ES,rcp85,28,-911.1
High,HadGEM2-ES,rcp85,29,-907.9
High,HadGEM2-ES,rcp85,30,-942.4
High,HadGEM2-ES,rcp85,31,-914.6
High,HadGEM2-ES,rcp85,32,-867.2
High,HadGEM2-ES,rcp85,33,-930.4
High,HadGEM2-ES,rcp85,34,-863.6
High,HadGEM2-ES,rcp85,35,-876.8
High,HadGEM2-ES,rcp85,36,-861.2
High,HadGEM2-ES,rcp85,37,-904.3
High,HadGEM2-ES,rcp85,38,-928.7
High,HadGEM2-ES,rcp85,39,-911.4
High,HadGEM2-ES,rcp85,40,-926.6
High,HadGEM2-ES,rcp85,41,-918.6
High,HadGEM2-ES,rcp85,42,-869.6
High,HadGEM2-ES,rcp85,43,-890.2
High,HadGEM2-ES,rcp85,44,-913.4
High,HadGEM2-ES,rcp85,45,-874.3
High,HadGEM2-ES,rcp85,46,-913.9
High,HadGEM2-ES,rcp85,47,-925
High,HadGEM2-ES,rcp85,48,-912
High,HadGEM2-ES,rcp85,49,-902.7
High,HadGEM2-ES,rcp85,50,-935.3
High,HadGEM2-ES,rcp85,51,-910.4
High,HadGEM2-ES,rcp85,52,-925.2
High,HadGEM2-ES,rcp85,53,-907.1
High,HadGEM2-ES,rcp85,54,-907
High,HadGEM2-ES,rcp85,55,-925.7
High,HadGEM2-ES,rcp85,56,-910.6
High,HadGEM2-ES,rcp85,57,-929.9
High,HadGEM2-ES,rcp85,58,-951.7
High,HadGEM2-ES,rcp85,59,-894.8
High,HadGEM2-ES,rcp85,60,-904.6
High,HadGEM2-ES,rcp85,61,-929.8
High,HadGEM2-ES,rcp85,62,-899.3
High,HadGEM2-ES,rcp85,63,-931.7
High,HadGEM2-ES,rcp85,64,-924.1
High,HadGEM2-ES,rcp85,65,-886.9
High,HadGEM2-ES,rcp85,66,-879.7
High,HadGEM2-ES,rcp85,67,-875.5
High,HadGEM2-ES,rcp85,68,-919.1
High,HadGEM2-ES,rcp85,69,-932.6
High,HadGEM2-ES,rcp85,70,-907.4
High,HadGEM2-ES,rcp85,71,-919.7
High,HadGEM2-ES,rcp85,72,-924.6
High,HadGEM2-ES,rcp85,73,-899.8
High,HadGEM2-ES,rcp85,74,-913.9
High,HadGEM2-ES,rcp85,75,-926.9
High,HadGEM2-ES,rcp85,76,-904.9
High,HadGEM2-ES,rcp85,77,-912.3
High,HadGEM2-ES,rcp85,78,-934.6
High,HadGEM2-ES,rcp85,79,-930.9
High,HadGEM2-ES,rcp85,80,-886
High,HadGEM2-ES,rcp85,81,-899.3
High,HadGEM2-ES,rcp85,82,-942.2
High,HadGEM2-ES,rcp85,83,-932.2
High,HadGEM2-ES,rcp85,84,-947.9
High,HadGEM2-ES,rcp85,85,-855.2
High,HadGEM2-ES,rcp85,86,-944.5
High,HadGEM2-ES,rcp85,87,-949.9
High,HadGEM2-ES,rcp85,88,-926.8
High,HadGEM2-ES,rcp85,89,-885.9
High,HadGEM2-ES,rcp85,90,-902.7
High,HadGEM2-ES,rcp85,91,-929.5
High,HadGEM2-ES,rcp85,92,-910.1
High,HadGEM2-ES,rcp85,93,-931.6
High,HadGEM2-ES,rcp85,94,-903.5
High,HadGEM2-ES,rcp85,95,-917.6
High,HadGEM2-ES,rcp85,96,-927.4
High,HadGEM2-ES,rcp85,97,-916.9
High,HadGEM2-ES,rcp85,98,-914.6
High,HadGEM2-ES,rcp85,99,-948.7
High,HadGEM2-ES,rcp85,100,-893.4
High,MIROC5,rcp45,1,-741.1
High,MIROC5,rcp45,2,-756.4
High,MIROC5,rcp45,3,-730.7
High,MIROC5,rcp45,4,-756.7
High,MIROC5,rcp45,5,-735
High,MIROC5,rcp45,6,-733.3
High,MIROC5,rcp45,7,-725.5
High,MIROC5,rcp45,8,-720.3
High,MIROC5,rcp45,9,-738.6
High,MIROC5,rcp45,10,-760.2
High,MIROC5,rcp45,11,-744.2
High,MIROC5,rcp45,12,-729.2
High,MIROC5,rcp45,13,-746.7
High,MIROC5,rcp45,14,-703.9
High,MIROC5,rcp45,15,-756.3
High,MIROC5,rcp45,16,-733.1
High,MIROC5,rcp45,17,-778.5
High,MIROC5,rcp45,18,-769.2
High,MIROC5,rcp45,19,-767.1
High,MIROC5,rcp45,20,-754.2
High,MIROC5,rcp45,21,-717.7
High,MIROC5,rcp45,22,-745.6
High,MIROC5,rcp45,23,-727.4
High,MIROC5,rcp45,24,-745.9
High,MIROC5,rcp45,25,-765.8
High,MIROC5,rcp45,26,-737.5
High,MIROC5,rcp45,27,-761.1
High,MIROC5,rcp45,28,-726.9
High,MIROC5,rcp45,29,-719.9
High,MIROC5,rcp45,30,-753.7
High,MIROC5,rcp45,31,-722.6
High,MIROC5,rcp45,32,-749.1
High,MIROC5,rcp45,33,-726.6
High,MIROC5,rcp45,34,-726.6
High,MIROC5,rcp45,35,-744
High,MIROC5,rcp45,36,-745
High,MIROC5,rcp45,37,-719.6
High,MIROC5,rcp45,38,-730.5
High,MIROC5,rcp45,39,-769.4
High,MIROC5,rcp45,40,-751.5
High,MIROC5,rcp45,41,-734.8
High,MIROC5,rcp45,42,-753.7
High,MIROC5,rcp45,43,-753.5
High,MIROC5,rcp45,44,-738.3
High,MIROC5,rcp45,45,-768.6
High,MIROC5,rcp45,46,-737.9
High,MIROC5,rcp45,47,-753.1
High,MIROC5,rcp45,48,-762.1
High,MIROC5,rcp45,49,-754.6
High,MIROC5,rcp45,50,-726.6
High,MIROC5,rcp45,51,-737.5
High,MIROC5,rcp45,52,-748.7
High,MIROC5,rcp45,53,-733.6
High,MIROC5,rcp45,54,-720.2
High,MIROC5,rcp45,55,-763.4
High,MIROC5,rcp45,56,-781.8
High,MIROC5,rcp45,57,-770.9
High,MIROC5,rcp45,58,-742.3
High,MIROC5,rcp45,59,-760.4
High,MIROC5,rcp45,60,-739.4
High,MIROC5,rcp45,61,-711.8
High,MIROC5,rcp45,62,-766.4
High,MIROC5,rcp45,63,-724.9
High,MIROC5,rcp45,64,-764
High,MIROC5,rcp45,65,-781.7
High,MIROC5,rcp45,66,-771.4
High,MIROC5,rcp45,67,-754.6
High,MIROC5,rcp45,68,-784.9
High,MIROC5,rcp45,69,-707.4
High,MIROC5,rcp45,70,-746.9
High,MIROC5,rcp45,71,-763.2
High,MIROC5,rcp45,72,-736.2
High,MIROC5,rcp45,73,-751.1
High,MIROC5,rcp45,74,-762
High,MIROC5,rcp45,75,-738.2
High,MIROC5,rcp45,76,-756.9
High,MIROC5,rcp45,77,-757.9
High,MIROC5,rcp45,78,-728
High,MIROC5,rcp45,79,-739.6
High,MIROC5,rcp45,80,-772.4
High,MIROC5,rcp45,81,-749.2
High,MIROC5,rcp45,82,-751.6
High,MIROC5,rcp45,83,-749.9
High,MIROC5,rcp45,84,-766.3
High,MIROC5,rcp45,85,-734.1
High,MIROC5,rcp45,86,-724.6
High,MIROC5,rcp45,87,-750.1
High,MIROC5,rcp45,88,-758.2
High,MIROC5,rcp45,89,-729.3
High,MIROC5,rcp45,90,-763.8
High,MIROC5,rcp45,91,-755.5
High,MIROC5,rcp45,92,-719.9
High,MIROC5,rcp45,93,-769
High,MIROC5,rcp45,94,-776
High,MIROC5,rcp45,95,-751.9
High,MIROC5,rcp45,96,-726.6
High,MIROC5,rcp45,97,-764.8
High,MIROC5,rcp45,98,-736.5
High,MIROC5,rcp45,99,-754.9
High,MIROC5,rcp45,100,-764.2
High,MIROC5,rcp85,1,-833.5
High,MIROC5,rcp85,2,-786.5
High,MIROC5,rcp85,3,-843.3
High,MIROC5,rcp85,4,-839.4
High,MIROC5,rcp85,5,-837
High,MIROC5,rcp85,6,-815.7
High,MIROC5,rcp85,7,-864
High,MIROC5,rcp85,8,-907.5
High,MIROC5,rcp85,9,-820.2
High,MIROC5,rcp85,10,-849.2
High,MIROC5,rcp85,11,-839.7
High,MIROC5,rcp85,12,-884.5
High,MIROC5,rcp85,13,-836.5
High,MIROC5,rcp85,14,-805
High,MIROC5,rcp85,15,-838.5
High,MIROC5,rcp85,16,-825.1
High,MIROC5,rcp85,17,-884.8
High,MIROC5,rcp85,18,-805.7
High,MIROC5,rcp85,19,-853.7
High,MIROC5,rcp85,20,-843
High,MIROC5,rcp85,21,-858.5
High,MIROC5,rcp85,22,-845.8
High,MIROC5,rcp85,23,-838.4
High,MIROC5,rcp85,24,-829.7
High,MIROC5,rcp85,25,-857.8
High,MIROC5,rcp85,26,-862
High,MIROC5,rcp85,27,-819.7
High,MIROC5,rcp85,28,-865.3
High,MIROC5,rcp85,29,-857.7
High,MIROC5,rcp85,30,-821.1
High,MIROC5,rcp85,31,-846.7
High,MIROC5,rcp85,32,-861.9
High,MIROC5,rcp85,33,-835.9
High,MIROC5,rcp85,34,-854.3
High,MIROC5,rcp85,35,-844.8
High,MIROC5,rcp85,36,-867.1
High,MIROC5,rcp85,37,-893.7
High,MIROC5,rcp85,38,-842.9
High,MIROC5,rcp85,39,-845.3
High,MIROC5,rcp85,40,-844.1
High,MIROC5,rcp85,41,-845.3
High,MIROC5,rcp85,42,-857.6
High,MIROC5,rcp85,43,-804
High,MIROC5,rcp85,44,-809.7
High,MIROC5,rcp85,45,-829.1
High,MIROC5,rcp85,46,-854.6
High,MIROC5,rcp85,47,-853.1
High,MIROC5,rcp85,48,-868.6
High,MIROC5,rcp85,49,-815.6
High,MIROC5,rcp85,50,-859.5
High,MIROC5,rcp85,51,-857.6
High,MIROC5,rcp85,52,-882.1
High,MIROC5,rcp85,53,-867.9
High,MIROC5,rcp85,54,-863.8
High,MIROC5,rcp85,55,-865.6
High,MIROC5,rcp85,56,-857.8
High,MIROC5,rcp85,57,-866.4
High,MIROC5,rcp85,58,-827.8
High,MIROC5,rcp85,59,-833.4
High,MIROC5,rcp85,60,-844.1
High,MIROC5,rcp85,61,-885.6
High,MIROC5,rcp85,62,-878.4
High,MIROC5,rcp85,63,-856
High,MIROC5,rcp85,64,-865.6
High,MIROC5,rcp85,65,-860
High,MIROC5,rcp85,66,-890.7
High,MIROC5,rcp85,67,-838.2
High,MIROC5,rcp85,68,-797.8
High,MIROC5,rcp85,69,-821.6
High,MIROC5,rcp85,70,-845.2
High,MIROC5,rcp85,71,-850.7
High,MIROC5,rcp85,72,-855.6
High,MIROC5,rcp85,73,-890.7
High,MIROC5,rcp85,74,-809.7
High,MIROC5,rcp85,75,-852.4
High,MIROC5,rcp85,76,-873
High,MIROC5,rcp85,77,-845.6
High,MIROC5,rcp85,78,-871.1
High,MIROC5,rcp85,79,-885.1
High,MIROC5,rcp85,80,-885.6
High,MIROC5,rcp85,81,-837.7
High,MIROC5,rcp85,82,-865
High,MIROC5,rcp85,83,-827.8
High,MIROC5,rcp85,84,-878.9
High,MIROC5,rcp85,85,-797.8
High,MIROC5,rcp85,86,-853.4
High,MIROC5,rcp85,87,-821.7
High,MIROC5,rcp85,88,-815.5
High,MIROC5,rcp85,89,-881.6
High,MIROC5,rcp85,90,-850.3
High,MIROC5,rcp85,91,-852.5
High,MIROC5,rcp85,92,-859.8
High,MIROC5,rcp85,93,-804.9
High,MIROC5,rcp85,94,-849.7
High,MIROC5,rcp85,95,-813.4
High,MIROC5,rcp85,96,-793.1
High,MIROC5,rcp85,97,-828.4
High,MIROC5,rcp85,98,-839.8
High,MIROC5,rcp85,99,-821.7
High,MIROC5,rcp85,100,-872.3
Low,CanESM2,rcp45,1,-153.5
Low,CanESM2,rcp45,2,-134
Low,CanESM2,rcp45,3,-147
Low,CanESM2,rcp45,4,-216.7
Low,CanESM2,rcp45,5,-180.9
Low,CanESM2,rcp45,6,-159.7
Low,CanESM2,rcp45,7,-120
Low,CanESM2,rcp45,8,-101.6
Low,CanESM2,rcp45,9,-122.9
Low,CanESM2,rcp45,10,-155.8
Low,CanESM2,rcp45,11,-147.6
Low,CanESM2,rcp45,12,-147.9
Low,CanESM2,rcp45,13,-143.5
Low,CanESM2,rcp45,14,-125.1
Low,CanESM2,rcp45,15,-162.6
Low,CanESM2,rcp45,16,-176
Low,CanESM2,rcp45,17,-157.6
Low,CanESM2,rcp45,18,-192.2
Low,CanESM2,rcp45,19,-169
Low,CanESM2,rcp45,20,-173.3
Low,CanESM2,rcp45,21,-140.3
Low,CanESM2,rcp45,22,-145.1
Low,CanESM2,rcp45,23,-149
Low,CanESM2,rcp45,24,-191.4
Low,CanESM2,rcp45,25,-158.1
Low,CanESM2,rcp45,26,-139.5
Low,CanESM2,rcp45,27,-153
Low,CanESM2,rcp45,28,-124.6
Low,CanESM2,rcp45,29,-166.4
Low,CanESM2,rcp45,30,-178.4
Low,CanESM2,rcp45,31,-181.2
Low,CanESM2,rcp45,32,-140.3
Low,CanESM2,rcp45,33,-154.9
Low,CanESM2,rcp45,34,-133.3
Low,CanESM2,rcp45,35,-142.4
Low,CanESM2,rcp45,36,-138.6
Low,CanESM2,rcp45,37,-161.1
Low,CanESM2,rcp45,38,-116.2
Low,CanESM2,rcp45,39,-147.1
Low,CanESM2,rcp45,40,-148.8
Low,CanESM2,rcp45,41,-157.2
Low,CanESM2,rcp45,42,-157.5
Low,CanESM2,rcp45,43,-200.1
Low,CanESM2,rcp45,44,-142.8
Low,CanESM2,rcp45,45,-173.5
Low,CanESM2,rcp45,46,-215.5
Low,CanESM2,rcp45,47,-156.2
Low,CanESM2,rcp45,48,-146.8
Low,CanESM2,rcp45,49,-172
Low,CanESM2,rcp45,50,-168.8
Low,CanESM2,rcp45,51,-121.4
Low,CanESM2,rcp45,52,-153.6
Low,CanESM2,rcp45,53,-133.3
Low,CanESM2,rcp45,54,-170
Low,CanESM2,rcp45,55,-118.7
Low,CanESM2,rcp45,56,-161.1
Low,CanESM2,rcp45,57,-179.9
Low,CanESM2,rcp45,58,-173.7
Low,CanESM2,rcp45,59,-129.8
Low,CanESM2,rcp45,60,-154.4
Low,CanESM2,rcp45,61,-158.1
Low,CanESM2,rcp45,62,-121.9
Low,CanESM2,rcp45,63,-168.8
Low,CanESM2,rcp45,64,-177.3
Low,CanESM2,rcp45,65,-191.3
Low,CanESM2,rcp45,66,-155.8
Low,CanESM2,rcp45,67,-142.1
Low,CanESM2,rcp45,68,-139.1
Low,CanESM2,rcp45,69,-102.6
Low,CanESM2,rcp45,70,-165.3
Low,CanESM2,rcp45,71,-130.6
Low,CanESM2,rcp45,72,-170
Low,CanESM2,rcp45,73,-152.6
Low,CanESM2,rcp45,74,-150.5
Low,CanESM2,rcp45,75,-180.6
Low,CanESM2,rcp45,76,-156.1
Low,CanESM2,rcp45,77,-122.9
Low,CanESM2,rcp45,78,-154.2
Low,CanESM2,rcp45,79,-120.3
Low,CanESM2,rcp45,80,-149.2
Low,CanESM2,rcp45,81,-111.8
Low,CanESM2,rcp45,82,-161.1
Low,CanESM2,rcp45,83,-163.8
Low,CanESM2,rcp45,84,-141.1
Low,CanESM2,rcp45,85,-124.1
Low,CanESM2,rcp45,86,-137.7
Low,CanESM2,rcp45,87,-109.8
Low,CanESM2,rcp45,88,-163.4
Low,CanESM2,rcp45,89,-153.5
Low,CanESM2,rcp45,90,-141.1
Low,CanESM2,rcp45,91,-119.5
Low,CanESM2,rcp45,92,-161.9
Low,CanESM2,rcp45,93,-138.5
Low,CanESM2,rcp45,94,-157.6
Low,CanESM2,rcp45,95,-162.8
Low,CanESM2,rcp45,96,-130
Low,CanESM2,rcp45,97,-158.8
Low,CanESM2,rcp45,98,-134.8
Low,CanESM2,rcp45,99,-156.8
Low,CanESM2,rcp45,100,-157.7
Low,CanESM2,rcp85,1,-69.7
Low,CanESM2,rcp85,2,-89.1
Low,CanESM2,rcp85,3,-21.4
Low,CanESM2,rcp85,4,-61.5
Low,CanESM2,rcp85,5,-49.7
Low,CanESM2,rcp85,6,-70.5
Low,CanESM2,rcp85,7,-49.6
Low,CanESM2,rcp85,8,-95.7
Low,CanESM2,rcp85,9,-81.1
Low,CanESM2,rcp85,10,-87.1
Low,CanESM2,rcp85,11,-98.2
Low,CanESM2,rcp85,12,-72.7
Low,CanESM2,rcp85,13,-70.6
Low,CanESM2,rcp85,14,-103
Low,CanESM2,rcp85,15,-31.2
Low,CanESM2,rcp85,16,-74.3
Low,CanESM2,rcp85,17,-23.2
Low,CanESM2,rcp85,18,-144.2
Low,CanESM2,rcp85,19,-56
Low,CanESM2,rcp85,20,-115.3
Low,CanESM2,rcp85,21,14.3
Low,CanESM2,rcp85,22,43.7
Low,CanESM2,rcp85,23,-89.6
Low,CanESM2,rcp85,24,-48.1
Low,CanESM2,rcp85,25,-56.7
Low,CanESM2,rcp85,26,-81.6
Low,CanESM2,rcp85,27,-69.4
Low,CanESM2,rcp85,28,-91.8
Low,CanESM2,rcp85,29,-94.4
Low,CanESM2,rcp85,30,-69.2
Low,CanESM2,rcp85,31,-113.9
Low,CanESM2,rcp85,32,-64.4
Low,CanESM2,rcp85,33,-96.4
Low,CanESM2,rcp85,34,-85.2
Low,CanESM2,rcp85,35,-56.9
Low,CanESM2,rcp85,36,-74.8
Low,CanESM2,rcp85,37,-63.7
Low,CanESM2,rcp85,38,-139.3
Low,CanESM2,rcp85,39,-87.6
Low,CanESM2,rcp85,40,-43.9
Low,CanESM2,rcp85,41,-66.2
Low,CanESM2,rcp85,42,-86.6
Low,CanESM2,rcp85,43,-32.3
Low,CanESM2,rcp85,44,-107.4
Low,CanESM2,rcp85,45,-76.1
Low,CanESM2,rcp85,46,-75.9
Low,CanESM2,rcp85,47,-147.5
Low,CanESM2,rcp85,48,-59.9
Low,CanESM2,rcp85,49,-119.6
Low,CanESM2,rcp85,50,-31.1
Low,CanESM2,rcp85,51,-66.2
Low,CanESM2,rcp85,52,-82
Low,CanESM2,rcp85,53,5.4
Low,CanESM2,rcp85,54,-93.8
Low,CanESM2,rcp85,55,-43
Low,CanESM2,rcp85,56,-68.7
Low,CanESM2,rcp85,57,-88.6
Low,CanESM2,rcp85,58,-29.3
Low,CanESM2,rcp85,59,-23.9
Low,CanESM2,rcp85,60,-94.3
Low,CanESM2,rcp85,61,-59.5
Low,CanESM2,rcp85,62,-64.4
Low,CanESM2,rcp85,63,-56.7
Low,CanESM2,rcp85,64,-112.4
Low,CanESM2,rcp85,65,-78.5
Low,CanESM2,rcp85,66,-33
Low,CanESM2,rcp85,67,-72.5
Low,CanESM2,rcp85,68,-111.8
Low,CanESM2,rcp85,69,-129.4
Low,CanESM2,rcp85,70,-38
Low,CanESM2,rcp85,71,-73.8
Low,CanESM2,rcp85,72,-74.2
Low,CanESM2,rcp85,73,-75.9
Low,CanESM2,rcp85,74,-91.4
Low,CanESM2,rcp85,75,-137.6
Low,CanESM2,rcp85,76,-11.3
Low,CanESM2,rcp85,77,-56.5
Low,CanESM2,rcp85,78,-86.5
Low,CanESM2,rcp85,79,-111.8
Low,CanESM2,rcp85,80,-68.4
Low,CanESM2,rcp85,81,-15.9
Low,CanESM2,rcp85,82,-118.4
Low,CanESM2,rcp85,83,-100.3
Low,CanESM2,rcp85,84,-123.3
Low,CanESM2,rcp85,85,-56.3
Low,CanESM2,rcp85,86,-77.8
Low,CanESM2,rcp85,87,-39
Low,CanESM2,rcp85,88,5.4
Low,CanESM2,rcp85,89,-72.1
Low,CanESM2,rcp85,90,-75.6
Low,CanESM2,rcp85,91,-99.7
Low,CanESM2,rcp85,92,-56.6
Low,CanESM2,rcp85,93,-102.2
Low,CanESM2,rcp85,94,-227.9
Low,CanESM2,rcp85,95,-60.2
Low,CanESM2,rcp85,96,-129.5
Low,CanESM2,rcp85,97,-77
Low,CanESM2,rcp85,98,-86.6
Low,CanESM2,rcp85,99,-86.8
Low,CanESM2,rcp85,100,-99.6
Low,CNRM-CM5,rcp45,1,135.2
Low,CNRM-CM5,rcp45,2,100.8
Low,CNRM-CM5,rcp45,3,146.5
Low,CNRM-CM5,rcp45,4,111.8
Low,CNRM-CM5,rcp45,5,104.8
Low,CNRM-CM5,rcp45,6,156
Low,CNRM-CM5,rcp45,7,115.1
Low,CNRM-CM5,rcp45,8,82.7
Low,CNRM-CM5,rcp45,9,140.6
Low,CNRM-CM5,rcp45,10,118.4
Low,CNRM-CM5,rcp45,11,101.4
Low,CNRM-CM5,rcp45,12,102.9
Low,CNRM-CM5,rcp45,13,120.5
Low,CNRM-CM5,rcp45,14,151.7
Low,CNRM-CM5,rcp45,15,118.4
Low,CNRM-CM5,rcp45,16,156.2
Low,CNRM-CM5,rcp45,17,132.9
Low,CNRM-CM5,rcp45,18,144.2
Low,CNRM-CM5,rcp45,19,129.3
Low,CNRM-CM5,rcp45,20,81.4
Low,CNRM-CM5,rcp45,21,116.2
Low,CNRM-CM5,rcp45,22,135.4
Low,CNRM-CM5,rcp45,23,103.9
Low,CNRM-CM5,rcp45,24,120.2
Low,CNRM-CM5,rcp45,25,162.9
Low,CNRM-CM5,rcp45,26,105.1
Low,CNRM-CM5,rcp45,27,79.8
Low,CNRM-CM5,rcp45,28,168.2
Low,CNRM-CM5,rcp45,29,144.2
Low,CNRM-CM5,rcp45,30,123.3
Low,CNRM-CM5,rcp45,31,100.4
Low,CNRM-CM5,rcp45,32,81.4
Low,CNRM-CM5,rcp45,33,136.1
Low,CNRM-CM5,rcp45,34,151.7
Low,CNRM-CM5,rcp45,35,156.9
Low,CNRM-CM5,rcp45,36,165.9
Low,CNRM-CM5,rcp45,37,136.6
Low,CNRM-CM5,rcp45,38,94.6
Low,CNRM-CM5,rcp45,39,125.7
Low,CNRM-CM5,rcp45,40,97.5
Low,CNRM-CM5,rcp45,41,136.7
Low,CNRM-CM5,rcp45,42,99.4
Low,CNRM-CM5,rcp45,43,140.1
Low,CNRM-CM5,rcp45,44,163.1
Low,CNRM-CM5,rcp45,45,95
Low,CNRM-CM5,rcp45,46,120.3
Low,CNRM-CM5,rcp45,47,128
Low,CNRM-CM5,rcp45,48,126.4
Low,CNRM-CM5,rcp45,49,121.4
Low,CNRM-CM5,rcp45,50,84.8
Low,CNRM-CM5,rcp45,51,72.3
Low,CNRM-CM5,rcp45,52,122.7
Low,CNRM-CM5,rcp45,53,95.4
Low,CNRM-CM5,rcp45,54,146.8
Low,CNRM-CM5,rcp45,55,103.8
Low,CNRM-CM5,rcp45,56,129.1
Low,CNRM-CM5,rcp45,57,156.2
Low,CNRM-CM5,rcp45,58,128.7
Low,CNRM-CM5,rcp45,59,147.4
Low,CNRM-CM5,rcp45,60,112.9
Low,CNRM-CM5,rcp45,61,133.6
Low,CNRM-CM5,rcp45,62,137.9
Low,CNRM-CM5,rcp45,63,86.5
Low,CNRM-CM5,rcp45,64,118.3
Low,CNRM-CM5,rcp45,65,143.1
Low,CNRM-CM5,rcp45,66,73.2
Low,CNRM-CM5,rcp45,67,106.6
Low,CNRM-CM5,rcp45,68,146.5
Low,CNRM-CM5,rcp45,69,131.7
Low,CNRM-CM5,rcp45,70,74.2
Low,CNRM-CM5,rcp45,71,81.5
Low,CNRM-CM5,rcp45,72,103.9
Low,CNRM-CM5,rcp45,73,126.8
Low,CNRM-CM5,rcp45,74,142.4
Low,CNRM-CM5,rcp45,75,147.4
Low,CNRM-CM5,rcp45,76,84.8
Low,CNRM-CM5,rcp45,77,112.3
Low,CNRM-CM5,rcp45,78,110.3
Low,CNRM-CM5,rcp45,79,133.8
Low,CNRM-CM5,rcp45,80,82.5
Low,CNRM-CM5,rcp45,81,93.6
Low,CNRM-CM5,rcp45,82,111.3
Low,CNRM-CM5,rcp45,83,128.6
Low,CNRM-CM5,rcp45,84,121.1
Low,CNRM-CM5,rcp45,85,138.3
Low,CNRM-CM5,rcp45,86,137
Low,CNRM-CM5,rcp45,87,86.2
Low,CNRM-CM5,rcp45,88,181.6
Low,CNRM-CM5,rcp45,89,146
Low,CNRM-CM5,rcp45,90,125.6
Low,CNRM-CM5,rcp45,91,151.9
Low,CNRM-CM5,rcp45,92,104.3
Low,CNRM-CM5,rcp45,93,82
Low,CNRM-CM5,rcp45,94,121.4
Low,CNRM-CM5,rcp45,95,81.4
Low,CNRM-CM5,rcp45,96,162.8
Low,CNRM-CM5,rcp45,97,132.9
Low,CNRM-CM5,rcp45,98,108.6
Low,CNRM-CM5,rcp45,99,92
Low,CNRM-CM5,rcp45,100,148.1
Low,CNRM-CM5,rcp85,1,0.9
Low,CNRM-CM5,rcp85,2,35.8
Low,CNRM-CM5,rcp85,3,41.4
Low,CNRM-CM5,rcp85,4,16.6
Low,CNRM-CM5,rcp85,5,-18.8
Low,CNRM-CM5,rcp85,6,1
Low,CNRM-CM5,rcp85,7,96.7
Low,CNRM-CM5,rcp85,8,-2.6
Low,CNRM-CM5,rcp85,9,-5.7
Low,CNRM-CM5,rcp85,10,33.2
Low,CNRM-CM5,rcp85,11,-20
Low,CNRM-CM5,rcp85,12,-6.5
Low,CNRM-CM5,rcp85,13,-4.1
Low,CNRM-CM5,rcp85,14,61.5
Low,CNRM-CM5,rcp85,15,52.1
Low,CNRM-CM5,rcp85,16,-37
Low,CNRM-CM5,rcp85,17,19.1
Low,CNRM-CM5,rcp85,18,-12.9
Low,CNRM-CM5,rcp85,19,15.9
Low,CNRM-CM5,rcp85,20,-1.9
Low,CNRM-CM5,rcp85,21,-11.7
Low,CNRM-CM5,rcp85,22,53.5
Low,CNRM-CM5,rcp85,23,11.4
Low,CNRM-CM5,rcp85,24,20.1
Low,CNRM-CM5,rcp85,25,61.5
Low,CNRM-CM5,rcp85,26,-35.9
Low,CNRM-CM5,rcp85,27,61
Low,CNRM-CM5,rcp85,28,25.9
Low,CNRM-CM5,rcp85,29,30.3
Low,CNRM-CM5,rcp85,30,-6.2
Low,CNRM-CM5,rcp85,31,-35.9
Low,CNRM-CM5,rcp85,32,13.9
Low,CNRM-CM5,rcp85,33,-34.7
Low,CNRM-CM5,rcp85,34,-11.1
Low,CNRM-CM5,rcp85,35,-0.4
Low,CNRM-CM5,rcp85,36,6.5
Low,CNRM-CM5,rcp85,37,35.9
Low,CNRM-CM5,rcp85,38,25.9
Low,CNRM-CM5,rcp85,39,110.5
Low,CNRM-CM5,rcp85,40,62.4
Low,CNRM-CM5,rcp85,41,20.4
Low,CNRM-CM5,rcp85,42,35.3
Low,CNRM-CM5,rcp85,43,-18.8
Low,CNRM-CM5,rcp85,44,-0.2
Low,CNRM-CM5,rcp85,45,-8.7
Low,CNRM-CM5,rcp85,46,-34.7
Low,CNRM-CM5,rcp85,47,28.1
Low,CNRM-CM5,rcp85,48,16.6
Low,CNRM-CM5,rcp85,49,21.7
Low,CNRM-CM5,rcp85,50,41.8
Low,CNRM-CM5,rcp85,51,-22.4
Low,CNRM-CM5,rcp85,52,-4.2
Low,CNRM-CM5,rcp85,53,28.8
Low,CNRM-CM5,rcp85,54,13.2
Low,CNRM-CM5,rcp85,55,30.3
Low,CNRM-CM5,rcp85,56,31.1
Low,CNRM-CM5,rcp85,57,7
Low,CNRM-CM5,rcp85,58,23.5
Low,CNRM-CM5,rcp85,59,66.8
Low,CNRM-CM5,rcp85,60,54.1
Low,CNRM-CM5,rcp85,61,23.5
Low,CNRM-CM5,rcp85,62,-30.4
Low,CNRM-CM5,rcp85,63,-3.1
Low,CNRM-CM5,rcp85,64,29.9
Low,CNRM-CM5,rcp85,65,36.8
Low,CNRM-CM5,rcp85,66,17.5
Low,CNRM-CM5,rcp85,67,-10.8
Low,CNRM-CM5,rcp85,68,71.5
Low,CNRM-CM5,rcp85,69,-60.2
Low,CNRM-CM5,rcp85,70,1.4
Low,CNRM-CM5,rcp85,71,61.5
Low,CNRM-CM5,rcp85,72,8.8
Low,CNRM-CM5,rcp85,73,4.1
Low,CNRM-CM5,rcp85,74,-38.7
Low,CNRM-CM5,rcp85,75,-44
Low,CNRM-CM5,rcp85,76,33.2
Low,CNRM-CM5,rcp85,77,62.5
Low,CNRM-CM5,rcp85,78,-18.5
Low,CNRM-CM5,rcp85,79,34.4
Low,CNRM-CM5,rcp85,80,-1.2
Low,CNRM-CM5,rcp85,81,-9.1
Low,CNRM-CM5,rcp85,82,-0.5
Low,CNRM-CM5,rcp85,83,10.6
Low,CNRM-CM5,rcp85,84,43
Low,CNRM-CM5,rcp85,85,36.2
Low,CNRM-CM5,rcp85,86,32.7
Low,CNRM-CM5,rcp85,87,-10
Low,CNRM-CM5,rcp85,88,5.4
Low,CNRM-CM5,rcp85,89,-0.4
Low,CNRM-CM5,rcp85,90,15.5
Low,CNRM-CM5,rcp85,91,45.4
Low,CNRM-CM5,rcp85,92,2.3
Low,CNRM-CM5,rcp85,93,56.2
Low,CNRM-CM5,rcp85,94,-20.3
Low,CNRM-CM5,rcp85,95,33.2
Low,CNRM-CM5,rcp85,96,24.6
Low,CNRM-CM5,rcp85,97,41.1
Low,CNRM-CM5,rcp85,98,13.5
Low,CNRM-CM5,rcp85,99,8.6
Low,CNRM-CM5,rcp85,100,-0.4
Low,HadGEM2-ES,rcp45,1,-407.3
Low,HadGEM2-ES,rcp45,2,-447.1
Low,HadGEM2-ES,rcp45,3,-449
Low,HadGEM2-ES,rcp45,4,-457.2
Low,HadGEM2-ES,rcp45,5,-430.8
Low,HadGEM2-ES,rcp45,6,-448
Low,HadGEM2-ES,rcp45,7,-429.3
Low,HadGEM2-ES,rcp45,8,-480.2
Low,HadGEM2-ES,rcp45,9,-506.1
Low,HadGEM2-ES,rcp45,10,-450.3
Low,HadGEM2-ES,rcp45,11,-438.4
Low,HadGEM2-ES,rcp45,12,-463.8
Low,HadGEM2-ES,rcp45,13,-474.4
Low,HadGEM2-ES,rcp45,14,-437.4
Low,HadGEM2-ES,rcp45,15,-423
Low,HadGEM2-ES,rcp45,16,-396.6
Low,HadGEM2-ES,rcp45,17,-459
Low,HadGEM2-ES,rcp45,18,-399.4
Low,HadGEM2-ES,rcp45,19,-461.9
Low,HadGEM2-ES,rcp45,20,-442.7
Low,HadGEM2-ES,rcp45,21,-418.7
Low,HadGEM2-ES,rcp45,22,-460.8
Low,HadGEM2-ES,rcp45,23,-463.7
Low,HadGEM2-ES,rcp45,24,-380.3
Low,HadGEM2-ES,rcp45,25,-445.2
Low,HadGEM2-ES,rcp45,26,-403.1
Low,HadGEM2-ES,rcp45,27,-457.5
Low,HadGEM2-ES,rcp45,28,-400.4
Low,HadGEM2-ES,rcp45,29,-455.9
Low,HadGEM2-ES,rcp45,30,-468.5
Low,HadGEM2-ES,rcp45,31,-429.2
Low,HadGEM2-ES,rcp45,32,-474.1
Low,HadGEM2-ES,rcp45,33,-439.4
Low,HadGEM2-ES,rcp45,34,-450.1
Low,HadGEM2-ES,rcp45,35,-452.3
Low,HadGEM2-ES,rcp45,36,-475.4
Low,HadGEM2-ES,rcp45,37,-423.8
Low,HadGEM2-ES,rcp45,38,-479.6
Low,HadGEM2-ES,rcp45,39,-497.6
Low,HadGEM2-ES,rcp45,40,-468.6
Low,HadGEM2-ES,rcp45,41,-455.1
Low,HadGEM2-ES,rcp45,42,-482.5
Low,HadGEM2-ES,rcp45,43,-433.8
Low,HadGEM2-ES,rcp45,44,-430.7
Low,HadGEM2-ES,rcp45,45,-459.5
Low,HadGEM2-ES,rcp45,46,-481
Low,HadGEM2-ES,rcp45,47,-415
Low,HadGEM2-ES,rcp45,48,-474.3
Low,HadGEM2-ES,rcp45,49,-423.7
Low,HadGEM2-ES,rcp45,50,-423
Low,HadGEM2-ES,rcp45,51,-414.2
Low,HadGEM2-ES,rcp45,52,-450.7
Low,HadGEM2-ES,rcp45,53,-476.2
Low,HadGEM2-ES,rcp45,54,-393.2
Low,HadGEM2-ES,rcp45,55,-476.2
Low,HadGEM2-ES,rcp45,56,-435
Low,HadGEM2-ES,rcp45,57,-425.8
Low,HadGEM2-ES,rcp45,58,-439.4
Low,HadGEM2-ES,rcp45,59,-446.9
Low,HadGEM2-ES,rcp45,60,-410.1
Low,HadGEM2-ES,rcp45,61,-408.5
Low,HadGEM2-ES,rcp45,62,-440.3
Low,HadGEM2-ES,rcp45,63,-461.5
Low,HadGEM2-ES,rcp45,64,-426.1
Low,HadGEM2-ES,rcp45,65,-449.3
Low,HadGEM2-ES,rcp45,66,-468.4
Low,HadGEM2-ES,rcp45,67,-457.5
Low,HadGEM2-ES,rcp45,68,-443.6
Low,HadGEM2-ES,rcp45,69,-451
Low,HadGEM2-ES,rcp45,70,-461.6
Low,HadGEM2-ES,rcp45,71,-486.1
Low,HadGEM2-ES,rcp45,72,-417.1
Low,HadGEM2-ES,rcp45,73,-455.4
Low,HadGEM2-ES,rcp45,74,-449.2
Low,HadGEM2-ES,rcp45,75,-459.8
Low,HadGEM2-ES,rcp45,76,-446.9
Low,HadGEM2-ES,rcp45,77,-437.3
Low,HadGEM2-ES,rcp45,78,-455.4
Low,HadGEM2-ES,rcp45,79,-435.5
Low,HadGEM2-ES,rcp45,80,-444.1
Low,HadGEM2-ES,rcp45,81,-464.2
Low,HadGEM2-ES,rcp45,82,-411.4
Low,HadGEM2-ES,rcp45,83,-471
Low,HadGEM2-ES,rcp45,84,-420.4
Low,HadGEM2-ES,rcp45,85,-411.2
Low,HadGEM2-ES,rcp45,86,-472.2
Low,HadGEM2-ES,rcp45,87,-456.8
Low,HadGEM2-ES,rcp45,88,-446.4
Low,HadGEM2-ES,rcp45,89,-474.6
Low,HadGEM2-ES,rcp45,90,-452.5
Low,HadGEM2-ES,rcp45,91,-465.3
Low,HadGEM2-ES,rcp45,92,-461.8
Low,HadGEM2-ES,rcp45,93,-453.2
Low,HadGEM2-ES,rcp45,94,-432
Low,HadGEM2-ES,rcp45,95,-446
Low,HadGEM2-ES,rcp45,96,-482.2
Low,HadGEM2-ES,rcp45,97,-470.2
Low,HadGEM2-ES,rcp45,98,-438.4
Low,HadGEM2-ES,rcp45,99,-521.8
Low,HadGEM2-ES,rcp45,100,-396.6
Low,HadGEM2-ES,rcp85,1,-709.3
Low,HadGEM2-ES,rcp85,2,-723.2
Low,HadGEM2-ES,rcp85,3,-712.9
Low,HadGEM2-ES,rcp85,4,-690.8
Low,HadGEM2-ES,rcp85,5,-769.4
Low,HadGEM2-ES,rcp85,6,-718.6
Low,HadGEM2-ES,rcp85,7,-703.7
Low,HadGEM2-ES,rcp85,8,-707.4
Low,HadGEM2-ES,rcp85,9,-715.9
Low,HadGEM2-ES,rcp85,10,-728.5
Low,HadGEM2-ES,rcp85,11,-659.6
Low,HadGEM2-ES,rcp85,12,-712.9
Low,HadGEM2-ES,rcp85,13,-688.2
Low,HadGEM2-ES,rcp85,14,-742.5
Low,HadGEM2-ES,rcp85,15,-802.8
Low,HadGEM2-ES,rcp85,16,-751.8
Low,HadGEM2-ES,rcp85,17,-751.3
Low,HadGEM2-ES,rcp85,18,-690.3
Low,HadGEM2-ES,rcp85,19,-719.9
Low,HadGEM2-ES,rcp85,20,-723.4
Low,HadGEM2-ES,rcp85,21,-720.5
Low,HadGEM2-ES,rcp85,22,-715.9
Low,HadGEM2-ES,rcp85,23,-726.8
Low,HadGEM2-ES,rcp85,24,-708
Low,HadGEM2-ES,rcp85,25,-671.2
Low,HadGEM2-ES,rcp85,26,-679.6
Low,HadGEM2-ES,rcp85,27,-768.5
Low,HadGEM2-ES,rcp85,28,-702.5
Low,HadGEM2-ES,rcp85,29,-695.2
Low,HadGEM2-ES,rcp85,30,-721.8
Low,HadGEM2-ES,rcp85,31,-743.2
Low,HadGEM2-ES,rcp85,32,-771.1
Low,HadGEM2-ES,rcp85,33,-739.7
Low,HadGEM2-ES,rcp85,34,-757.5
Low,HadGEM2-ES,rcp85,35,-708.5
Low,HadGEM2-ES,rcp85,36,-771.7
Low,HadGEM2-ES,rcp85,37,-726.9
Low,HadGEM2-ES,rcp85,38,-741.1
Low,HadGEM2-ES,rcp85,39,-741.5
Low,HadGEM2-ES,rcp85,40,-716.4
Low,HadGEM2-ES,rcp85,41,-707.4
Low,HadGEM2-ES,rcp85,42,-692.1
Low,HadGEM2-ES,rcp85,43,-736.3
Low,HadGEM2-ES,rcp85,44,-764.2
Low,HadGEM2-ES,rcp85,45,-739.9
Low,HadGEM2-ES,rcp85,46,-659.6
Low,HadGEM2-ES,rcp85,47,-715.8
Low,HadGEM2-ES,rcp85,48,-719.8
Low,HadGEM2-ES,rcp85,49,-760
Low,HadGEM2-ES,rcp85,50,-703.3
Low,HadGEM2-ES,rcp85,51,-738
Low,HadGEM2-ES,rcp85,52,-711.6
Low,HadGEM2-ES,rcp85,53,-750.7
Low,HadGEM2-ES,rcp85,54,-744.2
Low,HadGEM2-ES,rcp85,55,-706.4
Low,HadGEM2-ES,rcp85,56,-774.2
Low,HadGEM2-ES,rcp85,57,-715.8
Low,HadGEM2-ES,rcp85,58,-674.6
Low,HadGEM2-ES,rcp85,59,-694.2
Low,HadGEM2-ES,rcp85,60,-702.1
Low,HadGEM2-ES,rcp85,61,-754.9
Low,HadGEM2-ES,rcp85,62,-731.2
Low,HadGEM2-ES,rcp85,63,-730.1
Low,HadGEM2-ES,rcp85,64,-701
Low,HadGEM2-ES,rcp85,65,-674.4
Low,HadGEM2-ES,rcp85,66,-685.5
Low,HadGEM2-ES,rcp85,67,-728.8
Low,HadGEM2-ES,rcp85,68,-733.6
Low,HadGEM2-ES,rcp85,69,-706.2
Low,HadGEM2-ES,rcp85,70,-683.6
Low,HadGEM2-ES,rcp85,71,-726.2
Low,HadGEM2-ES,rcp85,72,-710.8
Low,HadGEM2-ES,rcp85,73,-737.8
Low,HadGEM2-ES,rcp85,74,-729.3
Low,HadGEM2-ES,rcp85,75,-734.3
Low,HadGEM2-ES,rcp85,76,-704.2
Low,HadGEM2-ES,rcp85,77,-709
Low,HadGEM2-ES,rcp85,78,-729.2
Low,HadGEM2-ES,rcp85,79,-715.7
Low,HadGEM2-ES,rcp85,80,-693.3
Low,HadGEM2-ES,rcp85,81,-727.4
Low,HadGEM2-ES,rcp85,82,-765.6
Low,HadGEM2-ES,rcp85,83,-720
Low,HadGEM2-ES,rcp85,84,-749
Low,HadGEM2-ES,rcp85,85,-709.3
Low,HadGEM2-ES,rcp85,86,-750.5
Low,HadGEM2-ES,rcp85,87,-759.2
Low,HadGEM2-ES,rcp85,88,-682.5
Low,HadGEM2-ES,rcp85,89,-752.2
Low,HadGEM2-ES,rcp85,90,-734.9
Low,HadGEM2-ES,rcp85,91,-739.1
Low,HadGEM2-ES,rcp85,92,-738.8
Low,HadGEM2-ES,rcp85,93,-701
Low,HadGEM2-ES,rcp85,94,-724.5
Low,HadGEM2-ES,rcp85,95,-704.8
Low,HadGEM2-ES,rcp85,96,-712.6
Low,HadGEM2-ES,rcp85,97,-712.9
Low,HadGEM2-ES,rcp85,98,-744.1
Low,HadGEM2-ES,rcp85,99,-733.5
Low,HadGEM2-ES,rcp85,100,-761.8
Low,MIROC5,rcp45,1,-546.4
Low,MIROC5,rcp45,2,-524.7
Low,MIROC5,rcp45,3,-565.9
Low,MIROC5,rcp45,4,-546.1
Low,MIROC5,rcp45,5,-535.2
Low,MIROC5,rcp45,6,-536.5
Low,MIROC5,rcp45,7,-531.9
Low,MIROC5,rcp45,8,-539.9
Low,MIROC5,rcp45,9,-582.8
Low,MIROC5,rcp45,10,-509.3
Low,MIROC5,rcp45,11,-539.6
Low,MIROC5,rcp45,12,-548.1
Low,MIROC5,rcp45,13,-530.5
Low,MIROC5,rcp45,14,-510.8
Low,MIROC5,rcp45,15,-528.2
Low,MIROC5,rcp45,16,-553.7
Low,MIROC5,rcp45,17,-514.4
Low,MIROC5,rcp45,18,-535.7
Low,MIROC5,rcp45,19,-521.7
Low,MIROC5,rcp45,20,-527
Low,MIROC5,rcp45,21,-537.5
Low,MIROC5,rcp45,22,-516.5
Low,MIROC5,rcp45,23,-524.5
Low,MIROC5,rcp45,24,-565.6
Low,MIROC5,rcp45,25,-551.1
Low,MIROC5,rcp45,26,-538.6
Low,MIROC5,rcp45,27,-560.9
Low,MIROC5,rcp45,28,-555.8
Low,MIROC5,rcp45,29,-524.5
Low,MIROC5,rcp45,30,-540.2
Low,MIROC5,rcp45,31,-550.3
Low,MIROC5,rcp45,32,-514.4
Low,MIROC5,rcp45,33,-542.5
Low,MIROC5,rcp45,34,-530.7
Low,MIROC5,rcp45,35,-528.2
Low,MIROC5,rcp45,36,-565.2
Low,MIROC5,rcp45,37,-545.5
Low,MIROC5,rcp45,38,-542.6
Low,MIROC5,rcp45,39,-534.4
Low,MIROC5,rcp45,40,-508.8
Low,MIROC5,rcp45,41,-559.1
Low,MIROC5,rcp45,42,-559.3
Low,MIROC5,rcp45,43,-531.5
Low,MIROC5,rcp45,44,-591.2
Low,MIROC5,rcp45,45,-571.5
Low,MIROC5,rcp45,46,-561
Low,MIROC5,rcp45,47,-495.3
Low,MIROC5,rcp45,48,-516.5
Low,MIROC5,rcp45,49,-563.8
Low,MIROC5,rcp45,50,-553
Low,MIROC5,rcp45,51,-527.8
Low,MIROC5,rcp45,52,-574.2
Low,MIROC5,rcp45,53,-529.9
Low,MIROC5,rcp45,54,-577.6
Low,MIROC5,rcp45,55,-534.1
Low,MIROC5,rcp45,56,-510.1
Low,MIROC5,rcp45,57,-571.5
Low,MIROC5,rcp45,58,-513.1
Low,MIROC5,rcp45,59,-496.3
Low,MIROC5,rcp45,60,-555.9
Low,MIROC5,rcp45,61,-553.6
Low,MIROC5,rcp45,62,-545.3
Low,MIROC5,rcp45,63,-576.4
Low,MIROC5,rcp45,64,-551.6
Low,MIROC5,rcp45,65,-544.3
Low,MIROC5,rcp45,66,-515.4
Low,MIROC5,rcp45,67,-541.5
Low,MIROC5,rcp45,68,-546.8
Low,MIROC5,rcp45,69,-544.8
Low,MIROC5,rcp45,70,-535.2
Low,MIROC5,rcp45,71,-547.3
Low,MIROC5,rcp45,72,-521.7
Low,MIROC5,rcp45,73,-542.4
Low,MIROC5,rcp45,74,-499.3
Low,MIROC5,rcp45,75,-542.5
Low,MIROC5,rcp45,76,-550.1
Low,MIROC5,rcp45,77,-569.1
Low,MIROC5,rcp45,78,-507.8
Low,MIROC5,rcp45,79,-524.5
Low,MIROC5,rcp45,80,-550.5
Low,MIROC5,rcp45,81,-505.5
Low,MIROC5,rcp45,82,-532
Low,MIROC5,rcp45,83,-533.9
Low,MIROC5,rcp45,84,-527.3
Low,MIROC5,rcp45,85,-577.3
Low,MIROC5,rcp45,86,-519.3
Low,MIROC5,rcp45,87,-571.9
Low,MIROC5,rcp45,88,-534.2
Low,MIROC5,rcp45,89,-505.3
Low,MIROC5,rcp45,90,-514.7
Low,MIROC5,rcp45,91,-548.3
Low,MIROC5,rcp45,92,-555.4
Low,MIROC5,rcp45,93,-538.3
Low,MIROC5,rcp45,94,-550.1
Low,MIROC5,rcp45,95,-535.1
Low,MIROC5,rcp45,96,-559.1
Low,MIROC5,rcp45,97,-538.3
Low,MIROC5,rcp45,98,-542.5
Low,MIROC5,rcp45,99,-508.8
Low,MIROC5,rcp45,100,-561.6
Low,MIROC5,rcp85,1,-643.8
Low,MIROC5,rcp85,2,-679.5
Low,MIROC5,rcp85,3,-659.8
Low,MIROC5,rcp85,4,-614.6
Low,MIROC5,rcp85,5,-641.2
Low,MIROC5,rcp85,6,-699.9
Low,MIROC5,rcp85,7,-633.6
Low,MIROC5,rcp85,8,-668.9
Low,MIROC5,rcp85,9,-671.4
Low,MIROC5,rcp85,10,-632.7
Low,MIROC5,rcp85,11,-648.9
Low,MIROC5,rcp85,12,-708
Low,MIROC5,rcp85,13,-617.3
Low,MIROC5,rcp85,14,-681.4
Low,MIROC5,rcp85,15,-677.8
Low,MIROC5,rcp85,16,-716.3
Low,MIROC5,rcp85,17,-685.6
Low,MIROC5,rcp85,18,-635.3
Low,MIROC5,rcp85,19,-614.4
Low,MIROC5,rcp85,20,-691.9
Low,MIROC5,rcp85,21,-687.1
Low,MIROC5,rcp85,22,-596.8
Low,MIROC5,rcp85,23,-647.7
Low,MIROC5,rcp85,24,-690.8
Low,MIROC5,rcp85,25,-683.7
Low,MIROC5,rcp85,26,-696.4
Low,MIROC5,rcp85,27,-654.6
Low,MIROC5,rcp85,28,-647.7
Low,MIROC5,rcp85,29,-642.4
Low,MIROC5,rcp85,30,-691.4
Low,MIROC5,rcp85,31,-667.7
Low,MIROC5,rcp85,32,-645.3
Low,MIROC5,rcp85,33,-660.8
Low,MIROC5,rcp85,34,-638.7
Low,MIROC5,rcp85,35,-633.4
Low,MIROC5,rcp85,36,-674.5
Low,MIROC5,rcp85,37,-678.8
Low,MIROC5,rcp85,38,-603.7
Low,MIROC5,rcp85,39,-639.7
Low,MIROC5,rcp85,40,-628.2
Low,MIROC5,rcp85,41,-627
Low,MIROC5,rcp85,42,-633.8
Low,MIROC5,rcp85,43,-644.9
Low,MIROC5,rcp85,44,-660.4
Low,MIROC5,rcp85,45,-646.4
Low,MIROC5,rcp85,46,-617.2
Low,MIROC5,rcp85,47,-636.8
Low,MIROC5,rcp85,48,-672.6
Low,MIROC5,rcp85,49,-701.1
Low,MIROC5,rcp85,50,-660.4
Low,MIROC5,rcp85,51,-635
Low,MIROC5,rcp85,52,-591.8
Low,MIROC5,rcp85,53,-644.3
Low,MIROC5,rcp85,54,-662.9
Low,MIROC5,rcp85,55,-650.2
Low,MIROC5,rcp85,56,-676.6
Low,MIROC5,rcp85,57,-631.6
Low,MIROC5,rcp85,58,-616.2
Low,MIROC5,rcp85,59,-648.1
Low,MIROC5,rcp85,60,-616.1
Low,MIROC5,rcp85,61,-609.7
Low,MIROC5,rcp85,62,-633
Low,MIROC5,rcp85,63,-623.6
Low,MIROC5,rcp85,64,-648.5
Low,MIROC5,rcp85,65,-680.4
Low,MIROC5,rcp85,66,-645.7
Low,MIROC5,rcp85,67,-641
Low,MIROC5,rcp85,68,-655.8
Low,MIROC5,rcp85,69,-660.8
Low,MIROC5,rcp85,70,-613.6
Low,MIROC5,rcp85,71,-636.6
Low,MIROC5,rcp85,72,-689.5
Low,MIROC5,rcp85,73,-641.9
Low,MIROC5,rcp85,74,-667
Low,MIROC5,rcp85,75,-632
Low,MIROC5,rcp85,76,-631.8
Low,MIROC5,rcp85,77,-595.4
Low,MIROC5,rcp85,78,-674.5
Low,MIROC5,rcp85,79,-665.5
Low,MIROC5,rcp85,80,-636.9
Low,MIROC5,rcp85,81,-657
Low,MIROC5,rcp85,82,-711.6
Low,MIROC5,rcp85,83,-650.3
Low,MIROC5,rcp85,84,-655.8
Low,MIROC5,rcp85,85,-635.8
Low,MIROC5,rcp85,86,-653.9
Low,MIROC5,rcp85,87,-633.8
Low,MIROC5,rcp85,88,-705
Low,MIROC5,rcp85,89,-656.8
Low,MIROC5,rcp85,90,-674.2
Low,MIROC5,rcp85,91,-609.7
Low,MIROC5,rcp85,92,-600.8
Low,MIROC5,rcp85,93,-628.2
Low,MIROC5,rcp85,94,-671.7
Low,MIROC5,rcp85,95,-629.5
Low,MIROC5,rcp85,96,-630.4
Low,MIROC5,rcp85,97,-677.6
Low,MIROC5,rcp85,98,-651.8
Low,MIROC5,rcp85,99,-673.1
Low,MIROC5,rcp85,100,-620.3
Medium,CanESM2,rcp45,1,-256.1
Medium,CanESM2,rcp45,2,-270.6
Medium,CanESM2,rcp45,3,-232
Medium,CanESM2,rcp45,4,-284.6
Medium,CanESM2,rcp45,5,-297.9
Medium,CanESM2,rcp45,6,-235.1
Medium,CanESM2,rcp45,7,-268.7
Medium,CanESM2,rcp45,8,-247.3
Medium,CanESM2,rcp45,9,-238.1
Medium,CanESM2,rcp45,10,-246.9
Medium,CanESM2,rcp45,11,-270.6
Medium,CanESM2,rcp45,12,-295.8
Medium,CanESM2,rcp45,13,-278.6
Medium,CanESM2,rcp45,14,-264.6
Medium,CanESM2,rcp45,15,-263.1
Medium,CanESM2,rcp45,16,-252.9
Medium,CanESM2,rcp45,17,-283.4
Medium,CanESM2,rcp45,18,-308.2
Medium,CanESM2,rcp45,19,-259.4
Medium,CanESM2,rcp45,20,-293.6
Medium,CanESM2,rcp45,21,-262.2
Medium,CanESM2,rcp45,22,-288.1
Medium,CanESM2,rcp45,23,-276.5
Medium,CanESM2,rcp45,24,-254
Medium,CanESM2,rcp45,25,-306.3
Medium,CanESM2,rcp45,26,-267.8
Medium,CanESM2,rcp45,27,-281.6
Medium,CanESM2,rcp45,28,-294.1
Medium,CanESM2,rcp45,29,-276
Medium,CanESM2,rcp45,30,-292.1
Medium,CanESM2,rcp45,31,-229.2
Medium,CanESM2,rcp45,32,-247.6
Medium,CanESM2,rcp45,33,-255.3
Medium,CanESM2,rcp45,34,-281.6
Medium,CanESM2,rcp45,35,-300.3
Medium,CanESM2,rcp45,36,-244.5
Medium,CanESM2,rcp45,37,-261.5
Medium,CanESM2,rcp45,38,-283.4
Medium,CanESM2,rcp45,39,-300.4
Medium,CanESM2,rcp45,40,-278.2
Medium,CanESM2,rcp45,41,-263.3
Medium,CanESM2,rcp45,42,-295.7
Medium,CanESM2,rcp45,43,-257.7
Medium,CanESM2,rcp45,44,-310.3
Medium,CanESM2,rcp45,45,-302.1
Medium,CanESM2,rcp45,46,-241.4
Medium,CanESM2,rcp45,47,-240.4
Medium,CanESM2,rcp45,48,-290.1
Medium,CanESM2,rcp45,49,-268.6
Medium,CanESM2,rcp45,50,-263.3
Medium,CanESM2,rcp45,51,-235.8
Medium,CanESM2,rcp45,52,-309.7
Medium,CanESM2,rcp45,53,-254.6
Medium,CanESM2,rcp45,54,-256.5
Medium,CanESM2,rcp45,55,-287.8
Medium,CanESM2,rcp45,56,-248.5
Medium,CanESM2,rcp45,57,-230.3
Medium,CanESM2,rcp45,58,-279.4
Medium,CanESM2,rcp45,59,-267.4
Medium,CanESM2,rcp45,60,-273.3
Medium,CanESM2,rcp45,61,-254
Medium,CanESM2,rcp45,62,-261.5
Medium,CanESM2,rcp45,63,-295.5
Medium,CanESM2,rcp45,64,-290.3
Medium,CanESM2,rcp45,65,-298.3
Medium,CanESM2,rcp45,66,-276.9
Medium,CanESM2,rcp45,67,-232.3
Medium,CanESM2,rcp45,68,-242.5
Medium,CanESM2,rcp45,69,-270.3
Medium,CanESM2,rcp45,70,-272.5
Medium,CanESM2,rcp45,71,-254.2
Medium,CanESM2,rcp45,72,-295.2
Medium,CanESM2,rcp45,73,-206.9
Medium,CanESM2,rcp45,74,-265.8
Medium,CanESM2,rcp45,75,-296.2
Medium,CanESM2,rcp45,76,-279.5
Medium,CanESM2,rcp45,77,-292.1
Medium,CanESM2,rcp45,78,-273
Medium,CanESM2,rcp45,79,-243.1
Medium,CanESM2,rcp45,80,-244.4
Medium,CanESM2,rcp45,81,-271.1
Medium,CanESM2,rcp45,82,-284.6
Medium,CanESM2,rcp45,83,-265
Medium,CanESM2,rcp45,84,-273.3
Medium,CanESM2,rcp45,85,-237.6
Medium,CanESM2,rcp45,86,-278.5
Medium,CanESM2,rcp45,87,-299.1
Medium,CanESM2,rcp45,88,-298.9
Medium,CanESM2,rcp45,89,-255.6
Medium,CanESM2,rcp45,90,-269.5
Medium,CanESM2,rcp45,91,-302.3
Medium,CanESM2,rcp45,92,-257.5
Medium,CanESM2,rcp45,93,-268.2
Medium,CanESM2,rcp45,94,-279.2
Medium,CanESM2,rcp45,95,-247.7
Medium,CanESM2,rcp45,96,-257
Medium,CanESM2,rcp45,97,-294.4
Medium,CanESM2,rcp45,98,-263.9
Medium,CanESM2,rcp45,99,-261.2
Medium,CanESM2,rcp45,100,-284.1
Medium,CanESM2,rcp85,1,-183.2
Medium,CanESM2,rcp85,2,-179.2
Medium,CanESM2,rcp85,3,-183
Medium,CanESM2,rcp85,4,-168.4
Medium,CanESM2,rcp85,5,-204.3
Medium,CanESM2,rcp85,6,-161.5
Medium,CanESM2,rcp85,7,-111.8
Medium,CanESM2,rcp85,8,-199.1
Medium,CanESM2,rcp85,9,-212.7
Medium,CanESM2,rcp85,10,-158.6
Medium,CanESM2,rcp85,11,-196.8
Medium,CanESM2,rcp85,12,-143.8
Medium,CanESM2,rcp85,13,-155.1
Medium,CanESM2,rcp85,14,-182.6
Medium,CanESM2,rcp85,15,-214.1
Medium,CanESM2,rcp85,16,-139.8
Medium,CanESM2,rcp85,17,-149.9
Medium,CanESM2,rcp85,18,-205.4
Medium,CanESM2,rcp85,19,-198.8
Medium,CanESM2,rcp85,20,-192.6
Medium,CanESM2,rcp85,21,-219.9
Medium,CanESM2,rcp85,22,-176.1
Medium,CanESM2,rcp85,23,-207.9
Medium,CanESM2,rcp85,24,-156.4
Medium,CanESM2,rcp85,25,-224.6
Medium,CanESM2,rcp85,26,-183.8
Medium,CanESM2,rcp85,27,-282.1
Medium,CanESM2,rcp85,28,-174.1
Medium,CanESM2,rcp85,29,-204.8
Medium,CanESM2,rcp85,30,-166.1
Medium,CanESM2,rcp85,31,-193.8
Medium,CanESM2,rcp85,32,-201.8
Medium,CanESM2,rcp85,33,-186.2
Medium,CanESM2,rcp85,34,-140.9
Medium,CanESM2,rcp85,35,-109.7
Medium,CanESM2,rcp85,36,-170
Medium,CanESM2,rcp85,37,-233.4
Medium,CanESM2,rcp85,38,-229.9
Medium,CanESM2,rcp85,39,-251.4
Medium,CanESM2,rcp85,40,-143.8
Medium,CanESM2,rcp85,41,-194.9
Medium,CanESM2,rcp85,42,-188.5
Medium,CanESM2,rcp85,43,-237.4
Medium,CanESM2,rcp85,44,-166.9
Medium,CanESM2,rcp85,45,-105.1
Medium,CanESM2,rcp85,46,-186
Medium,CanESM2,rcp85,47,-222.3
Medium,CanESM2,rcp85,48,-178.5
Medium,CanESM2,rcp85,49,-161.5
Medium,CanESM2,rcp85,50,-189.7
Medium,CanESM2,rcp85,51,-203.8
Medium,CanESM2,rcp85,52,-109
Medium,CanESM2,rcp85,53,-197.6
Medium,CanESM2,rcp85,54,-208.3
Medium,CanESM2,rcp85,55,-215.4
Medium,CanESM2,rcp85,56,-239
Medium,CanESM2,rcp85,57,-236.7
Medium,CanESM2,rcp85,58,-209.6
Medium,CanESM2,rcp85,59,-196.8
Medium,CanESM2,rcp85,60,-201.5
Medium,CanESM2,rcp85,61,-140.8
Medium,CanESM2,rcp85,62,-207.9
Medium,CanESM2,rcp85,63,-192.8
Medium,CanESM2,rcp85,64,-211.5
Medium,CanESM2,rcp85,65,-211.9
Medium,CanESM2,rcp85,66,-214.3
Medium,CanESM2,rcp85,67,-202.9
Medium,CanESM2,rcp85,68,-154.4
Medium,CanESM2,rcp85,69,-179.5
Medium,CanESM2,rcp85,70,-234
Medium,CanESM2,rcp85,71,-218.8
Medium,CanESM2,rcp85,72,-243.9
Medium,CanESM2,rcp85,73,-148.9
Medium,CanESM2,rcp85,74,-199.1
Medium,CanESM2,rcp85,75,-246.2
Medium,CanESM2,rcp85,76,-154.9
Medium,CanESM2,rcp85,77,-197.9
Medium,CanESM2,rcp85,78,-188.5
Medium,CanESM2,rcp85,79,-193
Medium,CanESM2,rcp85,80,-193.1
Medium,CanESM2,rcp85,81,-165.7
Medium,CanESM2,rcp85,82,-245.3
Medium,CanESM2,rcp85,83,-155.9
Medium,CanESM2,rcp85,84,-196.4
Medium,CanESM2,rcp85,85,-126.8
Medium,CanESM2,rcp85,86,-205.9
Medium,CanESM2,rcp85,87,-193.4
Medium,CanESM2,rcp85,88,-198.8
Medium,CanESM2,rcp85,89,-179.3
Medium,CanESM2,rcp85,90,-228.8
Medium,CanESM2,rcp85,91,-135
Medium,CanESM2,rcp85,92,-168.7
Medium,CanESM2,rcp85,93,-141
Medium,CanESM2,rcp85,94,-95.5
Medium,CanESM2,rcp85,95,-229.1
Medium,CanESM2,rcp85,96,-225.7
Medium,CanESM2,rcp85,97,-159.3
Medium,CanESM2,rcp85,98,-196.8
Medium,CanESM2,rcp85,99,-244.6
Medium,CanESM2,rcp85,100,-155.9
Medium,CNRM-CM5,rcp45,1,-5.5
Medium,CNRM-CM5,rcp45,2,-47.4
Medium,CNRM-CM5,rcp45,3,24.6
Medium,CNRM-CM5,rcp45,4,14.7
Medium,CNRM-CM5,rcp45,5,10.2
Medium,CNRM-CM5,rcp45,6,-6.8
Medium,CNRM-CM5,rcp45,7,14
Medium,CNRM-CM5,rcp45,8,-20.2
Medium,CNRM-CM5,rcp45,9,-13.1
Medium,CNRM-CM5,rcp45,10,-31.4
Medium,CNRM-CM5,rcp45,11,-55.6
Medium,CNRM-CM5,rcp45,12,-2.3
Medium,CNRM-CM5,rcp45,13,-17.4
Medium,CNRM-CM5,rcp45,14,-0.1
Medium,CNRM-CM5,rcp45,15,-8.4
Medium,CNRM-CM5,rcp45,16,-1.4
Medium,CNRM-CM5,rcp45,17,-11.7
Medium,CNRM-CM5,rcp45,18,-19.7
Medium,CNRM-CM5,rcp45,19,-28.5
Medium,CNRM-CM5,rcp45,20,27
Medium,CNRM-CM5,rcp45,21,-53.2
Medium,CNRM-CM5,rcp45,22,-41
Medium,CNRM-CM5,rcp45,23,4.7
Medium,CNRM-CM5,rcp45,24,-11.4
Medium,CNRM-CM5,rcp45,25,-8.4
Medium,CNRM-CM5,rcp45,26,-54.8
Medium,CNRM-CM5,rcp45,27,38
Medium,CNRM-CM5,rcp45,28,19.8
Medium,CNRM-CM5,rcp45,29,-17.6
Medium,CNRM-CM5,rcp45,30,-10.5
Medium,CNRM-CM5,rcp45,31,-17.7
Medium,CNRM-CM5,rcp45,32,17.1
Medium,CNRM-CM5,rcp45,33,-11.5
Medium,CNRM-CM5,rcp45,34,0.2
Medium,CNRM-CM5,rcp45,35,-8.9
Medium,CNRM-CM5,rcp45,36,23.2
Medium,CNRM-CM5,rcp45,37,21
Medium,CNRM-CM5,rcp45,38,-16.1
Medium,CNRM-CM5,rcp45,39,-15.6
Medium,CNRM-CM5,rcp45,40,17.9
Medium,CNRM-CM5,rcp45,41,-15.4
Medium,CNRM-CM5,rcp45,42,-11.6
Medium,CNRM-CM5,rcp45,43,-11.6
Medium,CNRM-CM5,rcp45,44,-1.9
Medium,CNRM-CM5,rcp45,45,6.8
Medium,CNRM-CM5,rcp45,46,14.4
Medium,CNRM-CM5,rcp45,47,-20.1
Medium,CNRM-CM5,rcp45,48,23.1
Medium,CNRM-CM5,rcp45,49,-23.5
Medium,CNRM-CM5,rcp45,50,38
Medium,CNRM-CM5,rcp45,51,-21.3
Medium,CNRM-CM5,rcp45,52,43.9
Medium,CNRM-CM5,rcp45,53,-26.2
Medium,CNRM-CM5,rcp45,54,24.1
Medium,CNRM-CM5,rcp45,55,-11.6
Medium,CNRM-CM5,rcp45,56,-26.2
Medium,CNRM-CM5,rcp45,57,-6.2
Medium,CNRM-CM5,rcp45,58,-12.2
Medium,CNRM-CM5,rcp45,59,-0.1
Medium,CNRM-CM5,rcp45,60,1.4
Medium,CNRM-CM5,rcp45,61,14.8
Medium,CNRM-CM5,rcp45,62,-17.4
Medium,CNRM-CM5,rcp45,63,-12.3
Medium,CNRM-CM5,rcp45,64,-13
Medium,CNRM-CM5,rcp45,65,7.8
Medium,CNRM-CM5,rcp45,66,-42.4
Medium,CNRM-CM5,rcp45,67,-41
Medium,CNRM-CM5,rcp45,68,-17.4
Medium,CNRM-CM5,rcp45,69,25.5
Medium,CNRM-CM5,rcp45,70,-79.3
Medium,CNRM-CM5,rcp45,71,-20.2
Medium,CNRM-CM5,rcp45,72,-59
Medium,CNRM-CM5,rcp45,73,8
Medium,CNRM-CM5,rcp45,74,3.8
Medium,CNRM-CM5,rcp45,75,-1.8
Medium,CNRM-CM5,rcp45,76,8.7
Medium,CNRM-CM5,rcp45,77,3.4
Medium,CNRM-CM5,rcp45,78,9.6
Medium,CNRM-CM5,rcp45,79,43.9
Medium,CNRM-CM5,rcp45,80,29.1
Medium,CNRM-CM5,rcp45,81,-23.6
Medium,CNRM-CM5,rcp45,82,-6.2
Medium,CNRM-CM5,rcp45,83,27.3
Medium,CNRM-CM5,rcp45,84,10.2
Medium,CNRM-CM5,rcp45,85,46.1
Medium,CNRM-CM5,rcp45,86,1.1
Medium,CNRM-CM5,rcp45,87,-7.7
Medium,CNRM-CM5,rcp45,88,5.5
Medium,CNRM-CM5,rcp45,89,-8.1
Medium,CNRM-CM5,rcp45,90,26.5
Medium,CNRM-CM5,rcp45,91,-20.4
Medium,CNRM-CM5,rcp45,92,-24.1
Medium,CNRM-CM5,rcp45,93,11.5
Medium,CNRM-CM5,rcp45,94,4.1
Medium,CNRM-CM5,rcp45,95,-21.6
Medium,CNRM-CM5,rcp45,96,-19.7
Medium,CNRM-CM5,rcp45,97,-8.7
Medium,CNRM-CM5,rcp45,98,13.6
Medium,CNRM-CM5,rcp45,99,43.9
Medium,CNRM-CM5,rcp45,100,-32.5
Medium,CNRM-CM5,rcp85,1,-71.4
Medium,CNRM-CM5,rcp85,2,-67.8
Medium,CNRM-CM5,rcp85,3,-101.7
Medium,CNRM-CM5,rcp85,4,-89
Medium,CNRM-CM5,rcp85,5,-93.6
Medium,CNRM-CM5,rcp85,6,-163
Medium,CNRM-CM5,rcp85,7,-84.8
Medium,CNRM-CM5,rcp85,8,-85.3
Medium,CNRM-CM5,rcp85,9,-159.6
Medium,CNRM-CM5,rcp85,10,-127
Medium,CNRM-CM5,rcp85,11,-134.1
Medium,CNRM-CM5,rcp85,12,-89.7
Medium,CNRM-CM5,rcp85,13,-107.8
Medium,CNRM-CM5,rcp85,14,-100.8
Medium,CNRM-CM5,rcp85,15,-115.5
Medium,CNRM-CM5,rcp85,16,-108.7
Medium,CNRM-CM5,rcp85,17,-128
Medium,CNRM-CM5,rcp85,18,-125.3
Medium,CNRM-CM5,rcp85,19,-39.6
Medium,CNRM-CM5,rcp85,20,-98.3
Medium,CNRM-CM5,rcp85,21,-106.9
Medium,CNRM-CM5,rcp85,22,-145.1
Medium,CNRM-CM5,rcp85,23,-87.1
Medium,CNRM-CM5,rcp85,24,-131.1
Medium,CNRM-CM5,rcp85,25,-103.9
Medium,CNRM-CM5,rcp85,26,-141.2
Medium,CNRM-CM5,rcp85,27,-106.8
Medium,CNRM-CM5,rcp85,28,-97.2
Medium,CNRM-CM5,rcp85,29,-69.5
Medium,CNRM-CM5,rcp85,30,-125.3
Medium,CNRM-CM5,rcp85,31,-93.2
Medium,CNRM-CM5,rcp85,32,-151.7
Medium,CNRM-CM5,rcp85,33,-99.3
Medium,CNRM-CM5,rcp85,34,-112.6
Medium,CNRM-CM5,rcp85,35,-114.7
Medium,CNRM-CM5,rcp85,36,-73.2
Medium,CNRM-CM5,rcp85,37,-79.3
Medium,CNRM-CM5,rcp85,38,-136.4
Medium,CNRM-CM5,rcp85,39,-95.1
Medium,CNRM-CM5,rcp85,40,-185.1
Medium,CNRM-CM5,rcp85,41,-155.8
Medium,CNRM-CM5,rcp85,42,-137
Medium,CNRM-CM5,rcp85,43,-136.7
Medium,CNRM-CM5,rcp85,44,-108.7
Medium,CNRM-CM5,rcp85,45,-81.7
Medium,CNRM-CM5,rcp85,46,-125.2
Medium,CNRM-CM5,rcp85,47,-117.7
Medium,CNRM-CM5,rcp85,48,-109.4
Medium,CNRM-CM5,rcp85,49,-123.1
Medium,CNRM-CM5,rcp85,50,-91.9
Medium,CNRM-CM5,rcp85,51,-121.9
Medium,CNRM-CM5,rcp85,52,-111.9
Medium,CNRM-CM5,rcp85,53,-140.9
Medium,CNRM-CM5,rcp85,54,-135.4
Medium,CNRM-CM5,rcp85,55,-164.9
Medium,CNRM-CM5,rcp85,56,-90.1
Medium,CNRM-CM5,rcp85,57,-81.4
Medium,CNRM-CM5,rcp85,58,-144.7
Medium,CNRM-CM5,rcp85,59,-107.8
Medium,CNRM-CM5,rcp85,60,-124.9
Medium,CNRM-CM5,rcp85,61,-109.5
Medium,CNRM-CM5,rcp85,62,-110
Medium,CNRM-CM5,rcp85,63,-83.4
Medium,CNRM-CM5,rcp85,64,-65.8
Medium,CNRM-CM5,rcp85,65,-125.1
Medium,CNRM-CM5,rcp85,66,-89.7
Medium,CNRM-CM5,rcp85,67,-88.5
Medium,CNRM-CM5,rcp85,68,-112.7
Medium,CNRM-CM5,rcp85,69,-125.8
Medium,CNRM-CM5,rcp85,70,-69.1
Medium,CNRM-CM5,rcp85,71,-99.9
Medium,CNRM-CM5,rcp85,72,-113
Medium,CNRM-CM5,rcp85,73,-127
Medium,CNRM-CM5,rcp85,74,-68.2
Medium,CNRM-CM5,rcp85,75,-82.9
Medium,CNRM-CM5,rcp85,76,-144.2
Medium,CNRM-CM5,rcp85,77,-83.5
Medium,CNRM-CM5,rcp85,78,-120.4
Medium,CNRM-CM5,rcp85,79,-109.5
Medium,CNRM-CM5,rcp85,80,-128.1
Medium,CNRM-CM5,rcp85,81,-118.2
Medium,CNRM-CM5,rcp85,82,-67.3
Medium,CNRM-CM5,rcp85,83,-70
Medium,CNRM-CM5,rcp85,84,-86.5
Medium,CNRM-CM5,rcp85,85,-91.4
Medium,CNRM-CM5,rcp85,86,-81.2
Medium,CNRM-CM5,rcp85,87,-81.5
Medium,CNRM-CM5,rcp85,88,-135.1
Medium,CNRM-CM5,rcp85,89,-126
Medium,CNRM-CM5,rcp85,90,-88.3
Medium,CNRM-CM5,rcp85,91,-133.2
Medium,CNRM-CM5,rcp85,92,-105.3
Medium,CNRM-CM5,rcp85,93,-89.9
Medium,CNRM-CM5,rcp85,94,-144.2
Medium,CNRM-CM5,rcp85,95,-120.5
Medium,CNRM-CM5,rcp85,96,-91.5
Medium,CNRM-CM5,rcp85,97,-117.4
Medium,CNRM-CM5,rcp85,98,-83.6
Medium,CNRM-CM5,rcp85,99,-105.5
Medium,CNRM-CM5,rcp85,100,-132.3
Medium,HadGEM2-ES,rcp45,1,-542.3
Medium,HadGEM2-ES,rcp45,2,-558
Medium,HadGEM2-ES,rcp45,3,-559.4
Medium,HadGEM2-ES,rcp45,4,-570.7
Medium,HadGEM2-ES,rcp45,5,-596.2
Medium,HadGEM2-ES,rcp45,6,-543.8
Medium,HadGEM2-ES,rcp45,7,-572.3
Medium,HadGEM2-ES,rcp45,8,-588.2
Medium,HadGEM2-ES,rcp45,9,-547.5
Medium,HadGEM2-ES,rcp45,10,-553.8
Medium,HadGEM2-ES,rcp45,11,-577.5
Medium,HadGEM2-ES,rcp45,12,-574.3
Medium,HadGEM2-ES,rcp45,13,-572.9
Medium,HadGEM2-ES,rcp45,14,-574.4
Medium,HadGEM2-ES,rcp45,15,-572.8
Medium,HadGEM2-ES,rcp45,16,-562
Medium,HadGEM2-ES,rcp45,17,-532.7
Medium,HadGEM2-ES,rcp45,18,-546.2
Medium,HadGEM2-ES,rcp45,19,-555.8
Medium,HadGEM2-ES,rcp45,20,-500
Medium,HadGEM2-ES,rcp45,21,-591.6
Medium,HadGEM2-ES,rcp45,22,-514.9
Medium,HadGEM2-ES,rcp45,23,-604.3
Medium,HadGEM2-ES,rcp45,24,-517.2
Medium,HadGEM2-ES,rcp45,25,-546.9
Medium,HadGEM2-ES,rcp45,26,-555.2
Medium,HadGEM2-ES,rcp45,27,-537.2
Medium,HadGEM2-ES,rcp45,28,-583.4
Medium,HadGEM2-ES,rcp45,29,-548
Medium,HadGEM2-ES,rcp45,30,-552
Medium,HadGEM2-ES,rcp45,31,-540.1
Medium,HadGEM2-ES,rcp45,32,-583.6
Medium,HadGEM2-ES,rcp45,33,-532.6
Medium,HadGEM2-ES,rcp45,34,-541.2
Medium,HadGEM2-ES,rcp45,35,-547.6
Medium,HadGEM2-ES,rcp45,36,-560.1
Medium,HadGEM2-ES,rcp45,37,-541
Medium,HadGEM2-ES,rcp45,38,-581.3
Medium,HadGEM2-ES,rcp45,39,-542.3
Medium,HadGEM2-ES,rcp45,40,-547.1
Medium,HadGEM2-ES,rcp45,41,-544.8
Medium,HadGEM2-ES,rcp45,42,-635.6
Medium,HadGEM2-ES,rcp45,43,-527.9
Medium,HadGEM2-ES,rcp45,44,-555.7
Medium,HadGEM2-ES,rcp45,45,-587.6
Medium,HadGEM2-ES,rcp45,46,-582.9
Medium,HadGEM2-ES,rcp45,47,-573.2
Medium,HadGEM2-ES,rcp45,48,-582.9
Medium,HadGEM2-ES,rcp45,49,-540
Medium,HadGEM2-ES,rcp45,50,-584.4
Medium,HadGEM2-ES,rcp45,51,-585.5
Medium,HadGEM2-ES,rcp45,52,-533.4
Medium,HadGEM2-ES,rcp45,53,-589.9
Medium,HadGEM2-ES,rcp45,54,-571.4
Medium,HadGEM2-ES,rcp45,55,-563.9
Medium,HadGEM2-ES,rcp45,56,-512.1
Medium,HadGEM2-ES,rcp45,57,-567.5
Medium,HadGEM2-ES,rcp45,58,-567.4
Medium,HadGEM2-ES,rcp45,59,-520.4
Medium,HadGEM2-ES,rcp45,60,-579.5
Medium,HadGEM2-ES,rcp45,61,-559.8
Medium,HadGEM2-ES,rcp45,62,-506.4
Medium,HadGEM2-ES,rcp45,63,-535.1
Medium,HadGEM2-ES,rcp45,64,-551.9
Medium,HadGEM2-ES,rcp45,65,-549.4
Medium,HadGEM2-ES,rcp45,66,-574.8
Medium,HadGEM2-ES,rcp45,67,-556.9
Medium,HadGEM2-ES,rcp45,68,-583.5
Medium,HadGEM2-ES,rcp45,69,-545.9
Medium,HadGEM2-ES,rcp45,70,-583.3
Medium,HadGEM2-ES,rcp45,71,-559.1
Medium,HadGEM2-ES,rcp45,72,-564.5
Medium,HadGEM2-ES,rcp45,73,-571.4
Medium,HadGEM2-ES,rcp45,74,-566.6
Medium,HadGEM2-ES,rcp45,75,-589
Medium,HadGEM2-ES,rcp45,76,-568.5
Medium,HadGEM2-ES,rcp45,77,-518.9
Medium,HadGEM2-ES,rcp45,78,-600
Medium,HadGEM2-ES,rcp45,79,-570.8
Medium,HadGEM2-ES,rcp45,80,-583.3
Medium,HadGEM2-ES,rcp45,81,-547.9
Medium,HadGEM2-ES,rcp45,82,-584.3
Medium,HadGEM2-ES,rcp45,83,-561.1
Medium,HadGEM2-ES,rcp45,84,-546.3
Medium,HadGEM2-ES,rcp45,85,-565.6
Medium,HadGEM2-ES,rcp45,86,-572.5
Medium,HadGEM2-ES,rcp45,87,-569.1
Medium,HadGEM2-ES,rcp45,88,-573.1
Medium,HadGEM2-ES,rcp45,89,-579.8
Medium,HadGEM2-ES,rcp45,90,-572.1
Medium,HadGEM2-ES,rcp45,91,-522
Medium,HadGEM2-ES,rcp45,92,-592.3
Medium,HadGEM2-ES,rcp45,93,-591.6
Medium,HadGEM2-ES,rcp45,94,-504.6
Medium,HadGEM2-ES,rcp45,95,-565.4
Medium,HadGEM2-ES,rcp45,96,-529.6
Medium,HadGEM2-ES,rcp45,97,-621.5
Medium,HadGEM2-ES,rcp45,98,-551
Medium,HadGEM2-ES,rcp45,99,-578.1
Medium,HadGEM2-ES,rcp45,100,-565.9
Medium,HadGEM2-ES,rcp85,1,-802.7
Medium,HadGEM2-ES,rcp85,2,-889.2
Medium,HadGEM2-ES,rcp85,3,-819.2
Medium,HadGEM2-ES,rcp85,4,-816.5
Medium,HadGEM2-ES,rcp85,5,-827.9
Medium,HadGEM2-ES,rcp85,6,-792.9
Medium,HadGEM2-ES,rcp85,7,-775.3
Medium,HadGEM2-ES,rcp85,8,-820.7
Medium,HadGEM2-ES,rcp85,9,-870.9
Medium,HadGEM2-ES,rcp85,10,-833.6
Medium,HadGEM2-ES,rcp85,11,-796
Medium,HadGEM2-ES,rcp85,12,-815.6
Medium,HadGEM2-ES,rcp85,13,-849.4
Medium,HadGEM2-ES,rcp85,14,-824.3
Medium,HadGEM2-ES,rcp85,15,-830.6
Medium,HadGEM2-ES,rcp85,16,-881.8
Medium,HadGEM2-ES,rcp85,17,-825.5
Medium,HadGEM2-ES,rcp85,18,-847.9
Medium,HadGEM2-ES,rcp85,19,-834.6
Medium,HadGEM2-ES,rcp85,20,-832.7
Medium,HadGEM2-ES,rcp85,21,-849.9
Medium,HadGEM2-ES,rcp85,22,-790.9
Medium,HadGEM2-ES,rcp85,23,-843.9
Medium,HadGEM2-ES,rcp85,24,-862.1
Medium,HadGEM2-ES,rcp85,25,-807.7
Medium,HadGEM2-ES,rcp85,26,-876.1
Medium,HadGEM2-ES,rcp85,27,-822.9
Medium,HadGEM2-ES,rcp85,28,-827.2
Medium,HadGEM2-ES,rcp85,29,-859.9
Medium,HadGEM2-ES,rcp85,30,-837.9
Medium,HadGEM2-ES,rcp85,31,-831.7
Medium,HadGEM2-ES,rcp85,32,-823.3
Medium,HadGEM2-ES,rcp85,33,-819.1
Medium,HadGEM2-ES,rcp85,34,-799.3
Medium,HadGEM2-ES,rcp85,35,-854
Medium,HadGEM2-ES,rcp85,36,-818.9
Medium,HadGEM2-ES,rcp85,37,-825.6
Medium,HadGEM2-ES,rcp85,38,-805.6
Medium,HadGEM2-ES,rcp85,39,-818.9
Medium,HadGEM2-ES,rcp85,40,-841
Medium,HadGEM2-ES,rcp85,41,-817
Medium,HadGEM2-ES,rcp85,42,-889.8
Medium,HadGEM2-ES,rcp85,43,-860.3
Medium,HadGEM2-ES,rcp85,44,-829.4
Medium,HadGEM2-ES,rcp85,45,-794.3
Medium,HadGEM2-ES,rcp85,46,-815.8
Medium,HadGEM2-ES,rcp85,47,-805
Medium,HadGEM2-ES,rcp85,48,-830.6
Medium,HadGEM2-ES,rcp85,49,-834.2
Medium,HadGEM2-ES,rcp85,50,-862.7
Medium,HadGEM2-ES,rcp85,51,-822.9
Medium,HadGEM2-ES,rcp85,52,-847.1
Medium,HadGEM2-ES,rcp85,53,-782.4
Medium,HadGEM2-ES,rcp85,54,-858.9
Medium,HadGEM2-ES,rcp85,55,-831
Medium,HadGEM2-ES,rcp85,56,-794.1
Medium,HadGEM2-ES,rcp85,57,-849.5
Medium,HadGEM2-ES,rcp85,58,-850.1
Medium,HadGEM2-ES,rcp85,59,-831.1
Medium,HadGEM2-ES,rcp85,60,-780
Medium,HadGEM2-ES,rcp85,61,-796
Medium,HadGEM2-ES,rcp85,62,-852.1
Medium,HadGEM2-ES,rcp85,63,-852.1
Medium,HadGEM2-ES,rcp85,64,-852.1
Medium,HadGEM2-ES,rcp85,65,-831
Medium,HadGEM2-ES,rcp85,66,-868.3
Medium,HadGEM2-ES,rcp85,67,-784.7
Medium,HadGEM2-ES,rcp85,68,-810.7
Medium,HadGEM2-ES,rcp85,69,-853.5
Medium,HadGEM2-ES,rcp85,70,-801.7
Medium,HadGEM2-ES,rcp85,71,-819.9
Medium,HadGEM2-ES,rcp85,72,-838.1
Medium,HadGEM2-ES,rcp85,73,-818.3
Medium,HadGEM2-ES,rcp85,74,-825.5
Medium,HadGEM2-ES,rcp85,75,-852.3
Medium,HadGEM2-ES,rcp85,76,-810
Medium,HadGEM2-ES,rcp85,77,-799
Medium,HadGEM2-ES,rcp85,78,-841
Medium,HadGEM2-ES,rcp85,79,-841
Medium,HadGEM2-ES,rcp85,80,-841
Medium,HadGEM2-ES,rcp85,81,-818.2
Medium,HadGEM2-ES,rcp85,82,-841.7
Medium,HadGEM2-ES,rcp85,83,-801.2
Medium,HadGEM2-ES,rcp85,84,-825.4
Medium,HadGEM2-ES,rcp85,85,-798.4
Medium,HadGEM2-ES,rcp85,86,-840.9
Medium,HadGEM2-ES,rcp85,87,-817
Medium,HadGEM2-ES,rcp85,88,-833.7
Medium,HadGEM2-ES,rcp85,89,-843
Medium,HadGEM2-ES,rcp85,90,-843.7
Medium,HadGEM2-ES,rcp85,91,-819.1
Medium,HadGEM2-ES,rcp85,92,-831.4
Medium,HadGEM2-ES,rcp85,93,-799.4
Medium,HadGEM2-ES,rcp85,94,-843
Medium,HadGEM2-ES,rcp85,95,-821.9
Medium,HadGEM2-ES,rcp85,96,-818.7
Medium,HadGEM2-ES,rcp85,97,-812.5
Medium,HadGEM2-ES,rcp85,98,-820.4
Medium,HadGEM2-ES,rcp85,99,-840.9
Medium,HadGEM2-ES,rcp85,100,-838.1
Medium,MIROC5,rcp45,1,-623.8
Medium,MIROC5,rcp45,2,-652.9
Medium,MIROC5,rcp45,3,-682.6
Medium,MIROC5,rcp45,4,-632.1
Medium,MIROC5,rcp45,5,-668.8
Medium,MIROC5,rcp45,6,-695.2
Medium,MIROC5,rcp45,7,-646.5
Medium,MIROC5,rcp45,8,-677.5
Medium,MIROC5,rcp45,9,-648.7
Medium,MIROC5,rcp45,10,-649.9
Medium,MIROC5,rcp45,11,-651
Medium,MIROC5,rcp45,12,-660.6
Medium,MIROC5,rcp45,13,-665.7
Medium,MIROC5,rcp45,14,-655.5
Medium,MIROC5,rcp45,15,-711.5
Medium,MIROC5,rcp45,16,-648.2
Medium,MIROC5,rcp45,17,-640.1
Medium,MIROC5,rcp45,18,-656.2
Medium,MIROC5,rcp45,19,-657.8
Medium,MIROC5,rcp45,20,-673.8
Medium,MIROC5,rcp45,21,-657.7
Medium,MIROC5,rcp45,22,-637.7
Medium,MIROC5,rcp45,23,-595.7
Medium,MIROC5,rcp45,24,-659.2
Medium,MIROC5,rcp45,25,-676.6
Medium,MIROC5,rcp45,26,-646.1
Medium,MIROC5,rcp45,27,-669.6
Medium,MIROC5,rcp45,28,-638.4
Medium,MIROC5,rcp45,29,-653.5
Medium,MIROC5,rcp45,30,-657.2
Medium,MIROC5,rcp45,31,-660
Medium,MIROC5,rcp45,32,-615.7
Medium,MIROC5,rcp45,33,-603.2
Medium,MIROC5,rcp45,34,-650.5
Medium,MIROC5,rcp45,35,-613.9
Medium,MIROC5,rcp45,36,-673.5
Medium,MIROC5,rcp45,37,-691.8
Medium,MIROC5,rcp45,38,-658.6
Medium,MIROC5,rcp45,39,-651.4
Medium,MIROC5,rcp45,40,-670.1
Medium,MIROC5,rcp45,41,-654.4
Medium,MIROC5,rcp45,42,-639.7
Medium,MIROC5,rcp45,43,-675.1
Medium,MIROC5,rcp45,44,-678.9
Medium,MIROC5,rcp45,45,-637.3
Medium,MIROC5,rcp45,46,-667.4
Medium,MIROC5,rcp45,47,-665.8
Medium,MIROC5,rcp45,48,-632.7
Medium,MIROC5,rcp45,49,-646.4
Medium,MIROC5,rcp45,50,-663.2
Medium,MIROC5,rcp45,51,-640.5
Medium,MIROC5,rcp45,52,-627
Medium,MIROC5,rcp45,53,-671.1
Medium,MIROC5,rcp45,54,-663.7
Medium,MIROC5,rcp45,55,-657.8
Medium,MIROC5,rcp45,56,-623
Medium,MIROC5,rcp45,57,-682.2
Medium,MIROC5,rcp45,58,-657.8
Medium,MIROC5,rcp45,59,-640
Medium,MIROC5,rcp45,60,-647.6
Medium,MIROC5,rcp45,61,-648.7
Medium,MIROC5,rcp45,62,-640.6
Medium,MIROC5,rcp45,63,-668.5
Medium,MIROC5,rcp45,64,-672.6
Medium,MIROC5,rcp45,65,-635.9
Medium,MIROC5,rcp45,66,-662.7
Medium,MIROC5,rcp45,67,-684.4
Medium,MIROC5,rcp45,68,-631.3
Medium,MIROC5,rcp45,69,-666.8
Medium,MIROC5,rcp45,70,-654.2
Medium,MIROC5,rcp45,71,-648
Medium,MIROC5,rcp45,72,-664.7
Medium,MIROC5,rcp45,73,-613.2
Medium,MIROC5,rcp45,74,-671.8
Medium,MIROC5,rcp45,75,-673.1
Medium,MIROC5,rcp45,76,-658.2
Medium,MIROC5,rcp45,77,-685
Medium,MIROC5,rcp45,78,-654.6
Medium,MIROC5,rcp45,79,-663.6
Medium,MIROC5,rcp45,80,-660.6
Medium,MIROC5,rcp45,81,-664.3
Medium,MIROC5,rcp45,82,-614.4
Medium,MIROC5,rcp45,83,-648
Medium,MIROC5,rcp45,84,-627.6
Medium,MIROC5,rcp45,85,-664.3
Medium,MIROC5,rcp45,86,-649.5
Medium,MIROC5,rcp45,87,-651.7
Medium,MIROC5,rcp45,88,-652.3
Medium,MIROC5,rcp45,89,-651.5
Medium,MIROC5,rcp45,90,-671.7
Medium,MIROC5,rcp45,91,-639.9
Medium,MIROC5,rcp45,92,-637.7
Medium,MIROC5,rcp45,93,-678.8
Medium,MIROC5,rcp45,94,-701.4
Medium,MIROC5,rcp45,95,-647.5
Medium,MIROC5,rcp45,96,-645.8
Medium,MIROC5,rcp45,97,-645.8
Medium,MIROC5,rcp45,98,-627.2
Medium,MIROC5,rcp45,99,-653.9
Medium,MIROC5,rcp45,100,-650.6
Medium,MIROC5,rcp85,1,-722.5
Medium,MIROC5,rcp85,2,-777.3
Medium,MIROC5,rcp85,3,-835.8
Medium,MIROC5,rcp85,4,-744.2
Medium,MIROC5,rcp85,5,-730.2
Medium,MIROC5,rcp85,6,-708.8
Medium,MIROC5,rcp85,7,-735.7
Medium,MIROC5,rcp85,8,-812.9
Medium,MIROC5,rcp85,9,-746.4
Medium,MIROC5,rcp85,10,-760.4
Medium,MIROC5,rcp85,11,-768.9
Medium,MIROC5,rcp85,12,-760.4
Medium,MIROC5,rcp85,13,-769
Medium,MIROC5,rcp85,14,-744.3
Medium,MIROC5,rcp85,15,-717.2
Medium,MIROC5,rcp85,16,-781.4
Medium,MIROC5,rcp85,17,-745.9
Medium,MIROC5,rcp85,18,-709.6
Medium,MIROC5,rcp85,19,-734.7
Medium,MIROC5,rcp85,20,-716.3
Medium,MIROC5,rcp85,21,-754.5
Medium,MIROC5,rcp85,22,-759.6
Medium,MIROC5,rcp85,23,-792.9
Medium,MIROC5,rcp85,24,-708.9
Medium,MIROC5,rcp85,25,-745
Medium,MIROC5,rcp85,26,-753.3
Medium,MIROC5,rcp85,27,-805.8
Medium,MIROC5,rcp85,28,-778.1
Medium,MIROC5,rcp85,29,-766.6
Medium,MIROC5,rcp85,30,-764.6
Medium,MIROC5,rcp85,31,-732.1
Medium,MIROC5,rcp85,32,-745.3
Medium,MIROC5,rcp85,33,-764
Medium,MIROC5,rcp85,34,-761.5
Medium,MIROC5,rcp85,35,-741
Medium,MIROC5,rcp85,36,-751.7
Medium,MIROC5,rcp85,37,-743.4
Medium,MIROC5,rcp85,38,-718.2
Medium,MIROC5,rcp85,39,-766.2
Medium,MIROC5,rcp85,40,-774.7
Medium,MIROC5,rcp85,41,-724.2
Medium,MIROC5,rcp85,42,-790.5
Medium,MIROC5,rcp85,43,-768.5
Medium,MIROC5,rcp85,44,-797.5
Medium,MIROC5,rcp85,45,-771
Medium,MIROC5,rcp85,46,-734.6
Medium,MIROC5,rcp85,47,-764.2
Medium,MIROC5,rcp85,48,-802.4
Medium,MIROC5,rcp85,49,-734.7
Medium,MIROC5,rcp85,50,-767.8
Medium,MIROC5,rcp85,51,-734.4
Medium,MIROC5,rcp85,52,-735.3
Medium,MIROC5,rcp85,53,-786.4
Medium,MIROC5,rcp85,54,-773.7
Medium,MIROC5,rcp85,55,-744
Medium,MIROC5,rcp85,56,-779.6
Medium,MIROC5,rcp85,57,-728.1
Medium,MIROC5,rcp85,58,-757.1
Medium,MIROC5,rcp85,59,-754.7
Medium,MIROC5,rcp85,60,-768.1
Medium,MIROC5,rcp85,61,-763.3
Medium,MIROC5,rcp85,62,-800.6
Medium,MIROC5,rcp85,63,-733.5
Medium,MIROC5,rcp85,64,-756
Medium,MIROC5,rcp85,65,-759.6
Medium,MIROC5,rcp85,66,-781.4
Medium,MIROC5,rcp85,67,-719.7
Medium,MIROC5,rcp85,68,-722.7
Medium,MIROC5,rcp85,69,-810.9
Medium,MIROC5,rcp85,70,-770.1
Medium,MIROC5,rcp85,71,-746.1
Medium,MIROC5,rcp85,72,-781.5
Medium,MIROC5,rcp85,73,-734.4
Medium,MIROC5,rcp85,74,-759.7
Medium,MIROC5,rcp85,75,-768.4
Medium,MIROC5,rcp85,76,-754.2
Medium,MIROC5,rcp85,77,-772
Medium,MIROC5,rcp85,78,-730.5
Medium,MIROC5,rcp85,79,-785.6
Medium,MIROC5,rcp85,80,-745
Medium,MIROC5,rcp85,81,-812.9
Medium,MIROC5,rcp85,82,-774
Medium,MIROC5,rcp85,83,-734.6
Medium,MIROC5,rcp85,84,-764.2
Medium,MIROC5,rcp85,85,-764.8
Medium,MIROC5,rcp85,86,-764.2
Medium,MIROC5,rcp85,87,-822.9
Medium,MIROC5,rcp85,88,-726
Medium,MIROC5,rcp85,89,-762
Medium,MIROC5,rcp85,90,-728.1
Medium,MIROC5,rcp85,91,-785.6
Medium,MIROC5,rcp85,92,-776.1
Medium,MIROC5,rcp85,93,-777.5
Medium,MIROC5,rcp85,94,-754.2
Medium,MIROC5,rcp85,95,-752.2
Medium,MIROC5,rcp85,96,-711.3
Medium,MIROC5,rcp85,97,-792.6
Medium,MIROC5,rcp85,98,-795.2
Medium,MIROC5,rcp85,99,-743.8
Medium,MIROC5,rcp85,100,-770.3
