Timestep,EcoregionID,EcoregionName,Mean,Lower,Upper
2002,1,Coast Range,-0.2,-0.4,0.1
2002,4,Cascades,-0,-0.1,0
2002,5,Sierra Nevada,-3.8,-4,-3.7
2002,6,Oak Woodlands,-8.6,-8.9,-8.3
2002,7,Central Valley,-3.1,-3.2,-3
2002,8,SoCal Mtns.,-3.7,-3.8,-3.6
2002,9,East Cascades,-1.8,-1.9,-1.7
2002,13,Central B&R,-0.6,-0.6,-0.6
2002,14,Mojave B&R,-3.7,-3.7,-3.6
2002,78,Klamath Mtns.,-0.2,-0.5,0.1
2002,80,Northern B&R,-0.3,-0.3,-0.2
2002,81,Sonoran B&R,-1.4,-1.4,-1.4
2003,1,Coast Range,-0.2,-0.4,-0
2003,4,Cascades,0.1,0,0.1
2003,5,Sierra Nevada,-2.5,-2.7,-2.3
2003,6,Oak Woodlands,-4.1,-4.3,-3.9
2003,7,Central Valley,-0.5,-0.6,-0.4
2003,8,SoCal Mtns.,-1.1,-1.2,-1.1
2003,9,East Cascades,0.3,0.2,0.4
2003,13,Central B&R,-0.3,-0.3,-0.3
2003,14,Mojave B&R,0.8,0.8,0.8
2003,78,Klamath Mtns.,1.3,1,1.5
2003,80,Northern B&R,0,0,0.1
2003,81,Sonoran B&R,0,-0,0.1
2004,1,Coast Range,-0.7,-1,-0.5
2004,4,Cascades,0.1,0.1,0.1
2004,5,Sierra Nevada,-2.6,-2.7,-2.4
2004,6,Oak Woodlands,2.6,2.4,2.8
2004,7,Central Valley,2.3,2.2,2.4
2004,8,SoCal Mtns.,1.1,1.1,1.2
2004,9,East Cascades,-0.2,-0.3,-0.2
2004,13,Central B&R,0.3,0.3,0.4
2004,14,Mojave B&R,3.3,3.3,3.3
2004,78,Klamath Mtns.,0.2,-0,0.4
2004,80,Northern B&R,-0.2,-0.2,-0.1
2004,81,Sonoran B&R,1,0.9,1
2005,1,Coast Range,1.7,1.5,2
2005,4,Cascades,0.2,0.2,0.3
2005,5,Sierra Nevada,2.4,2.2,2.6
2005,6,Oak Woodlands,11.2,11,11.4
2005,7,Central Valley,6.4,6.3,6.5
2005,8,SoCal Mtns.,4.3,4.3,4.4
2005,9,East Cascades,2.1,2,2.2
2005,13,Central B&R,0.9,0.9,0.9
2005,14,Mojave B&R,4.3,4.3,4.3
2005,78,Klamath Mtns.,3.8,3.6,4.1
2005,80,Northern B&R,0.2,0.1,0.2
2005,81,Sonoran B&R,1.1,1.1,1.1
2006,1,Coast Range,1.2,1,1.4
2006,4,Cascades,0.1,0.1,0.2
2006,5,Sierra Nevada,1.6,1.4,1.7
2006,6,Oak Woodlands,2.2,2,2.4
2006,7,Central Valley,4,3.9,4.1
2006,8,SoCal Mtns.,-1.4,-1.5,-1.3
2006,9,East Cascades,0,-0.1,0.1
2006,13,Central B&R,0.2,0.2,0.2
2006,14,Mojave B&R,-2.6,-2.6,-2.6
2006,78,Klamath Mtns.,0.4,0.1,0.7
2006,80,Northern B&R,0,0,0.1
2006,81,Sonoran B&R,-1.4,-1.4,-1.4
2007,1,Coast Range,-2,-2.3,-1.7
2007,4,Cascades,-0.2,-0.2,-0.1
2007,5,Sierra Nevada,-6.5,-6.7,-6.4
2007,6,Oak Woodlands,-17.8,-18,-17.6
2007,7,Central Valley,-8.4,-8.6,-8.3
2007,8,SoCal Mtns.,-5.8,-5.9,-5.7
2007,9,East Cascades,-1.5,-1.6,-1.4
2007,13,Central B&R,-0.7,-0.7,-0.7
2007,14,Mojave B&R,-2.9,-2.9,-2.8
2007,78,Klamath Mtns.,-3.2,-3.5,-3
2007,80,Northern B&R,-0.3,-0.4,-0.3
2007,81,Sonoran B&R,-0.7,-0.8,-0.7
2008,1,Coast Range,-2,-2.3,-1.8
2008,4,Cascades,-0.3,-0.3,-0.2
2008,5,Sierra Nevada,-4.5,-4.7,-4.3
2008,6,Oak Woodlands,-6.8,-7,-6.5
2008,7,Central Valley,-2.1,-2.3,-1.9
2008,8,SoCal Mtns.,0.3,0.3,0.4
2008,9,East Cascades,-1.9,-2.1,-1.8
2008,13,Central B&R,0.1,0,0.1
2008,14,Mojave B&R,-0.5,-0.6,-0.5
2008,78,Klamath Mtns.,-11,-11.4,-10.5
2008,80,Northern B&R,-0.3,-0.3,-0.3
2008,81,Sonoran B&R,0.2,0.2,0.2
2009,1,Coast Range,-1.5,-1.7,-1.3
2009,4,Cascades,-0.1,-0.1,-0
2009,5,Sierra Nevada,-1.1,-1.3,-0.9
2009,6,Oak Woodlands,-4.9,-5.1,-4.7
2009,7,Central Valley,-0.4,-0.9,-0.1
2009,8,SoCal Mtns.,-3,-3.1,-2.9
2009,9,East Cascades,-1.4,-1.5,-1.3
2009,13,Central B&R,-0,-0,-0
2009,14,Mojave B&R,-2.6,-2.6,-2.6
2009,78,Klamath Mtns.,-3.2,-3.5,-2.9
2009,80,Northern B&R,-0,-0,-0
2009,81,Sonoran B&R,-1,-1,-0.9
2010,1,Coast Range,2.3,2.1,2.4
2010,4,Cascades,0.2,0.1,0.2
2010,5,Sierra Nevada,4.1,4,4.3
2010,6,Oak Woodlands,21.5,21.3,21.6
2010,7,Central Valley,14.7,14.2,15.1
2010,8,SoCal Mtns.,4.4,4.4,4.5
2010,9,East Cascades,1.3,1.2,1.3
2010,13,Central B&R,1.2,1.2,1.3
2010,14,Mojave B&R,4.9,4.9,4.9
2010,78,Klamath Mtns.,3.9,3.6,4.1
2010,80,Northern B&R,0.2,0.2,0.2
2010,81,Sonoran B&R,1.5,1.5,1.5
2011,1,Coast Range,0,-0.1,0.2
2011,4,Cascades,-0,-0.1,0
2011,5,Sierra Nevada,-0.1,-0.2,0
2011,6,Oak Woodlands,-0.4,-0.6,-0.2
2011,7,Central Valley,-0.3,-0.8,0.1
2011,8,SoCal Mtns.,-0.3,-0.4,-0.3
2011,9,East Cascades,-0.5,-0.6,-0.4
2011,13,Central B&R,-0.4,-0.4,-0.4
2011,14,Mojave B&R,-1.5,-1.5,-1.5
2011,78,Klamath Mtns.,-0.3,-0.5,-0
2011,80,Northern B&R,-0,-0,-0
2011,81,Sonoran B&R,-0.4,-0.4,-0.4
2012,1,Coast Range,1.7,1.6,1.9
2012,4,Cascades,0.1,0.1,0.1
2012,5,Sierra Nevada,-0.7,-0.9,-0.6
2012,6,Oak Woodlands,-2.8,-3,-2.6
2012,7,Central Valley,-0,-0.5,0.5
2012,8,SoCal Mtns.,-2.3,-2.4,-2.3
2012,9,East Cascades,0.2,0.1,0.2
2012,13,Central B&R,-0.2,-0.3,-0.2
2012,14,Mojave B&R,-2,-2,-2
2012,78,Klamath Mtns.,0.5,0.3,0.8
2012,80,Northern B&R,-0.2,-0.3,-0.2
2012,81,Sonoran B&R,-0.4,-0.4,-0.3
2013,1,Coast Range,-7,-7.5,-6.4
2013,4,Cascades,-0.6,-0.7,-0.5
2013,5,Sierra Nevada,-15,-15.6,-14.3
2013,6,Oak Woodlands,-26.6,-27.3,-26
2013,7,Central Valley,-13.8,-14.4,-13.2
2013,8,SoCal Mtns.,-4.5,-4.5,-4.4
2013,9,East Cascades,-3.4,-3.8,-3.2
2013,13,Central B&R,-1.1,-1.2,-1.1
2013,14,Mojave B&R,-2.4,-2.5,-2.4
2013,78,Klamath Mtns.,-15.1,-16.4,-14.2
2013,80,Northern B&R,-0.3,-0.4,-0.3
2013,81,Sonoran B&R,-0.1,-0.2,-0.1
2014,1,Coast Range,-0.6,-1.2,0
2014,4,Cascades,-0.1,-0.2,-0
2014,5,Sierra Nevada,-5,-5.6,-4.4
2014,6,Oak Woodlands,-6.2,-6.9,-5.5
2014,7,Central Valley,0.1,-0.5,0.6
2014,8,SoCal Mtns.,-2.1,-2.2,-2.1
2014,9,East Cascades,-0.7,-1.1,-0.5
2014,13,Central B&R,-0.5,-0.6,-0.5
2014,14,Mojave B&R,-2.5,-2.5,-2.4
2014,78,Klamath Mtns.,-4.2,-5.5,-3.3
2014,80,Northern B&R,0.1,0,0.1
2014,81,Sonoran B&R,-0.8,-0.8,-0.7
2015,1,Coast Range,-2.7,-3.2,-2.1
2015,4,Cascades,-0.2,-0.4,-0.2
2015,5,Sierra Nevada,-6.1,-6.7,-5.4
2015,6,Oak Woodlands,-16.4,-17.1,-15.8
2015,7,Central Valley,-6,-6.6,-5.4
2015,8,SoCal Mtns.,-3.2,-3.2,-3.1
2015,9,East Cascades,-0.9,-1.3,-0.7
2015,13,Central B&R,0,-0.1,0.1
2015,14,Mojave B&R,-1,-1,-1
2015,78,Klamath Mtns.,-8,-9.3,-7.1
2015,80,Northern B&R,0.1,0.1,0.1
2015,81,Sonoran B&R,-0.3,-0.4,-0.3
2016,1,Coast Range,0.9,-1.8,3
2016,4,Cascades,0.1,-0.1,0.3
2016,5,Sierra Nevada,0.7,-4.7,3.7
2016,6,Oak Woodlands,5.7,-10.6,17.7
2016,7,Central Valley,5.6,-5.3,12.1
2016,8,SoCal Mtns.,0.8,-2.1,3.9
2016,9,East Cascades,0.1,-2.2,2.6
2016,13,Central B&R,0.4,-0.4,1.2
2016,14,Mojave B&R,0.3,-3.4,5.1
2016,78,Klamath Mtns.,3.9,-0.4,7.1
2016,80,Northern B&R,0,-0.3,0.3
2016,81,Sonoran B&R,-0.2,-1.4,1.5
2017,1,Coast Range,-2,-6.1,0.3
2017,4,Cascades,-0.2,-0.6,0.1
2017,5,Sierra Nevada,-3.8,-8.1,0.1
2017,6,Oak Woodlands,-8,-21.1,10.1
2017,7,Central Valley,-5.2,-13.7,4.5
2017,8,SoCal Mtns.,-1.1,-4.4,2.7
2017,9,East Cascades,-2,-4.6,-0.2
2017,13,Central B&R,-0.2,-1.2,0.4
2017,14,Mojave B&R,-0.4,-3.9,3.1
2017,78,Klamath Mtns.,-1.6,-11.4,2.6
2017,80,Northern B&R,-0.3,-0.5,-0
2017,81,Sonoran B&R,0.3,-1.2,2.4
2018,1,Coast Range,-0.1,-2.9,2.2
2018,4,Cascades,-0,-0.4,0.2
2018,5,Sierra Nevada,-1.5,-5.5,1.9
2018,6,Oak Woodlands,0.3,-11,14.5
2018,7,Central Valley,0,-9,8
2018,8,SoCal Mtns.,0.7,-2.4,4.4
2018,9,East Cascades,-0.7,-3.1,1.4
2018,13,Central B&R,-0,-0.4,0.6
2018,14,Mojave B&R,1.2,-2.3,4.4
2018,78,Klamath Mtns.,1.1,-4.9,5.1
2018,80,Northern B&R,-0.1,-0.4,0.2
2018,81,Sonoran B&R,0.5,-0.4,1.4
2019,1,Coast Range,1.3,-2,3.1
2019,4,Cascades,0.1,-0.4,0.3
2019,5,Sierra Nevada,0.4,-5.6,3.6
2019,6,Oak Woodlands,5.6,-14.7,13.8
2019,7,Central Valley,3.9,-7.6,9.4
2019,8,SoCal Mtns.,0.9,-2.9,4
2019,9,East Cascades,0.8,-1.9,4.1
2019,13,Central B&R,0.4,-0.7,1.3
2019,14,Mojave B&R,0.9,-2.5,5.9
2019,78,Klamath Mtns.,3.2,-2,6.9
2019,80,Northern B&R,0.1,-0.3,0.7
2019,81,Sonoran B&R,0.3,-1,2.3
2020,1,Coast Range,-0.3,-3.9,2.5
2020,4,Cascades,-0,-0.4,0.2
2020,5,Sierra Nevada,-1.7,-7.3,2.2
2020,6,Oak Woodlands,2.3,-13.5,24.3
2020,7,Central Valley,0.3,-10.8,13.8
2020,8,SoCal Mtns.,1.3,-3.7,5.4
2020,9,East Cascades,-0.9,-2.9,2.6
2020,13,Central B&R,0.3,-0.7,1.5
2020,14,Mojave B&R,1.2,-3.7,4.6
2020,78,Klamath Mtns.,0.1,-6.6,4
2020,80,Northern B&R,-0.1,-0.4,0.4
2020,81,Sonoran B&R,0.4,-1.3,1.4
2021,1,Coast Range,0.5,-2.3,2.6
2021,4,Cascades,0,-0.2,0.2
2021,5,Sierra Nevada,-0.7,-5.4,1.8
2021,6,Oak Woodlands,-1,-16.3,10.1
2021,7,Central Valley,-0.8,-11.8,9.8
2021,8,SoCal Mtns.,-0.5,-3,1.2
2021,9,East Cascades,0.4,-1.9,2.8
2021,13,Central B&R,-0,-1.1,0.4
2021,14,Mojave B&R,-0.7,-3.8,2.7
2021,78,Klamath Mtns.,1.8,-2.4,4.9
2021,80,Northern B&R,0,-0.4,0.5
2021,81,Sonoran B&R,-0.5,-1.5,0.8
2022,1,Coast Range,-0.4,-2.9,1.5
2022,4,Cascades,-0,-0.4,0.2
2022,5,Sierra Nevada,-1.9,-7.3,2.5
2022,6,Oak Woodlands,-2.5,-22,25.6
2022,7,Central Valley,-2.2,-13.4,14.5
2022,8,SoCal Mtns.,-0.2,-4.2,6.2
2022,9,East Cascades,0,-2.2,2.2
2022,13,Central B&R,0.1,-0.9,1.2
2022,14,Mojave B&R,-0.2,-3.9,6.9
2022,78,Klamath Mtns.,0.6,-2.7,4.2
2022,80,Northern B&R,0,-0.3,0.3
2022,81,Sonoran B&R,-0,-1.2,3
2023,1,Coast Range,-0.5,-2.8,1.4
2023,4,Cascades,-0.1,-0.4,0.1
2023,5,Sierra Nevada,-1.5,-4.1,1.6
2023,6,Oak Woodlands,-2.9,-12.7,7.9
2023,7,Central Valley,-1.4,-8.3,5.7
2023,8,SoCal Mtns.,-0.8,-4.3,2.7
2023,9,East Cascades,-0.6,-2.7,1.4
2023,13,Central B&R,0.1,-0.7,1.3
2023,14,Mojave B&R,-0.3,-3.6,3.2
2023,78,Klamath Mtns.,-0.5,-6.6,3.1
2023,80,Northern B&R,-0.1,-0.4,0.4
2023,81,Sonoran B&R,-0.3,-1.4,1.1
2024,1,Coast Range,0.5,-3.3,3
2024,4,Cascades,-0,-0.3,0.2
2024,5,Sierra Nevada,-0.3,-4,3.3
2024,6,Oak Woodlands,6,-9.7,26.2
2024,7,Central Valley,4.2,-7,17
2024,8,SoCal Mtns.,1,-1.9,6
2024,9,East Cascades,-0.1,-1.8,3.4
2024,13,Central B&R,0.6,-0.4,1.7
2024,14,Mojave B&R,0.7,-2.5,5.9
2024,78,Klamath Mtns.,0.5,-5.2,4.7
2024,80,Northern B&R,0,-0.3,0.5
2024,81,Sonoran B&R,-0.2,-1.1,0.7
2025,1,Coast Range,0.4,-2.7,2.8
2025,4,Cascades,-0.1,-0.5,0.1
2025,5,Sierra Nevada,0.1,-2.4,2.6
2025,6,Oak Woodlands,6.8,-7.9,18.3
2025,7,Central Valley,2.9,-4.5,9.3
2025,8,SoCal Mtns.,1.8,-2,3.6
2025,9,East Cascades,0.7,-0.9,3
2025,13,Central B&R,0.5,-0.2,0.9
2025,14,Mojave B&R,1.6,-1.6,4
2025,78,Klamath Mtns.,0.2,-6,3.8
2025,80,Northern B&R,0.2,-0,0.6
2025,81,Sonoran B&R,0.5,-0.9,1.8
2026,1,Coast Range,-0.1,-2.4,1.7
2026,4,Cascades,-0.1,-0.4,0.1
2026,5,Sierra Nevada,-0.9,-2.6,1.1
2026,6,Oak Woodlands,4.4,-2.8,13.8
2026,7,Central Valley,1.1,-5.8,9.6
2026,8,SoCal Mtns.,1.8,-0.9,5
2026,9,East Cascades,-0.6,-2.3,1.4
2026,13,Central B&R,0.5,0,0.9
2026,14,Mojave B&R,1.4,-1.2,6.2
2026,78,Klamath Mtns.,-0.9,-4.2,2.2
2026,80,Northern B&R,-0,-0.3,0.2
2026,81,Sonoran B&R,-0.1,-1.3,1.4
2027,1,Coast Range,-0.8,-4.3,2
2027,4,Cascades,-0.2,-1,0.1
2027,5,Sierra Nevada,-3,-13.1,1.9
2027,6,Oak Woodlands,-4,-25.2,14.7
2027,7,Central Valley,-3.8,-16.8,8.9
2027,8,SoCal Mtns.,-0.5,-5.2,3.3
2027,9,East Cascades,-1.3,-4,1.8
2027,13,Central B&R,-0.1,-1.4,1
2027,14,Mojave B&R,-0.6,-3.6,4.3
2027,78,Klamath Mtns.,-1.4,-5.6,2.5
2027,80,Northern B&R,-0.2,-0.4,0.3
2027,81,Sonoran B&R,-0.3,-1.2,1.4
2028,1,Coast Range,-0.7,-3.2,2.2
2028,4,Cascades,-0.1,-0.5,0.1
2028,5,Sierra Nevada,-2.2,-4.5,2
2028,6,Oak Woodlands,-4.1,-13.4,14.3
2028,7,Central Valley,-2.6,-10.5,8.4
2028,8,SoCal Mtns.,-0.9,-2.5,3.1
2028,9,East Cascades,-0.6,-1.9,0.9
2028,13,Central B&R,-0.2,-0.9,1.1
2028,14,Mojave B&R,-1.1,-3.1,4.6
2028,78,Klamath Mtns.,-1,-5.3,3.1
2028,80,Northern B&R,-0,-0.4,0.3
2028,81,Sonoran B&R,-0.2,-0.9,1.4
2029,1,Coast Range,-0.5,-4,2.7
2029,4,Cascades,-0.1,-0.6,0.2
2029,5,Sierra Nevada,-1.7,-6.3,3.5
2029,6,Oak Woodlands,1.7,-12.7,20.6
2029,7,Central Valley,1,-8.9,13.5
2029,8,SoCal Mtns.,0.5,-2.8,3.1
2029,9,East Cascades,-0.7,-3.3,3
2029,13,Central B&R,0.1,-0.8,1.2
2029,14,Mojave B&R,0.1,-2.6,2.7
2029,78,Klamath Mtns.,-1.5,-7.3,4
2029,80,Northern B&R,-0,-0.5,0.6
2029,81,Sonoran B&R,-0.3,-1,0.9
2030,1,Coast Range,-0.1,-4.1,2
2030,4,Cascades,-0.1,-0.4,0.1
2030,5,Sierra Nevada,-0.5,-6.9,2.9
2030,6,Oak Woodlands,2.9,-19.1,15.7
2030,7,Central Valley,2.8,-8.6,9.3
2030,8,SoCal Mtns.,0.9,-3.3,4.5
2030,9,East Cascades,0.4,-1.7,1.7
2030,13,Central B&R,0.5,-0.5,1.5
2030,14,Mojave B&R,1.4,-2.1,4.4
2030,78,Klamath Mtns.,-0.2,-4.7,3.2
2030,80,Northern B&R,0.1,-0.2,0.3
2030,81,Sonoran B&R,0.2,-0.9,0.7
2031,1,Coast Range,-0.8,-4.1,1.5
2031,4,Cascades,-0.1,-0.3,0.1
2031,5,Sierra Nevada,-1.6,-4.2,1.3
2031,6,Oak Woodlands,-1.7,-10.5,10.3
2031,7,Central Valley,-1.2,-8.8,5.3
2031,8,SoCal Mtns.,0,-2.4,2.9
2031,9,East Cascades,-0.5,-2.1,1.9
2031,13,Central B&R,-0.1,-0.7,1.2
2031,14,Mojave B&R,-0,-3.1,5.2
2031,78,Klamath Mtns.,-1.1,-5.9,2.5
2031,80,Northern B&R,-0.1,-0.3,0.2
2031,81,Sonoran B&R,-0,-1.2,2.1
2032,1,Coast Range,0.1,-2.4,2.2
2032,4,Cascades,-0,-0.3,0.2
2032,5,Sierra Nevada,0.5,-4,3.3
2032,6,Oak Woodlands,5.8,-17.7,20
2032,7,Central Valley,4,-12,10.4
2032,8,SoCal Mtns.,1.2,-4,4.7
2032,9,East Cascades,0.1,-1.6,2.3
2032,13,Central B&R,0.6,-0.7,1.3
2032,14,Mojave B&R,0.5,-4.1,5.4
2032,78,Klamath Mtns.,0.2,-4.2,3.7
2032,80,Northern B&R,0.1,-0.1,0.4
2032,81,Sonoran B&R,0.1,-1.7,2.6
2033,1,Coast Range,-1.1,-3.2,1.8
2033,4,Cascades,-0.1,-0.4,0.2
2033,5,Sierra Nevada,-1.6,-5.3,3
2033,6,Oak Woodlands,-2.6,-12.8,15
2033,7,Central Valley,-2,-10.6,6.6
2033,8,SoCal Mtns.,-0.1,-2.9,4.3
2033,9,East Cascades,-1.4,-3.5,0.9
2033,13,Central B&R,-0,-0.7,1.3
2033,14,Mojave B&R,-0.3,-3.2,4.6
2033,78,Klamath Mtns.,-1.5,-5.7,3.8
2033,80,Northern B&R,-0.2,-0.5,0.2
2033,81,Sonoran B&R,-0.4,-1.3,0.6
2034,1,Coast Range,-1.3,-4,0.6
2034,4,Cascades,-0.2,-0.7,0
2034,5,Sierra Nevada,-2.5,-8.3,-0
2034,6,Oak Woodlands,-5.8,-18.3,8.1
2034,7,Central Valley,-3.3,-14.4,6.1
2034,8,SoCal Mtns.,-1,-3.6,2.7
2034,9,East Cascades,-1.2,-3.7,0.4
2034,13,Central B&R,-0.2,-0.8,0.6
2034,14,Mojave B&R,-0.9,-3,1.8
2034,78,Klamath Mtns.,-2.4,-7.2,1.1
2034,80,Northern B&R,-0.2,-0.5,0.2
2034,81,Sonoran B&R,-0.4,-1.1,1
2035,1,Coast Range,-1.4,-3.1,0.3
2035,4,Cascades,-0.1,-0.5,0.1
2035,5,Sierra Nevada,-3,-8.7,0.4
2035,6,Oak Woodlands,-7.2,-19.3,7.3
2035,7,Central Valley,-4.4,-11,3.8
2035,8,SoCal Mtns.,-1.2,-4.4,3
2035,9,East Cascades,-1.1,-2.7,0.4
2035,13,Central B&R,-0.3,-1.3,0.7
2035,14,Mojave B&R,-1.2,-3.4,2.2
2035,78,Klamath Mtns.,-2,-5.5,1.8
2035,80,Northern B&R,-0.2,-0.4,0.1
2035,81,Sonoran B&R,-0.1,-0.9,1.1
2036,1,Coast Range,-0.1,-2.1,2.6
2036,4,Cascades,-0,-0.5,0.1
2036,5,Sierra Nevada,0.4,-1.9,3.5
2036,6,Oak Woodlands,3.2,-9.9,15.1
2036,7,Central Valley,2.7,-5.2,10.2
2036,8,SoCal Mtns.,0.8,-2.3,4.2
2036,9,East Cascades,0.1,-1.3,1.4
2036,13,Central B&R,0.3,-0.6,1.2
2036,14,Mojave B&R,0,-3.1,4.6
2036,78,Klamath Mtns.,-0.1,-3.3,3.5
2036,80,Northern B&R,0,-0.3,0.3
2036,81,Sonoran B&R,-0.1,-1.1,1
2037,1,Coast Range,-0.4,-3.4,1.6
2037,4,Cascades,-0.1,-0.5,0.1
2037,5,Sierra Nevada,-1.3,-6,2.6
2037,6,Oak Woodlands,-0.3,-21.2,20.9
2037,7,Central Valley,-0.6,-12.6,12.5
2037,8,SoCal Mtns.,0.2,-5,5.5
2037,9,East Cascades,-1.2,-2.7,0.6
2037,13,Central B&R,0,-0.9,1.5
2037,14,Mojave B&R,0.5,-4.2,6.3
2037,78,Klamath Mtns.,-1.1,-5.7,1.6
2037,80,Northern B&R,-0.1,-0.4,0.2
2037,81,Sonoran B&R,0.2,-1.1,2.1
2038,1,Coast Range,-0.3,-2.7,2.4
2038,4,Cascades,-0.1,-0.3,0.1
2038,5,Sierra Nevada,-0.3,-3.1,3.9
2038,6,Oak Woodlands,1.5,-12.7,33.2
2038,7,Central Valley,1.1,-6.9,21.1
2038,8,SoCal Mtns.,0.1,-3.2,6.7
2038,9,East Cascades,-0.5,-2.1,0.7
2038,13,Central B&R,0.2,-0.5,1.9
2038,14,Mojave B&R,-0.1,-2.9,7.4
2038,78,Klamath Mtns.,-0.7,-4.3,3
2038,80,Northern B&R,-0,-0.3,0.2
2038,81,Sonoran B&R,-0.1,-1,2.2
2039,1,Coast Range,-0.1,-2.3,2.2
2039,4,Cascades,-0,-0.3,0.1
2039,5,Sierra Nevada,-0.1,-3.1,2.5
2039,6,Oak Woodlands,4.8,-10.6,19.4
2039,7,Central Valley,2.2,-8.5,11.5
2039,8,SoCal Mtns.,1.8,-1.3,5.2
2039,9,East Cascades,0.3,-1.6,2.2
2039,13,Central B&R,0.4,-0.5,1
2039,14,Mojave B&R,1.9,-1.2,4
2039,78,Klamath Mtns.,-0.5,-3.4,3.2
2039,80,Northern B&R,0.2,-0.1,0.6
2039,81,Sonoran B&R,0.5,-0.6,2.1
2040,1,Coast Range,0.1,-3.3,2.9
2040,4,Cascades,-0,-0.4,0.2
2040,5,Sierra Nevada,-1.3,-8,2.8
2040,6,Oak Woodlands,-0.5,-20.6,15
2040,7,Central Valley,0.3,-15.5,13.8
2040,8,SoCal Mtns.,0.1,-3.4,3.6
2040,9,East Cascades,-0.1,-3.1,1.6
2040,13,Central B&R,-0.1,-1.2,1
2040,14,Mojave B&R,-0.3,-3.1,3.6
2040,78,Klamath Mtns.,0.6,-4.8,4.2
2040,80,Northern B&R,-0,-0.5,0.4
2040,81,Sonoran B&R,-0.3,-1.6,1
2041,1,Coast Range,0.5,-2.4,2.9
2041,4,Cascades,0.1,-0.3,0.2
2041,5,Sierra Nevada,0.2,-5.3,3.2
2041,6,Oak Woodlands,2.5,-12.8,18.9
2041,7,Central Valley,0.8,-10.3,12.8
2041,8,SoCal Mtns.,0.3,-3,3.5
2041,9,East Cascades,0.7,-2.1,2.9
2041,13,Central B&R,0.3,-0.7,1.1
2041,14,Mojave B&R,-0.1,-3.2,2.3
2041,78,Klamath Mtns.,1.6,-3.7,5.8
2041,80,Northern B&R,0.1,-0.4,0.5
2041,81,Sonoran B&R,-0.2,-1.9,1.1
2042,1,Coast Range,-0.4,-3.2,1.8
2042,4,Cascades,-0.1,-0.4,0.1
2042,5,Sierra Nevada,-0.6,-3.5,2.7
2042,6,Oak Woodlands,0,-9.8,12.6
2042,7,Central Valley,-1.4,-8,8
2042,8,SoCal Mtns.,0.3,-2.8,2.9
2042,9,East Cascades,-0.7,-2.1,0.7
2042,13,Central B&R,0.1,-0.6,0.9
2042,14,Mojave B&R,0.8,-2.1,3.2
2042,78,Klamath Mtns.,-0.6,-5.3,2.6
2042,80,Northern B&R,-0.1,-0.3,0.2
2042,81,Sonoran B&R,0.3,-0.9,1.6
2043,1,Coast Range,0.6,-2.6,3.4
2043,4,Cascades,0,-0.4,0.2
2043,5,Sierra Nevada,0.3,-6,4.3
2043,6,Oak Woodlands,6.7,-14.2,26.4
2043,7,Central Valley,2.7,-7.1,13.1
2043,8,SoCal Mtns.,2,-3.2,5.9
2043,9,East Cascades,-0,-1.7,1.6
2043,13,Central B&R,0.6,-0.5,1.7
2043,14,Mojave B&R,2.1,-2.1,7.5
2043,78,Klamath Mtns.,1,-4.1,4.6
2043,80,Northern B&R,0,-0.2,0.2
2043,81,Sonoran B&R,0.5,-1,2
2044,1,Coast Range,-0.9,-4.3,1
2044,4,Cascades,-0.1,-0.5,0.2
2044,5,Sierra Nevada,-2.1,-7.3,2.1
2044,6,Oak Woodlands,-5.7,-21.4,8.2
2044,7,Central Valley,-4.8,-14.4,3.2
2044,8,SoCal Mtns.,-0.6,-4.1,3.8
2044,9,East Cascades,-0.8,-2.3,0.4
2044,13,Central B&R,-0.2,-1.3,0.6
2044,14,Mojave B&R,-0.5,-2.9,4.5
2044,78,Klamath Mtns.,-0.9,-5.3,2.6
2044,80,Northern B&R,-0.1,-0.4,0.1
2044,81,Sonoran B&R,-0.4,-1.2,1
2045,1,Coast Range,0.5,-1.6,2.3
2045,4,Cascades,0,-0.4,0.2
2045,5,Sierra Nevada,0.5,-3.4,3.7
2045,6,Oak Woodlands,5,-9.8,17.8
2045,7,Central Valley,3.8,-4.9,12
2045,8,SoCal Mtns.,0.6,-4,3.7
2045,9,East Cascades,0.6,-1.8,1.9
2045,13,Central B&R,0.6,-0.5,2
2045,14,Mojave B&R,0.4,-3.7,4.4
2045,78,Klamath Mtns.,1.1,-2.4,3.7
2045,80,Northern B&R,0.2,-0.2,0.5
2045,81,Sonoran B&R,0.1,-1.3,1.2
2046,1,Coast Range,-1.2,-4,1.4
2046,4,Cascades,-0.1,-0.3,0.2
2046,5,Sierra Nevada,-2.6,-7.5,3.3
2046,6,Oak Woodlands,-8.6,-21.1,9.9
2046,7,Central Valley,-6.2,-12.7,5.6
2046,8,SoCal Mtns.,-1.5,-4,2.1
2046,9,East Cascades,-0.8,-2.3,2
2046,13,Central B&R,-0.2,-1.3,1
2046,14,Mojave B&R,-1.5,-3.1,0.7
2046,78,Klamath Mtns.,-0.9,-5,3.4
2046,80,Northern B&R,-0.2,-0.4,0.2
2046,81,Sonoran B&R,-0.6,-1.2,0.1
2047,1,Coast Range,-1.5,-4,1.2
2047,4,Cascades,-0.1,-0.4,0.2
2047,5,Sierra Nevada,-3.3,-7.9,0.5
2047,6,Oak Woodlands,-8.4,-25.3,9.1
2047,7,Central Valley,-5.4,-16.9,4.3
2047,8,SoCal Mtns.,-1.1,-4.4,3.3
2047,9,East Cascades,-1.1,-3.1,1.7
2047,13,Central B&R,-0.3,-1.1,0.3
2047,14,Mojave B&R,-0.5,-2.8,2.9
2047,78,Klamath Mtns.,-1.5,-6.2,2.1
2047,80,Northern B&R,-0.2,-0.5,0.2
2047,81,Sonoran B&R,-0.3,-1.3,1.4
2048,1,Coast Range,-0.5,-2.6,1.4
2048,4,Cascades,-0.1,-0.5,0.2
2048,5,Sierra Nevada,-1.2,-4.7,2.9
2048,6,Oak Woodlands,-3.2,-9.4,6.7
2048,7,Central Valley,-1.5,-5.4,5.1
2048,8,SoCal Mtns.,-0.7,-2.7,2.7
2048,9,East Cascades,-0.9,-3,0.9
2048,13,Central B&R,-0.2,-0.7,0.7
2048,14,Mojave B&R,-0.7,-2.9,2.3
2048,78,Klamath Mtns.,-0.4,-5.7,3.6
2048,80,Northern B&R,-0.1,-0.4,0.1
2048,81,Sonoran B&R,-0.2,-0.8,1.2
2049,1,Coast Range,-0.3,-2.4,3.6
2049,4,Cascades,-0,-0.3,0.3
2049,5,Sierra Nevada,-1.4,-4.9,4.6
2049,6,Oak Woodlands,-2.2,-16.2,22.5
2049,7,Central Valley,-0.7,-7.6,13.1
2049,8,SoCal Mtns.,-0.4,-4.2,4.8
2049,9,East Cascades,-0.7,-2.3,2.9
2049,13,Central B&R,0,-1,1.8
2049,14,Mojave B&R,0.1,-4.2,5.6
2049,78,Klamath Mtns.,-0.4,-3.9,5.9
2049,80,Northern B&R,-0.1,-0.3,0.3
2049,81,Sonoran B&R,0.2,-1.7,1.9
2050,1,Coast Range,-0.6,-5.2,2.1
2050,4,Cascades,-0.1,-0.6,0.1
2050,5,Sierra Nevada,-1.5,-5.6,1.9
2050,6,Oak Woodlands,1.5,-20.1,23.9
2050,7,Central Valley,0.7,-14,15
2050,8,SoCal Mtns.,0.5,-3.6,4.6
2050,9,East Cascades,-0.4,-2.4,1.7
2050,13,Central B&R,0,-1,1.1
2050,14,Mojave B&R,0.1,-3.9,4.8
2050,78,Klamath Mtns.,-1.6,-8.3,1.8
2050,80,Northern B&R,-0,-0.3,0.4
2050,81,Sonoran B&R,0,-1.4,1.5
2051,1,Coast Range,0.1,-2.7,1.7
2051,4,Cascades,0,-0.2,0.2
2051,5,Sierra Nevada,-0.4,-3.8,3.2
2051,6,Oak Woodlands,0.4,-10.6,20.2
2051,7,Central Valley,0.1,-6.3,16.3
2051,8,SoCal Mtns.,0.2,-2.4,3.9
2051,9,East Cascades,0.1,-1.9,2
2051,13,Central B&R,0.3,-0.8,2
2051,14,Mojave B&R,0,-2,3.5
2051,78,Klamath Mtns.,0.6,-1.8,2.8
2051,80,Northern B&R,0.1,-0.3,0.5
2051,81,Sonoran B&R,-0.1,-0.9,1.1
2052,1,Coast Range,-1.3,-4.5,2.3
2052,4,Cascades,-0.1,-0.4,0.2
2052,5,Sierra Nevada,-3,-7.1,2.2
2052,6,Oak Woodlands,-7,-18,11
2052,7,Central Valley,-4.4,-11.6,9.4
2052,8,SoCal Mtns.,-1.2,-4.3,1.4
2052,9,East Cascades,-1.3,-3.4,1.8
2052,13,Central B&R,-0.3,-0.9,1
2052,14,Mojave B&R,-1.1,-3.9,2.1
2052,78,Klamath Mtns.,-2.2,-9.1,1.8
2052,80,Northern B&R,-0.2,-0.5,0.5
2052,81,Sonoran B&R,-0.3,-1.7,0.2
2053,1,Coast Range,-1.2,-3.8,2
2053,4,Cascades,-0.1,-0.5,0.2
2053,5,Sierra Nevada,-2,-6.2,2.6
2053,6,Oak Woodlands,-4.7,-16.4,10.5
2053,7,Central Valley,-2.9,-8.9,2.9
2053,8,SoCal Mtns.,-0.8,-3.8,2.7
2053,9,East Cascades,-1,-3.5,1.7
2053,13,Central B&R,-0.1,-0.8,0.6
2053,14,Mojave B&R,-0.4,-3.8,3.3
2053,78,Klamath Mtns.,-1.9,-10.6,3.8
2053,80,Northern B&R,-0.2,-0.5,0.3
2053,81,Sonoran B&R,-0,-1.2,2.2
2054,1,Coast Range,-0.5,-3,2.2
2054,4,Cascades,0,-0.3,0.2
2054,5,Sierra Nevada,-0.7,-6.6,3.8
2054,6,Oak Woodlands,-3.7,-19.3,11.9
2054,7,Central Valley,-1,-11.2,8.7
2054,8,SoCal Mtns.,-1.4,-4.9,2.1
2054,9,East Cascades,0.3,-2.2,2.4
2054,13,Central B&R,0.1,-1.1,1.3
2054,14,Mojave B&R,-1.5,-4.5,2.3
2054,78,Klamath Mtns.,-0.3,-4.3,3.4
2054,80,Northern B&R,0,-0.3,0.4
2054,81,Sonoran B&R,-0.7,-1.6,1.4
2055,1,Coast Range,0.6,-2.8,2.3
2055,4,Cascades,0.1,-0.2,0.2
2055,5,Sierra Nevada,1.5,-4,3.7
2055,6,Oak Woodlands,10.5,-14.1,19.5
2055,7,Central Valley,6.3,-7.2,14.9
2055,8,SoCal Mtns.,2.2,-3.5,4.4
2055,9,East Cascades,0.8,-1.9,3.8
2055,13,Central B&R,0.8,-0.6,1.3
2055,14,Mojave B&R,1.9,-2.1,5.4
2055,78,Klamath Mtns.,0.8,-3.3,4.1
2055,80,Northern B&R,0.2,-0.3,0.6
2055,81,Sonoran B&R,0.3,-0.5,2
2056,1,Coast Range,1.3,-1.2,3.6
2056,4,Cascades,0.1,-0.4,0.3
2056,5,Sierra Nevada,1.2,-4.4,4.9
2056,6,Oak Woodlands,6.6,-16,18.6
2056,7,Central Valley,3.5,-9.5,10.9
2056,8,SoCal Mtns.,1.1,-3.5,3.6
2056,9,East Cascades,1.2,-2.6,3.8
2056,13,Central B&R,0.5,-0.8,1.6
2056,14,Mojave B&R,0.6,-3.5,3.2
2056,78,Klamath Mtns.,1.8,-4.1,6.2
2056,80,Northern B&R,0.2,-0.3,0.7
2056,81,Sonoran B&R,0.1,-1.1,1.7
2057,1,Coast Range,-1.7,-4.7,0.5
2057,4,Cascades,-0.1,-0.4,0.1
2057,5,Sierra Nevada,-3.5,-7.1,0.5
2057,6,Oak Woodlands,-11,-21.4,2.1
2057,7,Central Valley,-7.5,-13.1,-0.2
2057,8,SoCal Mtns.,-1.8,-4.3,1.1
2057,9,East Cascades,-0.9,-2.3,2.1
2057,13,Central B&R,-0.3,-0.9,0.3
2057,14,Mojave B&R,-1.2,-3.2,1.9
2057,78,Klamath Mtns.,-2.6,-7.9,1.7
2057,80,Northern B&R,-0.2,-0.4,0.2
2057,81,Sonoran B&R,-0.3,-1.4,0.9
2058,1,Coast Range,-1.4,-4.2,1.5
2058,4,Cascades,-0.2,-1,0.2
2058,5,Sierra Nevada,-3.5,-8.5,4.9
2058,6,Oak Woodlands,-8.7,-26,18
2058,7,Central Valley,-3.8,-15.9,8.8
2058,8,SoCal Mtns.,-2.2,-5.4,4
2058,9,East Cascades,-1.3,-3.8,1.5
2058,13,Central B&R,-0.3,-1.2,1.5
2058,14,Mojave B&R,-2.6,-5.1,2.3
2058,78,Klamath Mtns.,-2.4,-7.4,2.9
2058,80,Northern B&R,-0.2,-0.6,0.3
2058,81,Sonoran B&R,-1,-2,-0.2
2059,1,Coast Range,-0.9,-3.9,1.6
2059,4,Cascades,-0.1,-0.4,0.2
2059,5,Sierra Nevada,-2.4,-9.2,4
2059,6,Oak Woodlands,-3.6,-20.9,28.7
2059,7,Central Valley,-1.6,-13.9,14.3
2059,8,SoCal Mtns.,-1,-4.3,5.9
2059,9,East Cascades,-0.9,-3.2,1.7
2059,13,Central B&R,-0.1,-1.4,2.3
2059,14,Mojave B&R,-0.3,-3.9,7.7
2059,78,Klamath Mtns.,-1.4,-6,2
2059,80,Northern B&R,-0.2,-0.5,0.4
2059,81,Sonoran B&R,-0.1,-1.3,1.6
2060,1,Coast Range,-0.7,-3.8,2.1
2060,4,Cascades,-0.1,-0.4,0.2
2060,5,Sierra Nevada,-1,-5.1,4.6
2060,6,Oak Woodlands,-2.6,-16.5,16
2060,7,Central Valley,-1.1,-11.7,6.5
2060,8,SoCal Mtns.,-0.4,-3.6,4
2060,9,East Cascades,-0.7,-2.9,3.1
2060,13,Central B&R,-0.1,-1,1.4
2060,14,Mojave B&R,-0.6,-3.3,5
2060,78,Klamath Mtns.,-1,-6.9,4
2060,80,Northern B&R,-0.1,-0.4,0.6
2060,81,Sonoran B&R,-0.4,-1.5,0.7
2061,1,Coast Range,-0.6,-4.6,1.5
2061,4,Cascades,-0,-0.3,0.1
2061,5,Sierra Nevada,-1.6,-7.5,2.5
2061,6,Oak Woodlands,-0.9,-23.3,13.5
2061,7,Central Valley,-0.5,-20.1,8.9
2061,8,SoCal Mtns.,0,-2.5,3.4
2061,9,East Cascades,-0.7,-3.7,1.5
2061,13,Central B&R,0.1,-1,1.2
2061,14,Mojave B&R,0.6,-3.2,3.9
2061,78,Klamath Mtns.,-1.6,-7.4,2.7
2061,80,Northern B&R,-0.1,-0.7,0.4
2061,81,Sonoran B&R,0,-1.3,1.1
2062,1,Coast Range,-0.3,-2.7,2.3
2062,4,Cascades,-0.1,-0.5,0.2
2062,5,Sierra Nevada,-2.1,-7.3,3.1
2062,6,Oak Woodlands,-5.1,-22.1,12.8
2062,7,Central Valley,-2.6,-13.5,6.1
2062,8,SoCal Mtns.,-1.5,-5.6,2.4
2062,9,East Cascades,-0.9,-2.7,0.8
2062,13,Central B&R,-0.4,-1.6,0.7
2062,14,Mojave B&R,-1.9,-5.2,1.1
2062,78,Klamath Mtns.,-1.4,-5.4,3.7
2062,80,Northern B&R,-0.1,-0.4,0.1
2062,81,Sonoran B&R,-0.6,-1.6,0.2
2063,1,Coast Range,-1.3,-8.2,2.3
2063,4,Cascades,-0.1,-0.7,0.2
2063,5,Sierra Nevada,-1.9,-9.2,2.8
2063,6,Oak Woodlands,-3.8,-19.4,16.6
2063,7,Central Valley,-1.2,-12.8,11.1
2063,8,SoCal Mtns.,-0.8,-3.6,3.1
2063,9,East Cascades,-0.3,-4,2.4
2063,13,Central B&R,0,-1,0.9
2063,14,Mojave B&R,-0.8,-3.4,2.6
2063,78,Klamath Mtns.,-2.5,-15.8,3.7
2063,80,Northern B&R,-0,-0.6,0.4
2063,81,Sonoran B&R,-0.4,-1.2,0.7
2064,1,Coast Range,-0.9,-3.4,1.7
2064,4,Cascades,-0.1,-0.5,0.2
2064,5,Sierra Nevada,-2.1,-8,2.1
2064,6,Oak Woodlands,-3,-18.8,11.5
2064,7,Central Valley,-1.8,-9.1,9
2064,8,SoCal Mtns.,-0.5,-4.2,2
2064,9,East Cascades,-0.5,-2.5,3.6
2064,13,Central B&R,-0.1,-1.2,1
2064,14,Mojave B&R,-0,-3.8,3.7
2064,78,Klamath Mtns.,-1.6,-5.7,2.5
2064,80,Northern B&R,-0.1,-0.4,0.6
2064,81,Sonoran B&R,0.3,-1.3,1.9
2065,1,Coast Range,-0,-2.5,2
2065,4,Cascades,0,-0.2,0.2
2065,5,Sierra Nevada,-0.2,-3.7,5.5
2065,6,Oak Woodlands,-0.6,-10,30.8
2065,7,Central Valley,0.8,-4.6,19.5
2065,8,SoCal Mtns.,-0.5,-3,5.7
2065,9,East Cascades,0.4,-1.6,3.3
2065,13,Central B&R,0.1,-0.8,1.8
2065,14,Mojave B&R,-0.6,-3,5
2065,78,Klamath Mtns.,0.3,-3,3.7
2065,80,Northern B&R,0.1,-0.2,0.8
2065,81,Sonoran B&R,-0.5,-1.5,1.4
2066,1,Coast Range,-1,-5.6,1.6
2066,4,Cascades,-0.1,-0.5,0.1
2066,5,Sierra Nevada,-1.5,-10,2.3
2066,6,Oak Woodlands,-5.7,-21.3,12.3
2066,7,Central Valley,-2.9,-13.2,5.6
2066,8,SoCal Mtns.,-1.1,-3.8,3
2066,9,East Cascades,-1.3,-4,0.7
2066,13,Central B&R,-0.2,-1.2,0.7
2066,14,Mojave B&R,-0.8,-4.2,3.5
2066,78,Klamath Mtns.,-1.7,-11.5,2.4
2066,80,Northern B&R,-0.2,-0.7,0.1
2066,81,Sonoran B&R,-0.3,-1.6,1.5
2067,1,Coast Range,-0.5,-3.8,2.5
2067,4,Cascades,-0.1,-0.5,0.2
2067,5,Sierra Nevada,-1.2,-7.9,3.5
2067,6,Oak Woodlands,-1.3,-21.1,17.2
2067,7,Central Valley,-0.7,-13.7,14.3
2067,8,SoCal Mtns.,-0.4,-4.6,3.5
2067,9,East Cascades,-0.4,-3.3,1.3
2067,13,Central B&R,0.1,-0.7,1.7
2067,14,Mojave B&R,0,-2.6,6.1
2067,78,Klamath Mtns.,-0.9,-6.5,3.5
2067,80,Northern B&R,-0,-0.5,0.5
2067,81,Sonoran B&R,-0.1,-1.2,2.2
2068,1,Coast Range,-0.1,-5.1,3
2068,4,Cascades,-0,-0.5,0.2
2068,5,Sierra Nevada,-0.3,-7.9,4.9
2068,6,Oak Woodlands,3.6,-21.9,24.7
2068,7,Central Valley,2.4,-15.3,16
2068,8,SoCal Mtns.,1.3,-4.1,5.7
2068,9,East Cascades,-0.5,-3.8,2.8
2068,13,Central B&R,0.4,-0.8,1.5
2068,14,Mojave B&R,1.7,-2.4,6.7
2068,78,Klamath Mtns.,-0.8,-10.1,4.4
2068,80,Northern B&R,-0.1,-0.5,0.4
2068,81,Sonoran B&R,0.4,-1.1,2.5
2069,1,Coast Range,-1.3,-6,1.3
2069,4,Cascades,-0.1,-0.6,0.2
2069,5,Sierra Nevada,-2.3,-9.2,0.9
2069,6,Oak Woodlands,-6.2,-22.7,6.5
2069,7,Central Valley,-3.4,-15.4,4.5
2069,8,SoCal Mtns.,-1.2,-4.2,1.6
2069,9,East Cascades,-0.8,-4.1,1.9
2069,13,Central B&R,-0.2,-1.1,0.6
2069,14,Mojave B&R,-1.2,-4.1,1.7
2069,78,Klamath Mtns.,-2.3,-9.4,3.3
2069,80,Northern B&R,-0.1,-0.6,0.4
2069,81,Sonoran B&R,-0.6,-1.8,1.3
2070,1,Coast Range,-0.2,-2.2,1.2
2070,4,Cascades,0,-0.2,0.2
2070,5,Sierra Nevada,0,-2.5,3.5
2070,6,Oak Woodlands,2.3,-4.6,10.4
2070,7,Central Valley,2.4,-2.6,8.4
2070,8,SoCal Mtns.,0.5,-2,2.8
2070,9,East Cascades,-0.4,-1.8,0.9
2070,13,Central B&R,0.1,-0.3,0.9
2070,14,Mojave B&R,0.6,-2.9,4.4
2070,78,Klamath Mtns.,-0.9,-5.6,2.5
2070,80,Northern B&R,-0,-0.3,0.2
2070,81,Sonoran B&R,-0.1,-1.2,1.1
2071,1,Coast Range,-0.1,-1.8,2.6
2071,4,Cascades,-0,-0.4,0.2
2071,5,Sierra Nevada,0.1,-2.7,2.3
2071,6,Oak Woodlands,2.1,-8.7,15.9
2071,7,Central Valley,1.6,-5.2,9.6
2071,8,SoCal Mtns.,0.4,-2,3.8
2071,9,East Cascades,-0.2,-1.9,1.5
2071,13,Central B&R,0.3,-0.5,0.8
2071,14,Mojave B&R,1.1,-1.9,5.8
2071,78,Klamath Mtns.,-0.1,-3.1,3.1
2071,80,Northern B&R,-0,-0.4,0.3
2071,81,Sonoran B&R,-0.1,-1,1.9
2072,1,Coast Range,-1.7,-4.4,0.9
2072,4,Cascades,-0.1,-0.5,0
2072,5,Sierra Nevada,-2.8,-6.8,1
2072,6,Oak Woodlands,-5.8,-19.2,13.7
2072,7,Central Valley,-3.2,-12.2,8.8
2072,8,SoCal Mtns.,-1.1,-4.1,2.8
2072,9,East Cascades,-1,-2.6,0.9
2072,13,Central B&R,-0.4,-1.4,0.8
2072,14,Mojave B&R,-1.5,-4.5,3
2072,78,Klamath Mtns.,-3.5,-9.7,-0.3
2072,80,Northern B&R,-0.1,-0.3,0.2
2072,81,Sonoran B&R,-0.7,-1.5,0.4
2073,1,Coast Range,-1.5,-5.6,1
2073,4,Cascades,-0.1,-0.4,0.2
2073,5,Sierra Nevada,-2.3,-8.1,3.1
2073,6,Oak Woodlands,-9.8,-23.4,4
2073,7,Central Valley,-5.8,-14.3,5.4
2073,8,SoCal Mtns.,-1.9,-4.4,0.6
2073,9,East Cascades,-0.5,-3.1,0.7
2073,13,Central B&R,-0.2,-0.8,1
2073,14,Mojave B&R,-1.4,-3.8,1.8
2073,78,Klamath Mtns.,-1.4,-8.1,3
2073,80,Northern B&R,-0.1,-0.4,0.2
2073,81,Sonoran B&R,-0.4,-1.7,1.4
2074,1,Coast Range,-0.2,-2.5,3.6
2074,4,Cascades,-0,-0.4,0.2
2074,5,Sierra Nevada,-0.7,-5.5,4.4
2074,6,Oak Woodlands,-0.4,-19.2,28.3
2074,7,Central Valley,1,-10.9,18.2
2074,8,SoCal Mtns.,-0.3,-4.2,5.2
2074,9,East Cascades,-0,-1.8,2.3
2074,13,Central B&R,0.2,-0.9,1.6
2074,14,Mojave B&R,0.1,-2.1,5.2
2074,78,Klamath Mtns.,-0.1,-3.9,4.7
2074,80,Northern B&R,0,-0.2,0.4
2074,81,Sonoran B&R,0,-0.9,2
2075,1,Coast Range,-0.2,-3.4,2.4
2075,4,Cascades,-0,-0.3,0.2
2075,5,Sierra Nevada,0.4,-2.3,3.5
2075,6,Oak Woodlands,1.9,-12.1,11.9
2075,7,Central Valley,1.7,-6.8,10.9
2075,8,SoCal Mtns.,0.6,-1.9,2.7
2075,9,East Cascades,-0.3,-2.4,2.3
2075,13,Central B&R,0.3,-0.5,1
2075,14,Mojave B&R,1,-0.9,4.9
2075,78,Klamath Mtns.,-0.1,-5.2,3.6
2075,80,Northern B&R,-0,-0.4,0.4
2075,81,Sonoran B&R,0.1,-0.7,1.7
2076,1,Coast Range,-0.7,-2.6,1.7
2076,4,Cascades,-0,-0.3,0.2
2076,5,Sierra Nevada,-1.8,-6.2,2.3
2076,6,Oak Woodlands,-7.1,-18.8,2.7
2076,7,Central Valley,-3.5,-12.3,4.8
2076,8,SoCal Mtns.,-1.9,-4.3,1.3
2076,9,East Cascades,-0.1,-2.2,2.6
2076,13,Central B&R,-0.2,-1.3,0.8
2076,14,Mojave B&R,-0.5,-4,2.4
2076,78,Klamath Mtns.,-0.7,-4.4,4.2
2076,80,Northern B&R,-0,-0.4,0.4
2076,81,Sonoran B&R,-0.2,-1.3,0.6
2077,1,Coast Range,0.9,-1.4,3
2077,4,Cascades,0.1,-0.2,0.2
2077,5,Sierra Nevada,0.6,-2.8,4.4
2077,6,Oak Woodlands,5,-5.5,23.1
2077,7,Central Valley,4.1,-3.3,15.9
2077,8,SoCal Mtns.,0.6,-2.2,5.3
2077,9,East Cascades,0.2,-2.1,1.9
2077,13,Central B&R,0.4,-0.7,1.7
2077,14,Mojave B&R,0.4,-2.4,5.7
2077,78,Klamath Mtns.,1.2,-1.9,4.2
2077,80,Northern B&R,0,-0.2,0.3
2077,81,Sonoran B&R,-0.3,-1.6,0.8
2078,1,Coast Range,-0.2,-1.5,1.8
2078,4,Cascades,0,-0.2,0.2
2078,5,Sierra Nevada,0.1,-2.5,4
2078,6,Oak Woodlands,1.4,-12.6,25
2078,7,Central Valley,-0.2,-10.2,9.7
2078,8,SoCal Mtns.,0.7,-2.4,6.4
2078,9,East Cascades,0.2,-1.2,1.8
2078,13,Central B&R,0.1,-0.7,1
2078,14,Mojave B&R,0.7,-2.4,7.5
2078,78,Klamath Mtns.,-0.2,-3,3.2
2078,80,Northern B&R,-0,-0.2,0.3
2078,81,Sonoran B&R,0.4,-0.9,3.6
2079,1,Coast Range,-0.9,-3.8,1.4
2079,4,Cascades,-0.1,-0.4,0.2
2079,5,Sierra Nevada,-2,-7,3
2079,6,Oak Woodlands,-4.2,-14.6,13.3
2079,7,Central Valley,-2.7,-11.1,8.6
2079,8,SoCal Mtns.,-0.6,-3.6,3.5
2079,9,East Cascades,-1,-5.2,3.3
2079,13,Central B&R,-0.2,-0.9,0.5
2079,14,Mojave B&R,-0.6,-2,2.3
2079,78,Klamath Mtns.,-2.1,-9.2,2.9
2079,80,Northern B&R,-0.2,-0.8,0.6
2079,81,Sonoran B&R,-0.3,-1.1,0.7
2080,1,Coast Range,-0.7,-5.5,2.3
2080,4,Cascades,-0,-0.6,0.2
2080,5,Sierra Nevada,-0.6,-6.6,6
2080,6,Oak Woodlands,-1,-14.4,23.5
2080,7,Central Valley,-1.9,-13.3,12.2
2080,8,SoCal Mtns.,0.5,-2.3,6
2080,9,East Cascades,-0.8,-4.3,1.9
2080,13,Central B&R,-0.1,-1.2,1.8
2080,14,Mojave B&R,0.1,-2.6,7.5
2080,78,Klamath Mtns.,-0.7,-10.7,4.9
2080,80,Northern B&R,-0.1,-0.6,0.6
2080,81,Sonoran B&R,-0,-1.3,2.1
2081,1,Coast Range,-1.2,-4.8,2
2081,4,Cascades,-0.2,-1,0.2
2081,5,Sierra Nevada,-2.9,-11.5,2.9
2081,6,Oak Woodlands,-5,-19.7,20.3
2081,7,Central Valley,-2.2,-12.6,14.4
2081,8,SoCal Mtns.,-1.1,-4.1,5.4
2081,9,East Cascades,-1.2,-5.7,1.5
2081,13,Central B&R,-0.1,-1.3,1.7
2081,14,Mojave B&R,-0.7,-3.7,9.5
2081,78,Klamath Mtns.,-2.9,-12.9,2.8
2081,80,Northern B&R,-0.1,-0.6,0.3
2081,81,Sonoran B&R,-0.2,-1.4,3.1
2082,1,Coast Range,0,-4,2.9
2082,4,Cascades,-0,-0.3,0.2
2082,5,Sierra Nevada,-1.1,-8,3.8
2082,6,Oak Woodlands,2.2,-17.4,21
2082,7,Central Valley,1.6,-9.5,14.2
2082,8,SoCal Mtns.,0.4,-3.7,4.7
2082,9,East Cascades,-0,-3.4,3.7
2082,13,Central B&R,-0,-1.1,1.2
2082,14,Mojave B&R,0,-3.5,5.1
2082,78,Klamath Mtns.,-0.1,-6.5,4.6
2082,80,Northern B&R,-0,-0.5,0.6
2082,81,Sonoran B&R,-0.2,-2.1,1
2083,1,Coast Range,-1.5,-4.1,0.9
2083,4,Cascades,-0.2,-0.8,0.1
2083,5,Sierra Nevada,-3,-7.4,1.5
2083,6,Oak Woodlands,-3.1,-24,20.4
2083,7,Central Valley,-2.5,-19.5,12.6
2083,8,SoCal Mtns.,-0.3,-4.6,4.5
2083,9,East Cascades,-1.1,-3.6,3
2083,13,Central B&R,-0.2,-1.7,0.6
2083,14,Mojave B&R,-0.7,-6.4,3
2083,78,Klamath Mtns.,-4,-9.5,-0.1
2083,80,Northern B&R,-0.1,-0.7,0.3
2083,81,Sonoran B&R,0.2,-1.5,2.1
2084,1,Coast Range,-0.5,-3.1,2
2084,4,Cascades,-0,-0.4,0.2
2084,5,Sierra Nevada,-1.3,-6,3.7
2084,6,Oak Woodlands,-3.4,-17.7,24.4
2084,7,Central Valley,-1.8,-10,14.6
2084,8,SoCal Mtns.,-0.9,-4.4,5.2
2084,9,East Cascades,-0.4,-3.1,1.6
2084,13,Central B&R,-0.3,-1,1.4
2084,14,Mojave B&R,-0.9,-3.9,5.7
2084,78,Klamath Mtns.,-0.4,-5.4,3
2084,80,Northern B&R,-0.1,-0.5,0.2
2084,81,Sonoran B&R,-0.2,-1.2,1.7
2085,1,Coast Range,-0.7,-4.6,2.1
2085,4,Cascades,-0.1,-0.5,0.2
2085,5,Sierra Nevada,-1.2,-8,4
2085,6,Oak Woodlands,-1.2,-20.6,17.3
2085,7,Central Valley,-1,-14,10.8
2085,8,SoCal Mtns.,0,-4.4,4.1
2085,9,East Cascades,-0.6,-3.7,2.4
2085,13,Central B&R,0.1,-1,1.8
2085,14,Mojave B&R,0.2,-3.3,3.4
2085,78,Klamath Mtns.,-1.9,-10.2,4.1
2085,80,Northern B&R,-0,-0.5,0.6
2085,81,Sonoran B&R,0,-0.7,1.3
2086,1,Coast Range,-0.8,-3.3,1.4
2086,4,Cascades,-0,-0.3,0.2
2086,5,Sierra Nevada,-1.4,-7.7,1.5
2086,6,Oak Woodlands,-4.2,-17,6.9
2086,7,Central Valley,-2.2,-11.6,5.1
2086,8,SoCal Mtns.,-0.4,-3.5,3.1
2086,9,East Cascades,-0.3,-1.6,1.1
2086,13,Central B&R,-0.2,-1.2,1.4
2086,14,Mojave B&R,-0.5,-3.9,2.7
2086,78,Klamath Mtns.,-1,-5,3.4
2086,80,Northern B&R,-0,-0.3,0.2
2086,81,Sonoran B&R,-0.2,-1.6,0.5
2087,1,Coast Range,-0.2,-5.7,2.2
2087,4,Cascades,-0,-0.3,0.2
2087,5,Sierra Nevada,-0.4,-6.2,3.4
2087,6,Oak Woodlands,3.6,-28.5,27.7
2087,7,Central Valley,2.2,-16.6,17.7
2087,8,SoCal Mtns.,1.1,-5.6,6
2087,9,East Cascades,-0.4,-2.2,1.6
2087,13,Central B&R,0.3,-1,1.7
2087,14,Mojave B&R,1,-4.1,5.9
2087,78,Klamath Mtns.,-0.5,-6.3,3.4
2087,80,Northern B&R,-0,-0.3,0.3
2087,81,Sonoran B&R,0.2,-1.1,1.8
2088,1,Coast Range,0.2,-2.4,2.6
2088,4,Cascades,-0,-0.4,0.2
2088,5,Sierra Nevada,0.1,-4.6,4.1
2088,6,Oak Woodlands,2.3,-18.5,28
2088,7,Central Valley,1.4,-13.3,19.9
2088,8,SoCal Mtns.,0.7,-3.9,5.3
2088,9,East Cascades,0.2,-1.3,3.5
2088,13,Central B&R,0.3,-1.1,1.9
2088,14,Mojave B&R,1.6,-3.7,9.2
2088,78,Klamath Mtns.,0.1,-4.4,4.2
2088,80,Northern B&R,0,-0.3,0.9
2088,81,Sonoran B&R,0,-1.4,2.2
2089,1,Coast Range,0.1,-2.9,2.2
2089,4,Cascades,0,-0.2,0.2
2089,5,Sierra Nevada,1,-3.5,4.4
2089,6,Oak Woodlands,4,-12.4,27
2089,7,Central Valley,1.9,-7.5,18.9
2089,8,SoCal Mtns.,1.4,-2.5,6.7
2089,9,East Cascades,0.2,-1.4,1.8
2089,13,Central B&R,0.6,-0.6,2.1
2089,14,Mojave B&R,2.3,-2.3,9.9
2089,78,Klamath Mtns.,0.7,-3.7,3.4
2089,80,Northern B&R,0.1,-0.2,0.4
2089,81,Sonoran B&R,0.5,-0.8,2.5
2090,1,Coast Range,-0.5,-3.3,1.6
2090,4,Cascades,-0,-0.5,0.2
2090,5,Sierra Nevada,-0.9,-9,3.8
2090,6,Oak Woodlands,-2.5,-23,15.3
2090,7,Central Valley,-1.8,-14.1,9.5
2090,8,SoCal Mtns.,-0.1,-4.2,4.2
2090,9,East Cascades,-0.6,-3.5,1.4
2090,13,Central B&R,-0.1,-1.3,0.9
2090,14,Mojave B&R,-1.1,-4.2,3
2090,78,Klamath Mtns.,-1,-6.4,2.8
2090,80,Northern B&R,-0.1,-0.5,0.4
2090,81,Sonoran B&R,-0.6,-2,1.4
2091,1,Coast Range,-0.4,-2.1,0.8
2091,4,Cascades,-0,-0.2,0.1
2091,5,Sierra Nevada,-1.6,-5.1,0.9
2091,6,Oak Woodlands,-7.7,-16,1.3
2091,7,Central Valley,-4.8,-10.1,3.4
2091,8,SoCal Mtns.,-1.8,-4,0.4
2091,9,East Cascades,-0.6,-2.6,1.2
2091,13,Central B&R,-0.4,-1.2,0.2
2091,14,Mojave B&R,-1.6,-3.7,1.2
2091,78,Klamath Mtns.,-0.5,-4.9,2.4
2091,80,Northern B&R,-0.1,-0.4,0.1
2091,81,Sonoran B&R,-0.7,-1.6,0.6
2092,1,Coast Range,-1.6,-5.2,2.3
2092,4,Cascades,-0.2,-0.7,0.1
2092,5,Sierra Nevada,-3.7,-9.3,4.3
2092,6,Oak Woodlands,-5.9,-19.2,19.1
2092,7,Central Valley,-3.8,-15.2,12.2
2092,8,SoCal Mtns.,-0.6,-3.8,4.3
2092,9,East Cascades,-1.6,-3.9,1.4
2092,13,Central B&R,-0.4,-1.5,1.8
2092,14,Mojave B&R,-0.8,-3.9,3.1
2092,78,Klamath Mtns.,-3.3,-10.3,3.4
2092,80,Northern B&R,-0.3,-0.6,0.3
2092,81,Sonoran B&R,-0.2,-1.3,1.9
2093,1,Coast Range,-0.6,-3,2
2093,4,Cascades,0,-0.3,0.2
2093,5,Sierra Nevada,-1.8,-6.1,3.2
2093,6,Oak Woodlands,-8.2,-23.9,9.5
2093,7,Central Valley,-3.1,-12.9,8.3
2093,8,SoCal Mtns.,-2,-5.5,2.1
2093,9,East Cascades,0,-1.7,1.7
2093,13,Central B&R,-0.4,-1.2,0.4
2093,14,Mojave B&R,-1.8,-4.4,2.2
2093,78,Klamath Mtns.,0.4,-4.8,4.2
2093,80,Northern B&R,-0,-0.4,0.3
2093,81,Sonoran B&R,-0.9,-1.7,0.3
2094,1,Coast Range,-0.7,-4,1.2
2094,4,Cascades,-0.1,-0.6,0.1
2094,5,Sierra Nevada,-2.2,-4.9,1.2
2094,6,Oak Woodlands,1.3,-13.8,20.4
2094,7,Central Valley,2.3,-6.5,13
2094,8,SoCal Mtns.,0.4,-3.6,5.9
2094,9,East Cascades,-0.6,-2.6,3.2
2094,13,Central B&R,-0.2,-0.9,0.9
2094,14,Mojave B&R,0.7,-3.8,10.8
2094,78,Klamath Mtns.,-3.1,-9.3,1.4
2094,80,Northern B&R,-0.1,-0.4,0.4
2094,81,Sonoran B&R,0.4,-1.1,4.6
2095,1,Coast Range,-0.6,-3.2,2.1
2095,4,Cascades,-0.1,-0.5,0.2
2095,5,Sierra Nevada,-0.6,-5.7,4.3
2095,6,Oak Woodlands,-2.1,-16.3,16.3
2095,7,Central Valley,-0.8,-10.7,11.6
2095,8,SoCal Mtns.,-0.3,-4.1,3.7
2095,9,East Cascades,-0.7,-3.6,2.9
2095,13,Central B&R,0.2,-1.2,1.8
2095,14,Mojave B&R,-0,-3.7,5
2095,78,Klamath Mtns.,-0.7,-4.4,3.1
2095,80,Northern B&R,-0.1,-0.4,0.7
2095,81,Sonoran B&R,-0.3,-1.1,1.3
2096,1,Coast Range,-2.2,-6.4,0.6
2096,4,Cascades,-0.2,-0.8,0.1
2096,5,Sierra Nevada,-4.4,-11.2,0.1
2096,6,Oak Woodlands,-11.5,-31.9,1.7
2096,7,Central Valley,-7.1,-18.5,0.6
2096,8,SoCal Mtns.,-1.8,-6.1,2.8
2096,9,East Cascades,-2,-5.4,0.1
2096,13,Central B&R,-0.6,-1.6,0.5
2096,14,Mojave B&R,-1.9,-5.9,3
2096,78,Klamath Mtns.,-3.8,-13.4,2.7
2096,80,Northern B&R,-0.3,-0.6,-0.1
2096,81,Sonoran B&R,-0.6,-1.8,0.6
2097,1,Coast Range,0.5,-0.8,1.7
2097,4,Cascades,0,-0.2,0.2
2097,5,Sierra Nevada,0.6,-1.4,2.1
2097,6,Oak Woodlands,0.7,-10.2,6.7
2097,7,Central Valley,0.9,-4.8,4.9
2097,8,SoCal Mtns.,-0,-4.2,2.8
2097,9,East Cascades,0.2,-1.8,2.7
2097,13,Central B&R,0.1,-0.4,0.7
2097,14,Mojave B&R,-0.5,-4.2,1.7
2097,78,Klamath Mtns.,1,-2.4,4.2
2097,80,Northern B&R,0.1,-0.2,0.5
2097,81,Sonoran B&R,-0.2,-1.4,0.9
2098,1,Coast Range,0.2,-1.7,2.2
2098,4,Cascades,0,-0.3,0.2
2098,5,Sierra Nevada,0.1,-4,3.6
2098,6,Oak Woodlands,2,-12.1,19.3
2098,7,Central Valley,2.2,-7,13.3
2098,8,SoCal Mtns.,0.1,-2.8,3.8
2098,9,East Cascades,0.1,-1.6,1.5
2098,13,Central B&R,0.1,-0.9,1.3
2098,14,Mojave B&R,-0.3,-3.1,3.4
2098,78,Klamath Mtns.,0.4,-3.1,3.8
2098,80,Northern B&R,0.1,-0.3,0.3
2098,81,Sonoran B&R,-0.3,-1.5,1.3
2099,1,Coast Range,-0.8,-4.3,1.9
2099,4,Cascades,-0.1,-0.6,0.2
2099,5,Sierra Nevada,-0.7,-5.9,3.9
2099,6,Oak Woodlands,0.2,-18.2,21.3
2099,7,Central Valley,-0.2,-12.9,13.9
2099,8,SoCal Mtns.,0.7,-2.4,4.5
2099,9,East Cascades,-1.4,-3.8,1.4
2099,13,Central B&R,0,-0.7,1.1
2099,14,Mojave B&R,0.5,-3.4,4.7
2099,78,Klamath Mtns.,-2.2,-8.9,3.8
2099,80,Northern B&R,-0.1,-0.5,0.3
2099,81,Sonoran B&R,0.1,-1.2,2.5
2100,1,Coast Range,-0.6,-3.6,1.7
2100,4,Cascades,-0.1,-0.4,0.2
2100,5,Sierra Nevada,-1.2,-5.2,3.7
2100,6,Oak Woodlands,1.3,-8.8,18.1
2100,7,Central Valley,-0.3,-6.9,10.7
2100,8,SoCal Mtns.,1.1,-2.1,3.8
2100,9,East Cascades,-1.3,-3.5,1.2
2100,13,Central B&R,-0.1,-0.8,0.8
2100,14,Mojave B&R,1,-2.7,4
2100,78,Klamath Mtns.,-1.9,-7.6,3
2100,80,Northern B&R,-0.2,-0.6,0.2
2100,81,Sonoran B&R,0.2,-0.9,1.5
2101,1,Coast Range,-0.5,-3.4,1.7
2101,4,Cascades,-0.1,-0.4,0.2
2101,5,Sierra Nevada,-1,-4.8,3.6
2101,6,Oak Woodlands,1.3,-8.1,16.6
2101,7,Central Valley,-0.2,-5.7,9.2
2101,8,SoCal Mtns.,1.1,-2.1,3.6
2101,9,East Cascades,-1.2,-3.2,1.1
2101,13,Central B&R,-0.1,-0.7,0.8
2101,14,Mojave B&R,0.9,-2.6,3.8
2101,78,Klamath Mtns.,-1.7,-7,2.9
2101,80,Northern B&R,-0.2,-0.6,0.2
2101,81,Sonoran B&R,0.1,-0.8,1.3
