Timestep,EcoregionID,EcoregionName,Ecosystem,Mean,Lower,Upper
2001,1,Coast Range,No,0,0,0
2001,1,Coast Range,Yes,420.8,420.8,420.8
2001,4,Cascades,No,0,0,0
2001,4,Cascades,Yes,38.7,38.7,38.7
2001,5,Sierra Nevada,No,0,0,0
2001,5,Sierra Nevada,Yes,911.3,911.3,911.3
2001,6,Oak Woodlands,No,0,0,0
2001,6,Oak Woodlands,Yes,1150.7,1150.7,1150.7
2001,7,Central Valley,No,0,0,0
2001,7,Central Valley,Yes,347.8,347.8,347.8
2001,8,SoCal Mtns.,No,0,0,0
2001,8,SoCal Mtns.,Yes,223.3,223.3,223.3
2001,9,East Cascades,No,0,0,0
2001,9,East Cascades,Yes,349.4,349.4,349.4
2001,13,Central B&R,No,0,0,0
2001,13,Central B&R,Yes,134.9,134.9,134.9
2001,14,Mojave B&R,No,0,0,0
2001,14,Mojave B&R,Yes,215.6,215.6,215.6
2001,78,Klamath Mtns.,No,0,0,0
2001,78,Klamath Mtns.,Yes,887.9,887.9,887.9
2001,80,Northern B&R,No,0,0,0
2001,80,Northern B&R,Yes,56.6,56.6,56.6
2001,81,Sonoran B&R,No,0,0,0
2001,81,Sonoran B&R,Yes,86.2,86.2,86.2
2002,1,Coast Range,No,0.1,0,0.1
2002,1,Coast Range,Yes,420.6,420.3,420.8
2002,4,Cascades,No,0,0,0.1
2002,4,Cascades,Yes,38.6,38.6,38.7
2002,5,Sierra Nevada,No,0,0,0.1
2002,5,Sierra Nevada,Yes,907.4,907.3,907.6
2002,6,Oak Woodlands,No,1.2,1,1.4
2002,6,Oak Woodlands,Yes,1140.9,1140.5,1141.3
2002,7,Central Valley,No,0.4,0.3,0.5
2002,7,Central Valley,Yes,344.3,344.1,344.5
2002,8,SoCal Mtns.,No,0.1,0,0.1
2002,8,SoCal Mtns.,Yes,219.6,219.5,219.7
2002,9,East Cascades,No,0,0,0
2002,9,East Cascades,Yes,347.5,347.4,347.6
2002,13,Central B&R,No,0,0,0
2002,13,Central B&R,Yes,134.4,134.3,134.4
2002,14,Mojave B&R,No,0,0,0.1
2002,14,Mojave B&R,Yes,211.9,211.8,211.9
2002,78,Klamath Mtns.,No,0,0,0
2002,78,Klamath Mtns.,Yes,887.7,887.4,888
2002,80,Northern B&R,No,0,0,0
2002,80,Northern B&R,Yes,56.3,56.3,56.3
2002,81,Sonoran B&R,No,0,0,0.1
2002,81,Sonoran B&R,Yes,84.7,84.6,84.8
2003,1,Coast Range,No,0.1,0,0.1
2003,1,Coast Range,Yes,420.3,420,420.7
2003,4,Cascades,No,0,0,0.1
2003,4,Cascades,Yes,38.7,38.6,38.8
2003,5,Sierra Nevada,No,0.1,0,0.1
2003,5,Sierra Nevada,Yes,904.9,904.6,905.1
2003,6,Oak Woodlands,No,1.7,1.5,2
2003,6,Oak Woodlands,Yes,1136.2,1135.7,1136.7
2003,7,Central Valley,No,0.7,0.5,0.9
2003,7,Central Valley,Yes,343.5,343.3,343.7
2003,8,SoCal Mtns.,No,0.1,0,0.1
2003,8,SoCal Mtns.,Yes,218.4,218.3,218.5
2003,9,East Cascades,No,0,0,0.1
2003,9,East Cascades,Yes,347.8,347.7,348
2003,13,Central B&R,No,0,0,0
2003,13,Central B&R,Yes,134.1,134.1,134.1
2003,14,Mojave B&R,No,0.1,0,0.1
2003,14,Mojave B&R,Yes,212.6,212.6,212.7
2003,78,Klamath Mtns.,No,0,0,0
2003,78,Klamath Mtns.,Yes,889,888.6,889.4
2003,80,Northern B&R,No,0,0,0
2003,80,Northern B&R,Yes,56.3,56.3,56.4
2003,81,Sonoran B&R,No,0.1,0,0.2
2003,81,Sonoran B&R,Yes,84.7,84.5,84.8
2004,1,Coast Range,No,0.1,0,0.1
2004,1,Coast Range,Yes,419.6,419.2,420
2004,4,Cascades,No,0,0,0.1
2004,4,Cascades,Yes,38.8,38.7,38.9
2004,5,Sierra Nevada,No,0.1,0.1,0.2
2004,5,Sierra Nevada,Yes,902.3,902,902.6
2004,6,Oak Woodlands,No,2.3,2.1,2.6
2004,6,Oak Woodlands,Yes,1138.3,1137.7,1138.8
2004,7,Central Valley,No,1,0.8,1.2
2004,7,Central Valley,Yes,345.5,345.2,345.8
2004,8,SoCal Mtns.,No,0.1,0.1,0.2
2004,8,SoCal Mtns.,Yes,219.5,219.4,219.7
2004,9,East Cascades,No,0,0,0.1
2004,9,East Cascades,Yes,347.6,347.4,347.8
2004,13,Central B&R,No,0,0,0
2004,13,Central B&R,Yes,134.4,134.4,134.5
2004,14,Mojave B&R,No,0.1,0.1,0.1
2004,14,Mojave B&R,Yes,215.9,215.9,216
2004,78,Klamath Mtns.,No,0,0,0
2004,78,Klamath Mtns.,Yes,889.1,888.7,889.6
2004,80,Northern B&R,No,0,0,0
2004,80,Northern B&R,Yes,56.2,56.1,56.2
2004,81,Sonoran B&R,No,0.2,0.1,0.3
2004,81,Sonoran B&R,Yes,85.6,85.4,85.7
2005,1,Coast Range,No,0.1,0,0.1
2005,1,Coast Range,Yes,421.3,420.8,421.8
2005,4,Cascades,No,0,0,0.1
2005,4,Cascades,Yes,39,38.9,39.1
2005,5,Sierra Nevada,No,0.1,0.1,0.2
2005,5,Sierra Nevada,Yes,904.6,904.2,905
2005,6,Oak Woodlands,No,2.9,2.6,3.2
2005,6,Oak Woodlands,Yes,1148.9,1148.2,1149.5
2005,7,Central Valley,No,1.4,1.2,1.7
2005,7,Central Valley,Yes,351.6,351.2,351.9
2005,8,SoCal Mtns.,No,0.1,0.1,0.2
2005,8,SoCal Mtns.,Yes,223.8,223.6,224
2005,9,East Cascades,No,0.1,0,0.1
2005,9,East Cascades,Yes,349.7,349.5,349.9
2005,13,Central B&R,No,0,0,0
2005,13,Central B&R,Yes,135.3,135.3,135.4
2005,14,Mojave B&R,No,0.1,0.1,0.1
2005,14,Mojave B&R,Yes,220.2,220.1,220.3
2005,78,Klamath Mtns.,No,0,0,0.1
2005,78,Klamath Mtns.,Yes,893,892.4,893.5
2005,80,Northern B&R,No,0,0,0.1
2005,80,Northern B&R,Yes,56.3,56.2,56.4
2005,81,Sonoran B&R,No,0.2,0.1,0.3
2005,81,Sonoran B&R,Yes,86.7,86.4,86.8
2006,1,Coast Range,No,0.1,0.1,0.2
2006,1,Coast Range,Yes,422.5,422,423
2006,4,Cascades,No,0,0,0.1
2006,4,Cascades,Yes,39.1,39,39.3
2006,5,Sierra Nevada,No,0.2,0.1,0.2
2006,5,Sierra Nevada,Yes,906.2,905.7,906.6
2006,6,Oak Woodlands,No,3.5,3.2,3.8
2006,6,Oak Woodlands,Yes,1150.5,1149.9,1151.2
2006,7,Central Valley,No,1.8,1.5,2.1
2006,7,Central Valley,Yes,355.3,354.8,355.7
2006,8,SoCal Mtns.,No,0.2,0.1,0.2
2006,8,SoCal Mtns.,Yes,222.4,222.2,222.6
2006,9,East Cascades,No,0.1,0,0.1
2006,9,East Cascades,Yes,349.7,349.4,349.9
2006,13,Central B&R,No,0,0,0
2006,13,Central B&R,Yes,135.5,135.5,135.6
2006,14,Mojave B&R,No,0.1,0.1,0.2
2006,14,Mojave B&R,Yes,217.6,217.5,217.6
2006,78,Klamath Mtns.,No,0,0,0.1
2006,78,Klamath Mtns.,Yes,893.4,892.7,894
2006,80,Northern B&R,No,0,0,0.1
2006,80,Northern B&R,Yes,56.3,56.2,56.4
2006,81,Sonoran B&R,No,0.2,0.1,0.4
2006,81,Sonoran B&R,Yes,85.3,85,85.4
2007,1,Coast Range,No,0.1,0.1,0.2
2007,1,Coast Range,Yes,420.5,419.9,421.1
2007,4,Cascades,No,0,0,0.1
2007,4,Cascades,Yes,39,38.8,39.1
2007,5,Sierra Nevada,No,0.2,0.1,0.2
2007,5,Sierra Nevada,Yes,899.6,899.2,900.1
2007,6,Oak Woodlands,No,3.9,3.6,4.3
2007,6,Oak Woodlands,Yes,1132.3,1131.6,1133
2007,7,Central Valley,No,2.1,1.8,2.5
2007,7,Central Valley,Yes,346.5,346,347
2007,8,SoCal Mtns.,No,0.2,0.1,0.3
2007,8,SoCal Mtns.,Yes,216.6,216.3,216.8
2007,9,East Cascades,No,0.1,0,0.2
2007,9,East Cascades,Yes,348.1,347.9,348.4
2007,13,Central B&R,No,0,0,0
2007,13,Central B&R,Yes,134.9,134.8,134.9
2007,14,Mojave B&R,No,0.2,0.1,0.2
2007,14,Mojave B&R,Yes,214.7,214.6,214.8
2007,78,Klamath Mtns.,No,0,0,0.1
2007,78,Klamath Mtns.,Yes,890.2,889.4,890.9
2007,80,Northern B&R,No,0,0,0.1
2007,80,Northern B&R,Yes,56,55.9,56.1
2007,81,Sonoran B&R,No,0.3,0.1,0.4
2007,81,Sonoran B&R,Yes,84.5,84.2,84.7
2008,1,Coast Range,No,0.1,0.1,0.2
2008,1,Coast Range,Yes,418.5,417.8,419.1
2008,4,Cascades,No,0,0,0.1
2008,4,Cascades,Yes,38.7,38.5,38.9
2008,5,Sierra Nevada,No,0.2,0.1,0.3
2008,5,Sierra Nevada,Yes,895.2,894.6,895.7
2008,6,Oak Woodlands,No,4.3,4,4.7
2008,6,Oak Woodlands,Yes,1125.1,1124.4,1125.9
2008,7,Central Valley,No,2.5,2.1,2.9
2008,7,Central Valley,Yes,344.1,343.6,344.6
2008,8,SoCal Mtns.,No,0.2,0.2,0.3
2008,8,SoCal Mtns.,Yes,216.8,216.6,217.1
2008,9,East Cascades,No,0.1,0,0.2
2008,9,East Cascades,Yes,346.2,345.9,346.4
2008,13,Central B&R,No,0,0,0
2008,13,Central B&R,Yes,134.9,134.9,135
2008,14,Mojave B&R,No,0.2,0.1,0.2
2008,14,Mojave B&R,Yes,214.1,214.1,214.2
2008,78,Klamath Mtns.,No,0,0,0.1
2008,78,Klamath Mtns.,Yes,879.2,878.3,880
2008,80,Northern B&R,No,0,0,0.1
2008,80,Northern B&R,Yes,55.7,55.6,55.8
2008,81,Sonoran B&R,No,0.3,0.2,0.5
2008,81,Sonoran B&R,Yes,84.7,84.4,84.9
2009,1,Coast Range,No,0.1,0.1,0.2
2009,1,Coast Range,Yes,417,416.3,417.7
2009,4,Cascades,No,0,0,0.1
2009,4,Cascades,Yes,38.6,38.5,38.8
2009,5,Sierra Nevada,No,0.2,0.1,0.3
2009,5,Sierra Nevada,Yes,894.1,893.5,894.6
2009,6,Oak Woodlands,No,4.6,4.3,5
2009,6,Oak Woodlands,Yes,1119.9,1119.1,1120.8
2009,7,Central Valley,No,2.7,2.4,3.2
2009,7,Central Valley,Yes,343.5,342.8,344.1
2009,8,SoCal Mtns.,No,0.2,0.2,0.3
2009,8,SoCal Mtns.,Yes,213.8,213.5,214.1
2009,9,East Cascades,No,0.1,0,0.2
2009,9,East Cascades,Yes,344.8,344.4,345.1
2009,13,Central B&R,No,0,0,0
2009,13,Central B&R,Yes,134.9,134.8,135
2009,14,Mojave B&R,No,0.2,0.2,0.2
2009,14,Mojave B&R,Yes,211.5,211.4,211.6
2009,78,Klamath Mtns.,No,0,0,0.1
2009,78,Klamath Mtns.,Yes,876,875,876.9
2009,80,Northern B&R,No,0,0,0.1
2009,80,Northern B&R,Yes,55.7,55.6,55.8
2009,81,Sonoran B&R,No,0.3,0.2,0.5
2009,81,Sonoran B&R,Yes,83.7,83.4,83.9
2010,1,Coast Range,No,0.2,0.1,0.2
2010,1,Coast Range,Yes,419.2,418.4,419.9
2010,4,Cascades,No,0,0,0.1
2010,4,Cascades,Yes,38.8,38.6,39
2010,5,Sierra Nevada,No,0.2,0.1,0.3
2010,5,Sierra Nevada,Yes,898.2,897.6,898.8
2010,6,Oak Woodlands,No,4.9,4.6,5.3
2010,6,Oak Woodlands,Yes,1141.1,1140.2,1142
2010,7,Central Valley,No,3,2.6,3.5
2010,7,Central Valley,Yes,357.9,357,358.7
2010,8,SoCal Mtns.,No,0.3,0.2,0.3
2010,8,SoCal Mtns.,Yes,218.2,217.9,218.5
2010,9,East Cascades,No,0.1,0,0.2
2010,9,East Cascades,Yes,346,345.7,346.3
2010,13,Central B&R,No,0,0,0
2010,13,Central B&R,Yes,136.1,136.1,136.2
2010,14,Mojave B&R,No,0.2,0.2,0.2
2010,14,Mojave B&R,Yes,216.4,216.3,216.5
2010,78,Klamath Mtns.,No,0,0,0.1
2010,78,Klamath Mtns.,Yes,879.8,878.9,880.8
2010,80,Northern B&R,No,0,0,0.1
2010,80,Northern B&R,Yes,55.9,55.8,56
2010,81,Sonoran B&R,No,0.3,0.2,0.5
2010,81,Sonoran B&R,Yes,85.2,84.9,85.4
2011,1,Coast Range,No,0.2,0.1,0.2
2011,1,Coast Range,Yes,419.3,418.4,420
2011,4,Cascades,No,0,0,0.1
2011,4,Cascades,Yes,38.8,38.6,39
2011,5,Sierra Nevada,No,0.2,0.1,0.3
2011,5,Sierra Nevada,Yes,898.1,897.5,898.8
2011,6,Oak Woodlands,No,5.2,4.8,5.5
2011,6,Oak Woodlands,Yes,1140.5,1139.6,1141.4
2011,7,Central Valley,No,3.2,2.8,3.7
2011,7,Central Valley,Yes,357.4,356.4,358.4
2011,8,SoCal Mtns.,No,0.3,0.2,0.3
2011,8,SoCal Mtns.,Yes,217.9,217.6,218.2
2011,9,East Cascades,No,0.1,0,0.2
2011,9,East Cascades,Yes,345.5,345.2,345.9
2011,13,Central B&R,No,0,0,0
2011,13,Central B&R,Yes,135.8,135.7,135.8
2011,14,Mojave B&R,No,0.2,0.2,0.3
2011,14,Mojave B&R,Yes,214.9,214.8,215
2011,78,Klamath Mtns.,No,0,0,0.1
2011,78,Klamath Mtns.,Yes,879.6,878.5,880.6
2011,80,Northern B&R,No,0,0,0.1
2011,80,Northern B&R,Yes,55.9,55.8,56
2011,81,Sonoran B&R,No,0.3,0.2,0.6
2011,81,Sonoran B&R,Yes,84.8,84.4,85
2012,1,Coast Range,No,0.2,0.1,0.2
2012,1,Coast Range,Yes,421,420.1,421.8
2012,4,Cascades,No,0,0,0.1
2012,4,Cascades,Yes,38.9,38.7,39.1
2012,5,Sierra Nevada,No,0.2,0.1,0.3
2012,5,Sierra Nevada,Yes,897.4,896.8,898.1
2012,6,Oak Woodlands,No,5.4,5,5.8
2012,6,Oak Woodlands,Yes,1137.5,1136.6,1138.4
2012,7,Central Valley,No,3.4,3,3.9
2012,7,Central Valley,Yes,357.3,356.1,358.4
2012,8,SoCal Mtns.,No,0.3,0.2,0.3
2012,8,SoCal Mtns.,Yes,215.5,215.2,215.9
2012,9,East Cascades,No,0.1,0.1,0.3
2012,9,East Cascades,Yes,345.7,345.3,346
2012,13,Central B&R,No,0,0,0
2012,13,Central B&R,Yes,135.5,135.5,135.6
2012,14,Mojave B&R,No,0.2,0.2,0.3
2012,14,Mojave B&R,Yes,212.9,212.8,213
2012,78,Klamath Mtns.,No,0,0,0.1
2012,78,Klamath Mtns.,Yes,880.1,878.9,881.2
2012,80,Northern B&R,No,0,0,0.1
2012,80,Northern B&R,Yes,55.7,55.5,55.8
2012,81,Sonoran B&R,No,0.4,0.2,0.6
2012,81,Sonoran B&R,Yes,84.4,84.1,84.6
2013,1,Coast Range,No,0.2,0.1,0.3
2013,1,Coast Range,Yes,414,413,415
2013,4,Cascades,No,0,0,0.1
2013,4,Cascades,Yes,38.3,38.1,38.5
2013,5,Sierra Nevada,No,0.2,0.1,0.3
2013,5,Sierra Nevada,Yes,882.4,881.5,883.4
2013,6,Oak Woodlands,No,6,5.5,6.5
2013,6,Oak Woodlands,Yes,1110.4,1109,1111.6
2013,7,Central Valley,No,3.6,3.2,4.1
2013,7,Central Valley,Yes,343.3,342.1,344.6
2013,8,SoCal Mtns.,No,0.3,0.2,0.4
2013,8,SoCal Mtns.,Yes,211,210.7,211.4
2013,9,East Cascades,No,0.1,0.1,0.3
2013,9,East Cascades,Yes,342.2,341.7,342.7
2013,13,Central B&R,No,0,0,0
2013,13,Central B&R,Yes,134.4,134.3,134.5
2013,14,Mojave B&R,No,0.2,0.2,0.3
2013,14,Mojave B&R,Yes,210.5,210.4,210.6
2013,78,Klamath Mtns.,No,0,0,0.1
2013,78,Klamath Mtns.,Yes,865,863.4,866.4
2013,80,Northern B&R,No,0,0,0.1
2013,80,Northern B&R,Yes,55.3,55.2,55.4
2013,81,Sonoran B&R,No,0.4,0.2,0.6
2013,81,Sonoran B&R,Yes,84.2,83.9,84.5
2014,1,Coast Range,No,0.2,0.1,0.3
2014,1,Coast Range,Yes,413.3,412.1,414.7
2014,4,Cascades,No,0.1,0,0.1
2014,4,Cascades,Yes,38.2,38,38.5
2014,5,Sierra Nevada,No,0.2,0.1,0.3
2014,5,Sierra Nevada,Yes,877.4,876.2,878.8
2014,6,Oak Woodlands,No,6.6,5.9,7.1
2014,6,Oak Woodlands,Yes,1103.6,1102,1105.3
2014,7,Central Valley,No,3.8,3.4,4.4
2014,7,Central Valley,Yes,343.3,341.9,344.6
2014,8,SoCal Mtns.,No,0.3,0.3,0.4
2014,8,SoCal Mtns.,Yes,208.9,208.5,209.2
2014,9,East Cascades,No,0.2,0.1,0.3
2014,9,East Cascades,Yes,341.5,340.9,342.1
2014,13,Central B&R,No,0,0,0
2014,13,Central B&R,Yes,134,133.9,134.1
2014,14,Mojave B&R,No,0.3,0.2,0.3
2014,14,Mojave B&R,Yes,208,207.9,208.1
2014,78,Klamath Mtns.,No,0,0,0.1
2014,78,Klamath Mtns.,Yes,860.8,858.7,862.7
2014,80,Northern B&R,No,0,0,0.1
2014,80,Northern B&R,Yes,55.4,55.2,55.5
2014,81,Sonoran B&R,No,0.4,0.2,0.7
2014,81,Sonoran B&R,Yes,83.4,83.1,83.7
2015,1,Coast Range,No,0.3,0.2,0.4
2015,1,Coast Range,Yes,410.6,409.1,412.3
2015,4,Cascades,No,0.1,0,0.1
2015,4,Cascades,Yes,38,37.7,38.2
2015,5,Sierra Nevada,No,0.2,0.1,0.3
2015,5,Sierra Nevada,Yes,871.4,869.8,873.1
2015,6,Oak Woodlands,No,7.2,6.3,7.8
2015,6,Oak Woodlands,Yes,1086.7,1084.7,1088.7
2015,7,Central Valley,No,4.1,3.6,4.6
2015,7,Central Valley,Yes,337.1,335.6,338.5
2015,8,SoCal Mtns.,No,0.4,0.3,0.4
2015,8,SoCal Mtns.,Yes,205.7,205.3,206
2015,9,East Cascades,No,0.2,0.1,0.3
2015,9,East Cascades,Yes,340.6,339.9,341.3
2015,13,Central B&R,No,0,0,0
2015,13,Central B&R,Yes,134,133.9,134.1
2015,14,Mojave B&R,No,0.3,0.2,0.3
2015,14,Mojave B&R,Yes,206.9,206.8,207.1
2015,78,Klamath Mtns.,No,0,0,0.1
2015,78,Klamath Mtns.,Yes,852.8,850.3,855.1
2015,80,Northern B&R,No,0,0,0.1
2015,80,Northern B&R,Yes,55.5,55.3,55.6
2015,81,Sonoran B&R,No,0.4,0.3,0.7
2015,81,Sonoran B&R,Yes,83.1,82.7,83.4
2016,1,Coast Range,No,0.3,0.2,0.4
2016,1,Coast Range,Yes,411.5,408.2,414.6
2016,4,Cascades,No,0.1,0,0.1
2016,4,Cascades,Yes,38.1,37.7,38.4
2016,5,Sierra Nevada,No,0.2,0.1,0.3
2016,5,Sierra Nevada,Yes,872.1,866,876.3
2016,6,Oak Woodlands,No,7.7,6.7,8.4
2016,6,Oak Woodlands,Yes,1091.9,1074.7,1104.9
2016,7,Central Valley,No,4.3,3.8,4.9
2016,7,Central Valley,Yes,342.5,331.3,349.6
2016,8,SoCal Mtns.,No,0.4,0.3,0.5
2016,8,SoCal Mtns.,Yes,206.4,203.4,209.7
2016,9,East Cascades,No,0.2,0.1,0.3
2016,9,East Cascades,Yes,340.8,338.3,343.5
2016,13,Central B&R,No,0,0,0
2016,13,Central B&R,Yes,134.4,133.5,135.2
2016,14,Mojave B&R,No,0.3,0.2,0.4
2016,14,Mojave B&R,Yes,207.3,203.5,212
2016,78,Klamath Mtns.,No,0,0,0.1
2016,78,Klamath Mtns.,Yes,856.7,851.4,860.9
2016,80,Northern B&R,No,0.1,0,0.1
2016,80,Northern B&R,Yes,55.5,55.1,55.9
2016,81,Sonoran B&R,No,0.5,0.3,0.7
2016,81,Sonoran B&R,Yes,82.9,81.6,84.7
2017,1,Coast Range,No,0.3,0.2,0.5
2017,1,Coast Range,Yes,409.5,404.7,413.9
2017,4,Cascades,No,0.1,0,0.1
2017,4,Cascades,Yes,38,37.4,38.4
2017,5,Sierra Nevada,No,0.2,0.2,0.4
2017,5,Sierra Nevada,Yes,868.3,860,875.1
2017,6,Oak Woodlands,No,8.3,7.1,9
2017,6,Oak Woodlands,Yes,1083.4,1061.9,1106
2017,7,Central Valley,No,4.5,4,5.2
2017,7,Central Valley,Yes,337.1,325.6,348.4
2017,8,SoCal Mtns.,No,0.4,0.3,0.5
2017,8,SoCal Mtns.,Yes,205.3,201.3,209.2
2017,9,East Cascades,No,0.2,0.1,0.3
2017,9,East Cascades,Yes,338.8,335.2,342.5
2017,13,Central B&R,No,0,0,0
2017,13,Central B&R,Yes,134.1,132.9,134.8
2017,14,Mojave B&R,No,0.3,0.3,0.4
2017,14,Mojave B&R,Yes,206.8,201.6,210
2017,78,Klamath Mtns.,No,0,0,0.1
2017,78,Klamath Mtns.,Yes,855,845.7,862.8
2017,80,Northern B&R,No,0.1,0,0.1
2017,80,Northern B&R,Yes,55.2,54.6,55.8
2017,81,Sonoran B&R,No,0.5,0.3,0.8
2017,81,Sonoran B&R,Yes,83.1,81.4,85.2
2018,1,Coast Range,No,0.4,0.2,0.5
2018,1,Coast Range,Yes,409.3,404.3,415.5
2018,4,Cascades,No,0.1,0,0.1
2018,4,Cascades,Yes,37.9,37.3,38.5
2018,5,Sierra Nevada,No,0.2,0.2,0.4
2018,5,Sierra Nevada,Yes,866.8,859.1,876.8
2018,6,Oak Woodlands,No,8.8,7.6,9.6
2018,6,Oak Woodlands,Yes,1083.3,1068,1119.8
2018,7,Central Valley,No,4.8,4.2,5.5
2018,7,Central Valley,Yes,337,328.6,355.7
2018,8,SoCal Mtns.,No,0.4,0.4,0.5
2018,8,SoCal Mtns.,Yes,206,200.6,213.4
2018,9,East Cascades,No,0.2,0.1,0.3
2018,9,East Cascades,Yes,338.1,334.4,342.8
2018,13,Central B&R,No,0,0,0
2018,13,Central B&R,Yes,134.1,133.2,135.3
2018,14,Mojave B&R,No,0.4,0.3,0.4
2018,14,Mojave B&R,Yes,208,202.3,212.6
2018,78,Klamath Mtns.,No,0,0,0.1
2018,78,Klamath Mtns.,Yes,856.1,847.5,866
2018,80,Northern B&R,No,0.1,0,0.1
2018,80,Northern B&R,Yes,55.1,54.6,55.9
2018,81,Sonoran B&R,No,0.6,0.3,0.9
2018,81,Sonoran B&R,Yes,83.6,81.2,85.8
2019,1,Coast Range,No,0.4,0.2,0.6
2019,1,Coast Range,Yes,410.6,404.5,417.9
2019,4,Cascades,No,0.1,0,0.1
2019,4,Cascades,Yes,38,37.2,38.6
2019,5,Sierra Nevada,No,0.3,0.2,0.4
2019,5,Sierra Nevada,Yes,867.1,859.7,878.3
2019,6,Oak Woodlands,No,9.4,8.1,10.3
2019,6,Oak Woodlands,Yes,1088.4,1066,1129.6
2019,7,Central Valley,No,5,4.4,5.8
2019,7,Central Valley,Yes,340.8,327,361.9
2019,8,SoCal Mtns.,No,0.5,0.4,0.6
2019,8,SoCal Mtns.,Yes,206.8,201.9,214.7
2019,9,East Cascades,No,0.2,0.1,0.3
2019,9,East Cascades,Yes,338.9,333,344.3
2019,13,Central B&R,No,0,0,0
2019,13,Central B&R,Yes,134.5,133.1,136
2019,14,Mojave B&R,No,0.4,0.3,0.5
2019,14,Mojave B&R,Yes,208.8,202.6,212.2
2019,78,Klamath Mtns.,No,0,0,0.1
2019,78,Klamath Mtns.,Yes,859.3,849,869.6
2019,80,Northern B&R,No,0.1,0,0.2
2019,80,Northern B&R,Yes,55.3,54.4,56.1
2019,81,Sonoran B&R,No,0.6,0.4,0.9
2019,81,Sonoran B&R,Yes,83.8,80.9,85.3
2020,1,Coast Range,No,0.4,0.2,0.6
2020,1,Coast Range,Yes,410.3,401.7,418.9
2020,4,Cascades,No,0.1,0,0.1
2020,4,Cascades,Yes,37.9,36.9,38.7
2020,5,Sierra Nevada,No,0.3,0.2,0.4
2020,5,Sierra Nevada,Yes,865.4,855.2,879.8
2020,6,Oak Woodlands,No,10,8.6,10.9
2020,6,Oak Woodlands,Yes,1090.2,1052.4,1140.8
2020,7,Central Valley,No,5.3,4.6,6.1
2020,7,Central Valley,Yes,340.9,321.1,364.8
2020,8,SoCal Mtns.,No,0.5,0.4,0.6
2020,8,SoCal Mtns.,Yes,208,200.5,218.2
2020,9,East Cascades,No,0.2,0.1,0.3
2020,9,East Cascades,Yes,338,330.3,343.9
2020,13,Central B&R,No,0,0,0
2020,13,Central B&R,Yes,134.8,132.8,137.5
2020,14,Mojave B&R,No,0.4,0.3,0.5
2020,14,Mojave B&R,Yes,210,203,215.7
2020,78,Klamath Mtns.,No,0.1,0,0.1
2020,78,Klamath Mtns.,Yes,859.3,844.7,871.2
2020,80,Northern B&R,No,0.1,0,0.2
2020,80,Northern B&R,Yes,55.2,54.2,56.2
2020,81,Sonoran B&R,No,0.6,0.4,1
2020,81,Sonoran B&R,Yes,84.2,81.1,85.9
2021,1,Coast Range,No,0.5,0.3,0.7
2021,1,Coast Range,Yes,410.7,401.5,418.9
2021,4,Cascades,No,0.1,0,0.2
2021,4,Cascades,Yes,38,36.9,38.8
2021,5,Sierra Nevada,No,0.3,0.2,0.4
2021,5,Sierra Nevada,Yes,864.7,855.1,878.1
2021,6,Oak Woodlands,No,10.5,9,11.6
2021,6,Oak Woodlands,Yes,1088.7,1061,1129.5
2021,7,Central Valley,No,5.6,4.8,6.4
2021,7,Central Valley,Yes,340,327.9,356.2
2021,8,SoCal Mtns.,No,0.5,0.4,0.7
2021,8,SoCal Mtns.,Yes,207.5,201.1,215.9
2021,9,East Cascades,No,0.2,0.1,0.3
2021,9,East Cascades,Yes,338.3,331.4,343.3
2021,13,Central B&R,No,0,0,0
2021,13,Central B&R,Yes,134.8,132.8,137
2021,14,Mojave B&R,No,0.4,0.3,0.5
2021,14,Mojave B&R,Yes,209.3,203,215.8
2021,78,Klamath Mtns.,No,0.1,0,0.1
2021,78,Klamath Mtns.,Yes,861.1,844.6,873.9
2021,80,Northern B&R,No,0.1,0,0.2
2021,80,Northern B&R,Yes,55.2,54.4,56.1
2021,81,Sonoran B&R,No,0.7,0.4,1
2021,81,Sonoran B&R,Yes,83.6,81.7,85.8
2022,1,Coast Range,No,0.5,0.3,0.7
2022,1,Coast Range,Yes,410.3,401.4,419.2
2022,4,Cascades,No,0.1,0,0.2
2022,4,Cascades,Yes,38,36.9,38.8
2022,5,Sierra Nevada,No,0.3,0.2,0.4
2022,5,Sierra Nevada,Yes,862.8,851,876.5
2022,6,Oak Woodlands,No,11.1,9.5,12.2
2022,6,Oak Woodlands,Yes,1085.7,1055,1120.6
2022,7,Central Valley,No,5.8,5,6.7
2022,7,Central Valley,Yes,337.6,324.6,351.4
2022,8,SoCal Mtns.,No,0.6,0.5,0.7
2022,8,SoCal Mtns.,Yes,207.3,199.9,213.7
2022,9,East Cascades,No,0.2,0.1,0.4
2022,9,East Cascades,Yes,338.4,331.4,344.4
2022,13,Central B&R,No,0,0,0
2022,13,Central B&R,Yes,134.8,132.8,136.8
2022,14,Mojave B&R,No,0.5,0.3,0.6
2022,14,Mojave B&R,Yes,209,201.4,215.8
2022,78,Klamath Mtns.,No,0.1,0,0.1
2022,78,Klamath Mtns.,Yes,861.7,844.2,876.6
2022,80,Northern B&R,No,0.1,0,0.2
2022,80,Northern B&R,Yes,55.2,54.3,56.3
2022,81,Sonoran B&R,No,0.7,0.5,1.1
2022,81,Sonoran B&R,Yes,83.6,81.2,85.8
2023,1,Coast Range,No,0.5,0.3,0.8
2023,1,Coast Range,Yes,409.8,399,420.3
2023,4,Cascades,No,0.1,0,0.2
2023,4,Cascades,Yes,37.9,36.7,38.9
2023,5,Sierra Nevada,No,0.3,0.2,0.5
2023,5,Sierra Nevada,Yes,861.3,849.5,877.6
2023,6,Oak Woodlands,No,11.6,9.9,12.9
2023,6,Oak Woodlands,Yes,1082.3,1052.3,1127.8
2023,7,Central Valley,No,6.1,5.2,7
2023,7,Central Valley,Yes,336.1,325.5,356.5
2023,8,SoCal Mtns.,No,0.6,0.5,0.7
2023,8,SoCal Mtns.,Yes,206.5,198.1,214.3
2023,9,East Cascades,No,0.2,0.1,0.4
2023,9,East Cascades,Yes,337.7,329,345.5
2023,13,Central B&R,No,0,0,0
2023,13,Central B&R,Yes,134.9,132.5,138.1
2023,14,Mojave B&R,No,0.5,0.4,0.6
2023,14,Mojave B&R,Yes,208.7,200.3,214.6
2023,78,Klamath Mtns.,No,0.1,0,0.1
2023,78,Klamath Mtns.,Yes,861.2,838.1,877.4
2023,80,Northern B&R,No,0.1,0,0.2
2023,80,Northern B&R,Yes,55.2,54,56.6
2023,81,Sonoran B&R,No,0.8,0.5,1.1
2023,81,Sonoran B&R,Yes,83.3,81.2,85.1
2024,1,Coast Range,No,0.6,0.3,0.8
2024,1,Coast Range,Yes,410.2,396.1,421.4
2024,4,Cascades,No,0.1,0,0.2
2024,4,Cascades,Yes,37.8,36.6,38.9
2024,5,Sierra Nevada,No,0.3,0.2,0.5
2024,5,Sierra Nevada,Yes,861,850.2,878.8
2024,6,Oak Woodlands,No,12.2,10.3,13.6
2024,6,Oak Woodlands,Yes,1087.9,1047.3,1134
2024,7,Central Valley,No,6.3,5.4,7.3
2024,7,Central Valley,Yes,340.2,322.7,359.4
2024,8,SoCal Mtns.,No,0.7,0.5,0.8
2024,8,SoCal Mtns.,Yes,207.5,196.8,218.7
2024,9,East Cascades,No,0.2,0.1,0.4
2024,9,East Cascades,Yes,337.6,328.3,345.3
2024,13,Central B&R,No,0,0,0
2024,13,Central B&R,Yes,135.5,132.5,138.7
2024,14,Mojave B&R,No,0.5,0.4,0.6
2024,14,Mojave B&R,Yes,209.4,199.5,220.4
2024,78,Klamath Mtns.,No,0.1,0,0.1
2024,78,Klamath Mtns.,Yes,861.7,833.3,879.3
2024,80,Northern B&R,No,0.1,0,0.2
2024,80,Northern B&R,Yes,55.2,53.8,56.7
2024,81,Sonoran B&R,No,0.8,0.5,1.2
2024,81,Sonoran B&R,Yes,83,81,85.7
2025,1,Coast Range,No,0.6,0.3,0.9
2025,1,Coast Range,Yes,410.6,393.5,422.4
2025,4,Cascades,No,0.1,0,0.2
2025,4,Cascades,Yes,37.8,36.5,38.9
2025,5,Sierra Nevada,No,0.3,0.2,0.5
2025,5,Sierra Nevada,Yes,861.1,849,880.3
2025,6,Oak Woodlands,No,12.7,10.8,14.3
2025,6,Oak Woodlands,Yes,1094.2,1039.2,1145.8
2025,7,Central Valley,No,6.6,5.6,7.6
2025,7,Central Valley,Yes,343,318.5,366.9
2025,8,SoCal Mtns.,No,0.7,0.5,0.8
2025,8,SoCal Mtns.,Yes,209.3,194.9,222
2025,9,East Cascades,No,0.2,0.1,0.4
2025,9,East Cascades,Yes,338.3,328,345.4
2025,13,Central B&R,No,0,0,0
2025,13,Central B&R,Yes,136,132.6,139.5
2025,14,Mojave B&R,No,0.6,0.4,0.7
2025,14,Mojave B&R,Yes,211,201.2,222.9
2025,78,Klamath Mtns.,No,0.1,0,0.1
2025,78,Klamath Mtns.,Yes,861.9,827.7,881.3
2025,80,Northern B&R,No,0.1,0,0.2
2025,80,Northern B&R,Yes,55.4,53.8,56.7
2025,81,Sonoran B&R,No,0.9,0.6,1.3
2025,81,Sonoran B&R,Yes,83.4,81.2,86.9
2026,1,Coast Range,No,0.6,0.3,0.9
2026,1,Coast Range,Yes,410.5,392.8,423.4
2026,4,Cascades,No,0.1,0,0.2
2026,4,Cascades,Yes,37.7,36.2,38.9
2026,5,Sierra Nevada,No,0.3,0.2,0.5
2026,5,Sierra Nevada,Yes,860.2,846.9,881.2
2026,6,Oak Woodlands,No,13.2,11.3,14.9
2026,6,Oak Woodlands,Yes,1098.1,1045.1,1145.7
2026,7,Central Valley,No,6.9,5.8,7.9
2026,7,Central Valley,Yes,343.9,321.2,362.5
2026,8,SoCal Mtns.,No,0.7,0.6,0.9
2026,8,SoCal Mtns.,Yes,211.1,199.7,222.7
2026,9,East Cascades,No,0.2,0.1,0.4
2026,9,East Cascades,Yes,337.7,326.6,346.1
2026,13,Central B&R,No,0,0,0
2026,13,Central B&R,Yes,136.5,133.1,140.4
2026,14,Mojave B&R,No,0.6,0.4,0.7
2026,14,Mojave B&R,Yes,212.3,204,224
2026,78,Klamath Mtns.,No,0.1,0,0.1
2026,78,Klamath Mtns.,Yes,861.1,823.9,882.5
2026,80,Northern B&R,No,0.1,0,0.2
2026,80,Northern B&R,Yes,55.3,53.7,56.9
2026,81,Sonoran B&R,No,0.9,0.6,1.3
2026,81,Sonoran B&R,Yes,83.3,81,86.8
2027,1,Coast Range,No,0.7,0.3,1
2027,1,Coast Range,Yes,409.6,391.6,424.6
2027,4,Cascades,No,0.1,0,0.2
2027,4,Cascades,Yes,37.5,35.8,39
2027,5,Sierra Nevada,No,0.3,0.2,0.5
2027,5,Sierra Nevada,Yes,857.2,836.7,881.4
2027,6,Oak Woodlands,No,13.7,11.7,15.6
2027,6,Oak Woodlands,Yes,1093.6,1051.1,1154.2
2027,7,Central Valley,No,7.1,5.9,8.2
2027,7,Central Valley,Yes,340,319.4,365.6
2027,8,SoCal Mtns.,No,0.8,0.6,0.9
2027,8,SoCal Mtns.,Yes,210.6,200.4,223.6
2027,9,East Cascades,No,0.2,0.1,0.4
2027,9,East Cascades,Yes,336.4,323.2,346
2027,13,Central B&R,No,0,0,0
2027,13,Central B&R,Yes,136.4,131.9,140.8
2027,14,Mojave B&R,No,0.6,0.4,0.7
2027,14,Mojave B&R,Yes,211.7,200.4,224.6
2027,78,Klamath Mtns.,No,0.1,0,0.2
2027,78,Klamath Mtns.,Yes,859.6,820.9,884.1
2027,80,Northern B&R,No,0.1,0,0.2
2027,80,Northern B&R,Yes,55.2,53.4,56.6
2027,81,Sonoran B&R,No,1,0.7,1.4
2027,81,Sonoran B&R,Yes,83,80.3,87
2028,1,Coast Range,No,0.7,0.4,1
2028,1,Coast Range,Yes,408.9,388.6,424.7
2028,4,Cascades,No,0.1,0,0.2
2028,4,Cascades,Yes,37.4,35.7,38.9
2028,5,Sierra Nevada,No,0.3,0.2,0.6
2028,5,Sierra Nevada,Yes,855.1,833.2,880.2
2028,6,Oak Woodlands,No,14.2,12.2,16.2
2028,6,Oak Woodlands,Yes,1089.1,1043.9,1156.5
2028,7,Central Valley,No,7.4,6.1,8.5
2028,7,Central Valley,Yes,337.3,317.2,367.5
2028,8,SoCal Mtns.,No,0.8,0.6,1
2028,8,SoCal Mtns.,Yes,209.6,199.1,222.2
2028,9,East Cascades,No,0.2,0.1,0.4
2028,9,East Cascades,Yes,335.8,322.4,345.2
2028,13,Central B&R,No,0,0,0
2028,13,Central B&R,Yes,136.2,131.4,141.9
2028,14,Mojave B&R,No,0.6,0.4,0.8
2028,14,Mojave B&R,Yes,210.6,198.3,226.3
2028,78,Klamath Mtns.,No,0.1,0,0.2
2028,78,Klamath Mtns.,Yes,858.7,815.8,883.8
2028,80,Northern B&R,No,0.1,0,0.2
2028,80,Northern B&R,Yes,55.1,53.3,56.9
2028,81,Sonoran B&R,No,1,0.7,1.5
2028,81,Sonoran B&R,Yes,82.8,79.4,88.3
2029,1,Coast Range,No,0.7,0.4,1.1
2029,1,Coast Range,Yes,408.3,385.6,426.6
2029,4,Cascades,No,0.1,0,0.2
2029,4,Cascades,Yes,37.3,35.5,38.9
2029,5,Sierra Nevada,No,0.3,0.2,0.6
2029,5,Sierra Nevada,Yes,853.3,832,880.2
2029,6,Oak Woodlands,No,14.7,12.6,16.8
2029,6,Oak Woodlands,Yes,1090.4,1049.7,1171.8
2029,7,Central Valley,No,7.6,6.3,8.8
2029,7,Central Valley,Yes,338.2,322.7,375.7
2029,8,SoCal Mtns.,No,0.8,0.6,1
2029,8,SoCal Mtns.,Yes,210.1,201.2,224.6
2029,9,East Cascades,No,0.2,0.1,0.4
2029,9,East Cascades,Yes,335.1,321.1,346.8
2029,13,Central B&R,No,0,0,0
2029,13,Central B&R,Yes,136.4,131.5,142.9
2029,14,Mojave B&R,No,0.7,0.5,0.8
2029,14,Mojave B&R,Yes,210.6,199.7,228.3
2029,78,Klamath Mtns.,No,0.1,0,0.2
2029,78,Klamath Mtns.,Yes,857.2,810.5,885.6
2029,80,Northern B&R,No,0.1,0,0.2
2029,80,Northern B&R,Yes,55.1,53.2,57.4
2029,81,Sonoran B&R,No,1.1,0.7,1.5
2029,81,Sonoran B&R,Yes,82.4,79.6,88.1
2030,1,Coast Range,No,0.8,0.4,1.1
2030,1,Coast Range,Yes,408.1,384.1,427.7
2030,4,Cascades,No,0.1,0,0.2
2030,4,Cascades,Yes,37.2,35.3,38.8
2030,5,Sierra Nevada,No,0.4,0.2,0.6
2030,5,Sierra Nevada,Yes,852.8,828.3,880.8
2030,6,Oak Woodlands,No,15.2,13,17.4
2030,6,Oak Woodlands,Yes,1092.9,1044.9,1184.4
2030,7,Central Valley,No,7.9,6.5,9.2
2030,7,Central Valley,Yes,340.8,317.4,383.2
2030,8,SoCal Mtns.,No,0.9,0.7,1.1
2030,8,SoCal Mtns.,Yes,211,200.1,227.2
2030,9,East Cascades,No,0.2,0.1,0.4
2030,9,East Cascades,Yes,335.4,321.7,348.3
2030,13,Central B&R,No,0,0,0
2030,13,Central B&R,Yes,136.9,132,143.4
2030,14,Mojave B&R,No,0.7,0.5,0.9
2030,14,Mojave B&R,Yes,212,200,230.6
2030,78,Klamath Mtns.,No,0.1,0,0.2
2030,78,Klamath Mtns.,Yes,857,808.6,886.2
2030,80,Northern B&R,No,0.1,0,0.2
2030,80,Northern B&R,Yes,55.2,53.4,57.7
2030,81,Sonoran B&R,No,1.1,0.8,1.6
2030,81,Sonoran B&R,Yes,82.5,79.7,88.4
2031,1,Coast Range,No,0.8,0.4,1.2
2031,1,Coast Range,Yes,407.3,382,428.9
2031,4,Cascades,No,0.1,0,0.2
2031,4,Cascades,Yes,37.1,35.2,38.8
2031,5,Sierra Nevada,No,0.4,0.2,0.6
2031,5,Sierra Nevada,Yes,851.2,824.6,880.9
2031,6,Oak Woodlands,No,15.6,13.3,17.9
2031,6,Oak Woodlands,Yes,1090.9,1038.8,1193.6
2031,7,Central Valley,No,8.2,6.6,9.5
2031,7,Central Valley,Yes,339.6,313.5,386.3
2031,8,SoCal Mtns.,No,0.9,0.7,1.1
2031,8,SoCal Mtns.,Yes,211,200.1,229.8
2031,9,East Cascades,No,0.3,0.1,0.5
2031,9,East Cascades,Yes,334.9,321.5,349.9
2031,13,Central B&R,No,0,0,0
2031,13,Central B&R,Yes,136.8,131.5,143.6
2031,14,Mojave B&R,No,0.7,0.5,0.9
2031,14,Mojave B&R,Yes,212,199.6,232.2
2031,78,Klamath Mtns.,No,0.1,0,0.2
2031,78,Klamath Mtns.,Yes,855.9,806.8,887.3
2031,80,Northern B&R,No,0.1,0,0.2
2031,80,Northern B&R,Yes,55.1,53.3,57.9
2031,81,Sonoran B&R,No,1.2,0.8,1.7
2031,81,Sonoran B&R,Yes,82.5,79.5,88.5
2032,1,Coast Range,No,0.8,0.4,1.2
2032,1,Coast Range,Yes,407.4,380.6,430.5
2032,4,Cascades,No,0.1,0,0.2
2032,4,Cascades,Yes,37.1,35,38.8
2032,5,Sierra Nevada,No,0.4,0.2,0.6
2032,5,Sierra Nevada,Yes,851.7,826.2,883.8
2032,6,Oak Woodlands,No,16.1,13.6,18.5
2032,6,Oak Woodlands,Yes,1096.4,1044.5,1207.2
2032,7,Central Valley,No,8.4,6.8,9.8
2032,7,Central Valley,Yes,343.5,322.5,394.9
2032,8,SoCal Mtns.,No,0.9,0.7,1.2
2032,8,SoCal Mtns.,Yes,212.1,203,231.9
2032,9,East Cascades,No,0.3,0.1,0.5
2032,9,East Cascades,Yes,335,320.1,351.3
2032,13,Central B&R,No,0,0,0
2032,13,Central B&R,Yes,137.4,131.8,144.6
2032,14,Mojave B&R,No,0.7,0.5,0.9
2032,14,Mojave B&R,Yes,212.5,202.8,233.3
2032,78,Klamath Mtns.,No,0.1,0,0.2
2032,78,Klamath Mtns.,Yes,856.1,806.1,889.2
2032,80,Northern B&R,No,0.1,0,0.2
2032,80,Northern B&R,Yes,55.3,53.2,58.2
2032,81,Sonoran B&R,No,1.3,0.9,1.7
2032,81,Sonoran B&R,Yes,82.5,79.5,88.9
2033,1,Coast Range,No,0.8,0.4,1.3
2033,1,Coast Range,Yes,406.3,379.9,430.4
2033,4,Cascades,No,0.1,0,0.2
2033,4,Cascades,Yes,37,34.9,38.6
2033,5,Sierra Nevada,No,0.4,0.2,0.7
2033,5,Sierra Nevada,Yes,850,824.6,883.2
2033,6,Oak Woodlands,No,16.5,13.9,19.1
2033,6,Oak Woodlands,Yes,1093.4,1037.9,1211.2
2033,7,Central Valley,No,8.7,7,10.1
2033,7,Central Valley,Yes,341.4,320.1,397.4
2033,8,SoCal Mtns.,No,1,0.7,1.2
2033,8,SoCal Mtns.,Yes,212,200.3,232.4
2033,9,East Cascades,No,0.3,0.1,0.5
2033,9,East Cascades,Yes,333.6,318.5,349.3
2033,13,Central B&R,No,0,0,0
2033,13,Central B&R,Yes,137.3,131.1,144.8
2033,14,Mojave B&R,No,0.8,0.5,1
2033,14,Mojave B&R,Yes,212.1,199.6,232.5
2033,78,Klamath Mtns.,No,0.1,0,0.2
2033,78,Klamath Mtns.,Yes,854.6,804.6,886.7
2033,80,Northern B&R,No,0.1,0,0.2
2033,80,Northern B&R,Yes,55.1,53,58
2033,81,Sonoran B&R,No,1.3,0.9,1.8
2033,81,Sonoran B&R,Yes,82,78.9,88.1
2034,1,Coast Range,No,0.9,0.5,1.3
2034,1,Coast Range,Yes,405,378,427.9
2034,4,Cascades,No,0.1,0,0.2
2034,4,Cascades,Yes,36.8,34.4,38.4
2034,5,Sierra Nevada,No,0.4,0.2,0.7
2034,5,Sierra Nevada,Yes,847.5,819.7,878.5
2034,6,Oak Woodlands,No,16.9,14.1,19.6
2034,6,Oak Woodlands,Yes,1087.3,1028.2,1193.5
2034,7,Central Valley,No,8.9,7.2,10.5
2034,7,Central Valley,Yes,338,316.1,383.8
2034,8,SoCal Mtns.,No,1,0.7,1.3
2034,8,SoCal Mtns.,Yes,211,198,230.3
2034,9,East Cascades,No,0.3,0.1,0.5
2034,9,East Cascades,Yes,332.3,315.9,346
2034,13,Central B&R,No,0,0,0
2034,13,Central B&R,Yes,137.2,130.4,144.1
2034,14,Mojave B&R,No,0.8,0.6,1
2034,14,Mojave B&R,Yes,211.2,197.6,231.6
2034,78,Klamath Mtns.,No,0.1,0,0.2
2034,78,Klamath Mtns.,Yes,852.2,801.9,883.2
2034,80,Northern B&R,No,0.1,0,0.2
2034,80,Northern B&R,Yes,54.9,52.6,57.5
2034,81,Sonoran B&R,No,1.4,1,1.9
2034,81,Sonoran B&R,Yes,81.6,78.5,87.2
2035,1,Coast Range,No,0.9,0.5,1.3
2035,1,Coast Range,Yes,403.5,377.4,426.4
2035,4,Cascades,No,0.1,0,0.2
2035,4,Cascades,Yes,36.7,34.2,38.2
2035,5,Sierra Nevada,No,0.4,0.2,0.7
2035,5,Sierra Nevada,Yes,844.5,818.5,875.6
2035,6,Oak Woodlands,No,17.3,14.4,20.2
2035,6,Oak Woodlands,Yes,1079.8,1033.3,1185.9
2035,7,Central Valley,No,9.2,7.3,10.8
2035,7,Central Valley,Yes,333.6,315.5,377.8
2035,8,SoCal Mtns.,No,1,0.8,1.3
2035,8,SoCal Mtns.,Yes,209.8,199.3,229.1
2035,9,East Cascades,No,0.3,0.1,0.5
2035,9,East Cascades,Yes,331.2,313.4,344.7
2035,13,Central B&R,No,0,0,0
2035,13,Central B&R,Yes,136.8,130.3,143.4
2035,14,Mojave B&R,No,0.8,0.6,1
2035,14,Mojave B&R,Yes,210,199.7,229.3
2035,78,Klamath Mtns.,No,0.1,0,0.2
2035,78,Klamath Mtns.,Yes,850.3,800.4,881.1
2035,80,Northern B&R,No,0.1,0,0.2
2035,80,Northern B&R,Yes,54.7,52.3,57.2
2035,81,Sonoran B&R,No,1.4,1,2
2035,81,Sonoran B&R,Yes,81.5,79,87.8
2036,1,Coast Range,No,0.9,0.5,1.4
2036,1,Coast Range,Yes,403.4,376.6,427.1
2036,4,Cascades,No,0.1,0,0.2
2036,4,Cascades,Yes,36.6,34.2,38.2
2036,5,Sierra Nevada,No,0.4,0.2,0.7
2036,5,Sierra Nevada,Yes,844.9,819.3,876.8
2036,6,Oak Woodlands,No,17.7,14.6,20.7
2036,6,Oak Woodlands,Yes,1082.7,1038.7,1188.2
2036,7,Central Valley,No,9.5,7.5,11.1
2036,7,Central Valley,Yes,336.2,320.4,380
2036,8,SoCal Mtns.,No,1,0.8,1.3
2036,8,SoCal Mtns.,Yes,210.6,202,229.3
2036,9,East Cascades,No,0.3,0.1,0.5
2036,9,East Cascades,Yes,331.3,314.3,345.5
2036,13,Central B&R,No,0,0,0
2036,13,Central B&R,Yes,137.1,131.5,143.5
2036,14,Mojave B&R,No,0.8,0.6,1.1
2036,14,Mojave B&R,Yes,210,202.7,228.1
2036,78,Klamath Mtns.,No,0.1,0,0.2
2036,78,Klamath Mtns.,Yes,850.2,799.5,882.1
2036,80,Northern B&R,No,0.1,0,0.2
2036,80,Northern B&R,Yes,54.7,52.5,57.3
2036,81,Sonoran B&R,No,1.5,1,2
2036,81,Sonoran B&R,Yes,81.3,77.9,88.3
2037,1,Coast Range,No,0.9,0.5,1.4
2037,1,Coast Range,Yes,402.9,376.1,427.4
2037,4,Cascades,No,0.1,0,0.2
2037,4,Cascades,Yes,36.5,34.2,38.1
2037,5,Sierra Nevada,No,0.4,0.2,0.7
2037,5,Sierra Nevada,Yes,843.5,817.8,876.4
2037,6,Oak Woodlands,No,18.1,14.7,21.2
2037,6,Oak Woodlands,Yes,1082.1,1024.4,1180.7
2037,7,Central Valley,No,9.7,7.6,11.4
2037,7,Central Valley,Yes,335.6,313.2,373.5
2037,8,SoCal Mtns.,No,1.1,0.8,1.4
2037,8,SoCal Mtns.,Yes,210.8,201.9,228.6
2037,9,East Cascades,No,0.3,0.1,0.5
2037,9,East Cascades,Yes,330.1,312.9,344
2037,13,Central B&R,No,0,0,0
2037,13,Central B&R,Yes,137.1,131.8,142.9
2037,14,Mojave B&R,No,0.9,0.6,1.1
2037,14,Mojave B&R,Yes,210.4,201.7,227.5
2037,78,Klamath Mtns.,No,0.1,0,0.2
2037,78,Klamath Mtns.,Yes,849,800,882.3
2037,80,Northern B&R,No,0.1,0,0.2
2037,80,Northern B&R,Yes,54.6,52.3,57
2037,81,Sonoran B&R,No,1.6,1.1,2.1
2037,81,Sonoran B&R,Yes,81.5,77.7,88.1
2038,1,Coast Range,No,1,0.5,1.5
2038,1,Coast Range,Yes,402.7,373.9,428.9
2038,4,Cascades,No,0.1,0,0.3
2038,4,Cascades,Yes,36.5,34.1,38.1
2038,5,Sierra Nevada,No,0.4,0.2,0.8
2038,5,Sierra Nevada,Yes,843.2,815.8,878.7
2038,6,Oak Woodlands,No,18.5,14.9,21.7
2038,6,Oak Woodlands,Yes,1083.3,1022.4,1213.9
2038,7,Central Valley,No,10,7.8,11.8
2038,7,Central Valley,Yes,336.6,313.6,393.7
2038,8,SoCal Mtns.,No,1.1,0.8,1.4
2038,8,SoCal Mtns.,Yes,210.8,201.2,234.9
2038,9,East Cascades,No,0.3,0.1,0.5
2038,9,East Cascades,Yes,329.6,311.7,344.3
2038,13,Central B&R,No,0,0,0
2038,13,Central B&R,Yes,137.3,131.5,144.8
2038,14,Mojave B&R,No,0.9,0.6,1.1
2038,14,Mojave B&R,Yes,210.3,198.9,234.9
2038,78,Klamath Mtns.,No,0.1,0,0.2
2038,78,Klamath Mtns.,Yes,848.3,797,883.5
2038,80,Northern B&R,No,0.1,0,0.2
2038,80,Northern B&R,Yes,54.6,52.2,57.1
2038,81,Sonoran B&R,No,1.6,1.1,2.2
2038,81,Sonoran B&R,Yes,81.4,77.2,90.3
2039,1,Coast Range,No,1,0.5,1.5
2039,1,Coast Range,Yes,402.6,374.5,429.4
2039,4,Cascades,No,0.1,0,0.3
2039,4,Cascades,Yes,36.4,34,38
2039,5,Sierra Nevada,No,0.4,0.2,0.8
2039,5,Sierra Nevada,Yes,843.1,814,879.6
2039,6,Oak Woodlands,No,18.8,15.1,22.2
2039,6,Oak Woodlands,Yes,1087.8,1022.8,1217.1
2039,7,Central Valley,No,10.2,7.9,12.1
2039,7,Central Valley,Yes,338.8,317.5,391.2
2039,8,SoCal Mtns.,No,1.1,0.8,1.5
2039,8,SoCal Mtns.,Yes,212.6,200.2,237.5
2039,9,East Cascades,No,0.3,0.1,0.6
2039,9,East Cascades,Yes,329.9,310.3,343.3
2039,13,Central B&R,No,0,0,0
2039,13,Central B&R,Yes,137.7,131.5,145.6
2039,14,Mojave B&R,No,0.9,0.7,1.2
2039,14,Mojave B&R,Yes,212.2,201.8,237.1
2039,78,Klamath Mtns.,No,0.1,0,0.2
2039,78,Klamath Mtns.,Yes,847.8,799,883.1
2039,80,Northern B&R,No,0.1,0,0.2
2039,80,Northern B&R,Yes,54.7,52,57
2039,81,Sonoran B&R,No,1.7,1.2,2.3
2039,81,Sonoran B&R,Yes,81.9,76.9,90.1
2040,1,Coast Range,No,1,0.6,1.5
2040,1,Coast Range,Yes,402.6,373.4,429.5
2040,4,Cascades,No,0.1,0,0.3
2040,4,Cascades,Yes,36.4,34.1,38.1
2040,5,Sierra Nevada,No,0.4,0.2,0.8
2040,5,Sierra Nevada,Yes,841.9,812.4,881
2040,6,Oak Woodlands,No,19.2,15.2,22.6
2040,6,Oak Woodlands,Yes,1087,1028.5,1225.4
2040,7,Central Valley,No,10.5,8.1,12.4
2040,7,Central Valley,Yes,339.1,314.6,396.1
2040,8,SoCal Mtns.,No,1.2,0.9,1.5
2040,8,SoCal Mtns.,Yes,212.6,202.1,239.9
2040,9,East Cascades,No,0.3,0.1,0.6
2040,9,East Cascades,Yes,329.8,311.4,342.7
2040,13,Central B&R,No,0,0,0
2040,13,Central B&R,Yes,137.6,131.6,145.7
2040,14,Mojave B&R,No,0.9,0.7,1.2
2040,14,Mojave B&R,Yes,211.9,200.2,238.8
2040,78,Klamath Mtns.,No,0.1,0,0.2
2040,78,Klamath Mtns.,Yes,848.4,801.8,883.8
2040,80,Northern B&R,No,0.1,0,0.3
2040,80,Northern B&R,Yes,54.7,52.1,57
2040,81,Sonoran B&R,No,1.7,1.2,2.4
2040,81,Sonoran B&R,Yes,81.5,77.4,91
2041,1,Coast Range,No,1,0.6,1.5
2041,1,Coast Range,Yes,403.1,373.6,431.6
2041,4,Cascades,No,0.1,0,0.3
2041,4,Cascades,Yes,36.4,34.2,38.1
2041,5,Sierra Nevada,No,0.4,0.2,0.8
2041,5,Sierra Nevada,Yes,842,811.2,883.2
2041,6,Oak Woodlands,No,19.5,15.3,23.1
2041,6,Oak Woodlands,Yes,1089.2,1026.4,1227.3
2041,7,Central Valley,No,10.7,8.2,12.7
2041,7,Central Valley,Yes,339.8,316.8,394.9
2041,8,SoCal Mtns.,No,1.2,0.9,1.6
2041,8,SoCal Mtns.,Yes,212.9,201.2,238.8
2041,9,East Cascades,No,0.3,0.1,0.6
2041,9,East Cascades,Yes,330.4,311.6,345.3
2041,13,Central B&R,No,0,0,0
2041,13,Central B&R,Yes,138,132.3,146.1
2041,14,Mojave B&R,No,0.9,0.7,1.2
2041,14,Mojave B&R,Yes,211.7,199.5,235.6
2041,78,Klamath Mtns.,No,0.1,0,0.2
2041,78,Klamath Mtns.,Yes,850.1,806.1,886.4
2041,80,Northern B&R,No,0.1,0,0.3
2041,80,Northern B&R,Yes,54.8,52.3,57.5
2041,81,Sonoran B&R,No,1.8,1.3,2.5
2041,81,Sonoran B&R,Yes,81.3,77.3,89.1
2042,1,Coast Range,No,1,0.6,1.6
2042,1,Coast Range,Yes,402.7,372,432.8
2042,4,Cascades,No,0.1,0,0.3
2042,4,Cascades,Yes,36.4,33.9,38
2042,5,Sierra Nevada,No,0.5,0.2,0.8
2042,5,Sierra Nevada,Yes,841.5,808.1,885.4
2042,6,Oak Woodlands,No,19.9,15.5,23.5
2042,6,Oak Woodlands,Yes,1088.9,1018.6,1239.4
2042,7,Central Valley,No,11,8.3,13.1
2042,7,Central Valley,Yes,338.3,314.8,398.5
2042,8,SoCal Mtns.,No,1.2,0.9,1.6
2042,8,SoCal Mtns.,Yes,213.2,198.5,241.2
2042,9,East Cascades,No,0.3,0.1,0.6
2042,9,East Cascades,Yes,329.7,309.9,345.3
2042,13,Central B&R,No,0,0,0
2042,13,Central B&R,Yes,138,131.9,146.8
2042,14,Mojave B&R,No,1,0.7,1.3
2042,14,Mojave B&R,Yes,212.5,199.8,238.7
2042,78,Klamath Mtns.,No,0.1,0,0.2
2042,78,Klamath Mtns.,Yes,849.5,804.6,887.4
2042,80,Northern B&R,No,0.1,0,0.3
2042,80,Northern B&R,Yes,54.7,52,57.6
2042,81,Sonoran B&R,No,1.9,1.3,2.6
2042,81,Sonoran B&R,Yes,81.6,77.6,89.4
2043,1,Coast Range,No,1,0.6,1.6
2043,1,Coast Range,Yes,403.3,372.4,433.5
2043,4,Cascades,No,0.1,0,0.3
2043,4,Cascades,Yes,36.4,33.8,38.1
2043,5,Sierra Nevada,No,0.5,0.2,0.8
2043,5,Sierra Nevada,Yes,841.7,804.5,885.7
2043,6,Oak Woodlands,No,20.2,15.6,24
2043,6,Oak Woodlands,Yes,1095.4,1036.2,1233.9
2043,7,Central Valley,No,11.2,8.5,13.4
2043,7,Central Valley,Yes,341,322.1,393.1
2043,8,SoCal Mtns.,No,1.3,0.9,1.7
2043,8,SoCal Mtns.,Yes,215.1,203.4,240.7
2043,9,East Cascades,No,0.3,0.1,0.6
2043,9,East Cascades,Yes,329.7,308.5,345.6
2043,13,Central B&R,No,0,0,0
2043,13,Central B&R,Yes,138.6,131.6,147
2043,14,Mojave B&R,No,1,0.7,1.3
2043,14,Mojave B&R,Yes,214.6,203.5,239.4
2043,78,Klamath Mtns.,No,0.1,0,0.2
2043,78,Klamath Mtns.,Yes,850.5,804.1,888.1
2043,80,Northern B&R,No,0.1,0,0.3
2043,80,Northern B&R,Yes,54.8,51.9,57.7
2043,81,Sonoran B&R,No,1.9,1.4,2.7
2043,81,Sonoran B&R,Yes,82,78.8,89.4
2044,1,Coast Range,No,1.1,0.6,1.6
2044,1,Coast Range,Yes,402.3,370.2,433.7
2044,4,Cascades,No,0.1,0,0.3
2044,4,Cascades,Yes,36.3,33.8,38.1
2044,5,Sierra Nevada,No,0.5,0.2,0.9
2044,5,Sierra Nevada,Yes,839.6,802.2,886
2044,6,Oak Woodlands,No,20.5,15.7,24.4
2044,6,Oak Woodlands,Yes,1089.4,1019.8,1236.1
2044,7,Central Valley,No,11.5,8.6,13.8
2044,7,Central Valley,Yes,336.1,308.4,390.7
2044,8,SoCal Mtns.,No,1.3,0.9,1.7
2044,8,SoCal Mtns.,Yes,214.5,201.9,242.4
2044,9,East Cascades,No,0.3,0.1,0.6
2044,9,East Cascades,Yes,328.9,307.7,345.6
2044,13,Central B&R,No,0,0,0
2044,13,Central B&R,Yes,138.4,131.8,147
2044,14,Mojave B&R,No,1,0.7,1.3
2044,14,Mojave B&R,Yes,214,201,240.1
2044,78,Klamath Mtns.,No,0.1,0,0.2
2044,78,Klamath Mtns.,Yes,849.6,800.6,889.1
2044,80,Northern B&R,No,0.1,0,0.3
2044,80,Northern B&R,Yes,54.6,51.7,57.6
2044,81,Sonoran B&R,No,2,1.4,2.8
2044,81,Sonoran B&R,Yes,81.6,77.9,89.3
2045,1,Coast Range,No,1.1,0.6,1.7
2045,1,Coast Range,Yes,402.8,370,435.7
2045,4,Cascades,No,0.1,0,0.3
2045,4,Cascades,Yes,36.3,33.8,38.2
2045,5,Sierra Nevada,No,0.5,0.2,0.9
2045,5,Sierra Nevada,Yes,840.1,804.3,888.9
2045,6,Oak Woodlands,No,20.8,15.8,24.8
2045,6,Oak Woodlands,Yes,1094.2,1015,1253.1
2045,7,Central Valley,No,11.7,8.7,14.1
2045,7,Central Valley,Yes,339.9,304.4,399.3
2045,8,SoCal Mtns.,No,1.3,0.9,1.7
2045,8,SoCal Mtns.,Yes,215.1,201.9,245.6
2045,9,East Cascades,No,0.3,0.1,0.6
2045,9,East Cascades,Yes,329.4,308.6,347
2045,13,Central B&R,No,0,0,0
2045,13,Central B&R,Yes,139,133.7,147.9
2045,14,Mojave B&R,No,1,0.7,1.4
2045,14,Mojave B&R,Yes,214.4,199.3,242.8
2045,78,Klamath Mtns.,No,0.1,0,0.3
2045,78,Klamath Mtns.,Yes,850.8,801.1,891.6
2045,80,Northern B&R,No,0.1,0,0.3
2045,80,Northern B&R,Yes,54.8,52.2,57.9
2045,81,Sonoran B&R,No,2.1,1.5,2.9
2045,81,Sonoran B&R,Yes,81.6,77.8,90
2046,1,Coast Range,No,1.1,0.6,1.7
2046,1,Coast Range,Yes,401.6,368.3,435.6
2046,4,Cascades,No,0.1,0,0.3
2046,4,Cascades,Yes,36.3,33.8,38.2
2046,5,Sierra Nevada,No,0.5,0.2,0.9
2046,5,Sierra Nevada,Yes,837.5,799.8,889
2046,6,Oak Woodlands,No,21.1,15.8,25.3
2046,6,Oak Woodlands,Yes,1085.4,1004.5,1250.8
2046,7,Central Valley,No,11.9,8.9,14.4
2046,7,Central Valley,Yes,333.7,299.8,394.5
2046,8,SoCal Mtns.,No,1.3,0.9,1.8
2046,8,SoCal Mtns.,Yes,213.6,199.8,245.8
2046,9,East Cascades,No,0.3,0.1,0.6
2046,9,East Cascades,Yes,328.6,307.8,346.4
2046,13,Central B&R,No,0,0,0
2046,13,Central B&R,Yes,138.8,133.3,148.2
2046,14,Mojave B&R,No,1,0.8,1.4
2046,14,Mojave B&R,Yes,212.9,197.4,243.3
2046,78,Klamath Mtns.,No,0.1,0,0.3
2046,78,Klamath Mtns.,Yes,849.8,800.4,892.8
2046,80,Northern B&R,No,0.1,0,0.3
2046,80,Northern B&R,Yes,54.6,52,57.8
2046,81,Sonoran B&R,No,2.2,1.5,3
2046,81,Sonoran B&R,Yes,80.9,77.3,89.4
2047,1,Coast Range,No,1.1,0.6,1.7
2047,1,Coast Range,Yes,400.1,367.2,432.8
2047,4,Cascades,No,0.1,0,0.3
2047,4,Cascades,Yes,36.2,33.9,38.1
2047,5,Sierra Nevada,No,0.5,0.2,0.9
2047,5,Sierra Nevada,Yes,834.2,798,882.1
2047,6,Oak Woodlands,No,21.4,15.9,25.6
2047,6,Oak Woodlands,Yes,1076.8,993.9,1226.7
2047,7,Central Valley,No,12.2,9,14.8
2047,7,Central Valley,Yes,328.2,294.8,378.8
2047,8,SoCal Mtns.,No,1.4,0.9,1.8
2047,8,SoCal Mtns.,Yes,212.4,197.5,241.7
2047,9,East Cascades,No,0.3,0.1,0.7
2047,9,East Cascades,Yes,327.5,307.5,344.4
2047,13,Central B&R,No,0,0,0
2047,13,Central B&R,Yes,138.5,133.6,147.2
2047,14,Mojave B&R,No,1.1,0.8,1.4
2047,14,Mojave B&R,Yes,212.4,196.1,240.7
2047,78,Klamath Mtns.,No,0.1,0,0.3
2047,78,Klamath Mtns.,Yes,848.3,801.6,889.3
2047,80,Northern B&R,No,0.1,0,0.3
2047,80,Northern B&R,Yes,54.5,52,57.4
2047,81,Sonoran B&R,No,2.2,1.5,3.1
2047,81,Sonoran B&R,Yes,80.6,76.1,88.5
2048,1,Coast Range,No,1.1,0.6,1.7
2048,1,Coast Range,Yes,399.5,367,431.5
2048,4,Cascades,No,0.1,0,0.3
2048,4,Cascades,Yes,36.1,33.7,37.9
2048,5,Sierra Nevada,No,0.5,0.2,0.9
2048,5,Sierra Nevada,Yes,832.9,796.6,878.7
2048,6,Oak Woodlands,No,21.6,16,26
2048,6,Oak Woodlands,Yes,1073.4,990.8,1220.1
2048,7,Central Valley,No,12.4,9.1,15.1
2048,7,Central Valley,Yes,326.6,293.1,374.8
2048,8,SoCal Mtns.,No,1.4,0.9,1.9
2048,8,SoCal Mtns.,Yes,211.7,196.6,241
2048,9,East Cascades,No,0.4,0.1,0.7
2048,9,East Cascades,Yes,326.6,306,342.2
2048,13,Central B&R,No,0,0,0
2048,13,Central B&R,Yes,138.3,133.9,146.5
2048,14,Mojave B&R,No,1.1,0.8,1.4
2048,14,Mojave B&R,Yes,211.6,196.6,238.7
2048,78,Klamath Mtns.,No,0.1,0,0.3
2048,78,Klamath Mtns.,Yes,847.9,801.4,888.7
2048,80,Northern B&R,No,0.1,0,0.3
2048,80,Northern B&R,Yes,54.3,52,57
2048,81,Sonoran B&R,No,2.3,1.6,3.2
2048,81,Sonoran B&R,Yes,80.4,76.9,87.8
2049,1,Coast Range,No,1.1,0.6,1.7
2049,1,Coast Range,Yes,399.2,366.5,431.8
2049,4,Cascades,No,0.1,0,0.3
2049,4,Cascades,Yes,36.1,33.6,37.9
2049,5,Sierra Nevada,No,0.5,0.2,1
2049,5,Sierra Nevada,Yes,831.5,792.7,879.5
2049,6,Oak Woodlands,No,21.9,16.1,26.4
2049,6,Oak Woodlands,Yes,1071,988.5,1228.8
2049,7,Central Valley,No,12.7,9.2,15.5
2049,7,Central Valley,Yes,326,295.6,379.7
2049,8,SoCal Mtns.,No,1.4,1,1.9
2049,8,SoCal Mtns.,Yes,211.2,194.1,244.3
2049,9,East Cascades,No,0.4,0.1,0.7
2049,9,East Cascades,Yes,325.9,304.1,341
2049,13,Central B&R,No,0,0,0
2049,13,Central B&R,Yes,138.3,133.1,147.1
2049,14,Mojave B&R,No,1.1,0.8,1.5
2049,14,Mojave B&R,Yes,211.7,194.9,242.3
2049,78,Klamath Mtns.,No,0.1,0,0.3
2049,78,Klamath Mtns.,Yes,847.6,800,887.5
2049,80,Northern B&R,No,0.1,0,0.3
2049,80,Northern B&R,Yes,54.2,51.7,56.8
2049,81,Sonoran B&R,No,2.4,1.6,3.3
2049,81,Sonoran B&R,Yes,80.5,75.7,89.7
2050,1,Coast Range,No,1.1,0.6,1.8
2050,1,Coast Range,Yes,398.6,366.1,430.7
2050,4,Cascades,No,0.1,0,0.3
2050,4,Cascades,Yes,36,33.6,37.7
2050,5,Sierra Nevada,No,0.5,0.2,1
2050,5,Sierra Nevada,Yes,830,791.2,875.7
2050,6,Oak Woodlands,No,22.2,16.1,26.8
2050,6,Oak Woodlands,Yes,1072.4,988.5,1209.4
2050,7,Central Valley,No,12.9,9.3,15.8
2050,7,Central Valley,Yes,326.6,295.7,366.8
2050,8,SoCal Mtns.,No,1.4,1,2
2050,8,SoCal Mtns.,Yes,211.7,194.2,240.9
2050,9,East Cascades,No,0.4,0.1,0.7
2050,9,East Cascades,Yes,325.4,303,339.7
2050,13,Central B&R,No,0,0,0
2050,13,Central B&R,Yes,138.3,132.6,146.3
2050,14,Mojave B&R,No,1.1,0.8,1.5
2050,14,Mojave B&R,Yes,211.8,193.6,238.7
2050,78,Klamath Mtns.,No,0.1,0,0.3
2050,78,Klamath Mtns.,Yes,846,799.1,885.5
2050,80,Northern B&R,No,0.1,0,0.3
2050,80,Northern B&R,Yes,54.2,51.5,56.5
2050,81,Sonoran B&R,No,2.4,1.7,3.4
2050,81,Sonoran B&R,Yes,80.5,75.9,88.3
2051,1,Coast Range,No,1.2,0.6,1.8
2051,1,Coast Range,Yes,398.6,365.6,432.1
2051,4,Cascades,No,0.1,0,0.3
2051,4,Cascades,Yes,36,33.6,37.8
2051,5,Sierra Nevada,No,0.5,0.2,1
2051,5,Sierra Nevada,Yes,829.6,790.7,878.4
2051,6,Oak Woodlands,No,22.4,16.2,27.1
2051,6,Oak Woodlands,Yes,1072.5,982.4,1229.7
2051,7,Central Valley,No,13.1,9.4,16.1
2051,7,Central Valley,Yes,326.7,290,382.5
2051,8,SoCal Mtns.,No,1.5,1,2
2051,8,SoCal Mtns.,Yes,211.9,193.7,244.6
2051,9,East Cascades,No,0.4,0.1,0.7
2051,9,East Cascades,Yes,325.5,304.6,340.2
2051,13,Central B&R,No,0,0,0
2051,13,Central B&R,Yes,138.6,132.7,148.2
2051,14,Mojave B&R,No,1.1,0.8,1.5
2051,14,Mojave B&R,Yes,211.7,192.6,242.2
2051,78,Klamath Mtns.,No,0.1,0,0.3
2051,78,Klamath Mtns.,Yes,846.5,800.5,886.5
2051,80,Northern B&R,No,0.1,0,0.3
2051,80,Northern B&R,Yes,54.3,51.8,57
2051,81,Sonoran B&R,No,2.5,1.7,3.5
2051,81,Sonoran B&R,Yes,80.4,75.4,88.6
2052,1,Coast Range,No,1.2,0.6,1.8
2052,1,Coast Range,Yes,397.3,362.6,432.2
2052,4,Cascades,No,0.1,0,0.3
2052,4,Cascades,Yes,35.9,33.5,37.8
2052,5,Sierra Nevada,No,0.5,0.2,1
2052,5,Sierra Nevada,Yes,826.5,786.9,877.1
2052,6,Oak Woodlands,No,22.7,16.3,27.5
2052,6,Oak Woodlands,Yes,1065.3,968.4,1224.3
2052,7,Central Valley,No,13.4,9.5,16.4
2052,7,Central Valley,Yes,322.2,282.9,376.9
2052,8,SoCal Mtns.,No,1.5,1,2
2052,8,SoCal Mtns.,Yes,210.7,191,243.3
2052,9,East Cascades,No,0.4,0.1,0.7
2052,9,East Cascades,Yes,324.2,303,340.2
2052,13,Central B&R,No,0,0,0
2052,13,Central B&R,Yes,138.3,131.9,147.6
2052,14,Mojave B&R,No,1.1,0.8,1.6
2052,14,Mojave B&R,Yes,210.6,190.4,241.4
2052,78,Klamath Mtns.,No,0.1,0,0.3
2052,78,Klamath Mtns.,Yes,844.3,797.8,886.9
2052,80,Northern B&R,No,0.1,0,0.3
2052,80,Northern B&R,Yes,54.1,51.5,56.8
2052,81,Sonoran B&R,No,2.6,1.8,3.6
2052,81,Sonoran B&R,Yes,80,75.5,88.3
2053,1,Coast Range,No,1.2,0.6,1.8
2053,1,Coast Range,Yes,396.1,361.8,432.5
2053,4,Cascades,No,0.1,0,0.3
2053,4,Cascades,Yes,35.8,33.5,37.8
2053,5,Sierra Nevada,No,0.5,0.2,1
2053,5,Sierra Nevada,Yes,824.5,786.4,876.7
2053,6,Oak Woodlands,No,23,16.3,27.9
2053,6,Oak Woodlands,Yes,1060.4,956.5,1213.7
2053,7,Central Valley,No,13.6,9.6,16.8
2053,7,Central Valley,Yes,319.4,277.7,369.1
2053,8,SoCal Mtns.,No,1.5,1,2.1
2053,8,SoCal Mtns.,Yes,209.8,188,240.5
2053,9,East Cascades,No,0.4,0.1,0.7
2053,9,East Cascades,Yes,323.2,302.1,339.9
2053,13,Central B&R,No,0,0,0
2053,13,Central B&R,Yes,138.2,131.4,147.2
2053,14,Mojave B&R,No,1.2,0.8,1.6
2053,14,Mojave B&R,Yes,210.2,188.4,238.1
2053,78,Klamath Mtns.,No,0.1,0,0.3
2053,78,Klamath Mtns.,Yes,842.4,797.1,887.9
2053,80,Northern B&R,No,0.1,0,0.3
2053,80,Northern B&R,Yes,53.9,51.4,56.6
2053,81,Sonoran B&R,No,2.7,1.8,3.8
2053,81,Sonoran B&R,Yes,80,75.4,87.4
2054,1,Coast Range,No,1.2,0.6,1.8
2054,1,Coast Range,Yes,395.6,360.8,433.2
2054,4,Cascades,No,0.1,0,0.3
2054,4,Cascades,Yes,35.8,33.4,37.9
2054,5,Sierra Nevada,No,0.5,0.2,1.1
2054,5,Sierra Nevada,Yes,823.8,782.9,876.5
2054,6,Oak Woodlands,No,23.2,16.4,28.3
2054,6,Oak Woodlands,Yes,1056.5,946.4,1207
2054,7,Central Valley,No,13.9,9.8,17.1
2054,7,Central Valley,Yes,318.4,274,367.3
2054,8,SoCal Mtns.,No,1.5,1,2.1
2054,8,SoCal Mtns.,Yes,208.4,186.5,238.6
2054,9,East Cascades,No,0.4,0.1,0.7
2054,9,East Cascades,Yes,323.5,300.2,341.3
2054,13,Central B&R,No,0,0,0
2054,13,Central B&R,Yes,138.3,131,147.3
2054,14,Mojave B&R,No,1.2,0.8,1.6
2054,14,Mojave B&R,Yes,208.6,187.1,235
2054,78,Klamath Mtns.,No,0.1,0,0.3
2054,78,Klamath Mtns.,Yes,842.1,795.4,888.6
2054,80,Northern B&R,No,0.1,0,0.3
2054,80,Northern B&R,Yes,54,51.1,56.6
2054,81,Sonoran B&R,No,2.7,1.8,3.9
2054,81,Sonoran B&R,Yes,79.2,74.5,86.1
2055,1,Coast Range,No,1.2,0.6,1.8
2055,1,Coast Range,Yes,396.2,361.3,435.1
2055,4,Cascades,No,0.1,0,0.3
2055,4,Cascades,Yes,35.9,33.3,38
2055,5,Sierra Nevada,No,0.6,0.2,1.1
2055,5,Sierra Nevada,Yes,825.4,780.6,879.8
2055,6,Oak Woodlands,No,23.5,16.4,28.6
2055,6,Oak Woodlands,Yes,1066.9,961.4,1226.5
2055,7,Central Valley,No,14.1,9.9,17.5
2055,7,Central Valley,Yes,324.7,285.8,380.4
2055,8,SoCal Mtns.,No,1.6,1,2.2
2055,8,SoCal Mtns.,Yes,210.5,189.6,240.9
2055,9,East Cascades,No,0.4,0.1,0.7
2055,9,East Cascades,Yes,324.3,298.5,342.2
2055,13,Central B&R,No,0,0,0
2055,13,Central B&R,Yes,139,130.6,148.5
2055,14,Mojave B&R,No,1.2,0.8,1.6
2055,14,Mojave B&R,Yes,210.5,190.9,236.9
2055,78,Klamath Mtns.,No,0.1,0,0.3
2055,78,Klamath Mtns.,Yes,842.9,794,891.7
2055,80,Northern B&R,No,0.1,0,0.3
2055,80,Northern B&R,Yes,54.2,50.8,57.2
2055,81,Sonoran B&R,No,2.8,1.9,4
2055,81,Sonoran B&R,Yes,79.4,74.6,87.1
2056,1,Coast Range,No,1.2,0.6,1.8
2056,1,Coast Range,Yes,397.5,363.3,436.8
2056,4,Cascades,No,0.1,0,0.3
2056,4,Cascades,Yes,36,33.3,38.1
2056,5,Sierra Nevada,No,0.6,0.3,1.1
2056,5,Sierra Nevada,Yes,826.6,779.5,882.9
2056,6,Oak Woodlands,No,23.7,16.5,29.1
2056,6,Oak Woodlands,Yes,1073.3,975,1243.6
2056,7,Central Valley,No,14.3,10,17.8
2056,7,Central Valley,Yes,328.2,293,389.8
2056,8,SoCal Mtns.,No,1.6,1,2.2
2056,8,SoCal Mtns.,Yes,211.6,192.1,244.2
2056,9,East Cascades,No,0.4,0.1,0.8
2056,9,East Cascades,Yes,325.5,298.2,344.2
2056,13,Central B&R,No,0,0,0
2056,13,Central B&R,Yes,139.6,130.4,150.1
2056,14,Mojave B&R,No,1.2,0.8,1.7
2056,14,Mojave B&R,Yes,211.1,192.5,240.1
2056,78,Klamath Mtns.,No,0.1,0,0.3
2056,78,Klamath Mtns.,Yes,844.6,795.4,893.9
2056,80,Northern B&R,No,0.1,0,0.3
2056,80,Northern B&R,Yes,54.4,50.8,57.9
2056,81,Sonoran B&R,No,2.9,1.9,4.1
2056,81,Sonoran B&R,Yes,79.5,74.5,86.6
2057,1,Coast Range,No,1.2,0.6,1.8
2057,1,Coast Range,Yes,395.7,360.6,436.1
2057,4,Cascades,No,0.1,0,0.3
2057,4,Cascades,Yes,35.9,33.2,38.2
2057,5,Sierra Nevada,No,0.6,0.3,1.1
2057,5,Sierra Nevada,Yes,823.1,775.1,882.1
2057,6,Oak Woodlands,No,24,16.6,29.5
2057,6,Oak Woodlands,Yes,1062.1,953.5,1236.5
2057,7,Central Valley,No,14.6,10.1,18.1
2057,7,Central Valley,Yes,320.7,281.1,380.6
2057,8,SoCal Mtns.,No,1.6,1,2.2
2057,8,SoCal Mtns.,Yes,209.8,187.9,243.8
2057,9,East Cascades,No,0.4,0.1,0.8
2057,9,East Cascades,Yes,324.6,297.8,344.2
2057,13,Central B&R,No,0,0,0
2057,13,Central B&R,Yes,139.3,129.9,150.2
2057,14,Mojave B&R,No,1.2,0.8,1.7
2057,14,Mojave B&R,Yes,209.8,189.3,240
2057,78,Klamath Mtns.,No,0.1,0,0.3
2057,78,Klamath Mtns.,Yes,842,792.1,893
2057,80,Northern B&R,No,0.1,0,0.3
2057,80,Northern B&R,Yes,54.2,50.8,57.7
2057,81,Sonoran B&R,No,2.9,1.9,4.3
2057,81,Sonoran B&R,Yes,79.2,73.4,87.1
2058,1,Coast Range,No,1.2,0.6,1.8
2058,1,Coast Range,Yes,394.3,358.7,433.9
2058,4,Cascades,No,0.1,0,0.4
2058,4,Cascades,Yes,35.7,33.1,37.8
2058,5,Sierra Nevada,No,0.6,0.3,1.1
2058,5,Sierra Nevada,Yes,819.6,774.6,876.7
2058,6,Oak Woodlands,No,24.2,16.6,29.8
2058,6,Oak Woodlands,Yes,1053.3,933.4,1225.8
2058,7,Central Valley,No,14.8,10.2,18.5
2058,7,Central Valley,Yes,317,271.1,374.1
2058,8,SoCal Mtns.,No,1.6,1,2.3
2058,8,SoCal Mtns.,Yes,207.6,183.6,241.3
2058,9,East Cascades,No,0.4,0.1,0.8
2058,9,East Cascades,Yes,323.4,297.3,341.6
2058,13,Central B&R,No,0,0,0
2058,13,Central B&R,Yes,138.9,129.8,149.4
2058,14,Mojave B&R,No,1.2,0.8,1.7
2058,14,Mojave B&R,Yes,207.2,186.2,236.8
2058,78,Klamath Mtns.,No,0.1,0,0.3
2058,78,Klamath Mtns.,Yes,839.7,791.1,888.9
2058,80,Northern B&R,No,0.1,0,0.3
2058,80,Northern B&R,Yes,54.1,50.8,57.3
2058,81,Sonoran B&R,No,3,2,4.4
2058,81,Sonoran B&R,Yes,78.1,72.6,86.1
2059,1,Coast Range,No,1.2,0.6,1.9
2059,1,Coast Range,Yes,393.4,356.8,434.9
2059,4,Cascades,No,0.1,0,0.4
2059,4,Cascades,Yes,35.6,33,37.8
2059,5,Sierra Nevada,No,0.6,0.3,1.2
2059,5,Sierra Nevada,Yes,817.2,770.9,878.3
2059,6,Oak Woodlands,No,24.4,16.7,30.2
2059,6,Oak Woodlands,Yes,1049.4,917.7,1234.7
2059,7,Central Valley,No,15.1,10.3,18.8
2059,7,Central Valley,Yes,315.4,264.8,378.4
2059,8,SoCal Mtns.,No,1.7,1,2.3
2059,8,SoCal Mtns.,Yes,206.6,179.6,243.4
2059,9,East Cascades,No,0.4,0.1,0.8
2059,9,East Cascades,Yes,322.5,296.2,340.8
2059,13,Central B&R,No,0,0,0
2059,13,Central B&R,Yes,138.8,128.9,149.8
2059,14,Mojave B&R,No,1.3,0.8,1.8
2059,14,Mojave B&R,Yes,206.9,182.5,239.7
2059,78,Klamath Mtns.,No,0.1,0,0.3
2059,78,Klamath Mtns.,Yes,838.2,788.9,888.8
2059,80,Northern B&R,No,0.1,0,0.3
2059,80,Northern B&R,Yes,53.9,50.5,57.1
2059,81,Sonoran B&R,No,3.1,2,4.5
2059,81,Sonoran B&R,Yes,78,71.3,87.3
2060,1,Coast Range,No,1.2,0.7,1.9
2060,1,Coast Range,Yes,392.7,355.8,434
2060,4,Cascades,No,0.1,0,0.4
2060,4,Cascades,Yes,35.5,33,37.7
2060,5,Sierra Nevada,No,0.6,0.3,1.2
2060,5,Sierra Nevada,Yes,816.1,773.3,874.7
2060,6,Oak Woodlands,No,24.7,16.7,30.5
2060,6,Oak Woodlands,Yes,1046.7,919.9,1219.1
2060,7,Central Valley,No,15.3,10.4,19.2
2060,7,Central Valley,Yes,314.3,268.6,377.1
2060,8,SoCal Mtns.,No,1.7,1,2.3
2060,8,SoCal Mtns.,Yes,206.2,180.4,240.2
2060,9,East Cascades,No,0.4,0.1,0.8
2060,9,East Cascades,Yes,321.8,295.1,340.5
2060,13,Central B&R,No,0,0,0
2060,13,Central B&R,Yes,138.6,129.3,150.2
2060,14,Mojave B&R,No,1.3,0.9,1.8
2060,14,Mojave B&R,Yes,206.3,183.7,238.1
2060,78,Klamath Mtns.,No,0.1,0,0.3
2060,78,Klamath Mtns.,Yes,837.2,789.2,887.9
2060,80,Northern B&R,No,0.1,0,0.3
2060,80,Northern B&R,Yes,53.8,50.4,57.1
2060,81,Sonoran B&R,No,3.2,2,4.7
2060,81,Sonoran B&R,Yes,77.5,71.3,86
2061,1,Coast Range,No,1.3,0.7,1.9
2061,1,Coast Range,Yes,392.1,354.6,434.8
2061,4,Cascades,No,0.1,0,0.4
2061,4,Cascades,Yes,35.5,33.1,37.7
2061,5,Sierra Nevada,No,0.6,0.3,1.2
2061,5,Sierra Nevada,Yes,814.5,773.4,875.4
2061,6,Oak Woodlands,No,24.9,16.8,30.9
2061,6,Oak Woodlands,Yes,1045.7,917.8,1232.7
2061,7,Central Valley,No,15.5,10.5,19.5
2061,7,Central Valley,Yes,313.8,268.7,375.7
2061,8,SoCal Mtns.,No,1.7,1.1,2.4
2061,8,SoCal Mtns.,Yes,206.2,180.4,243.3
2061,9,East Cascades,No,0.4,0.1,0.8
2061,9,East Cascades,Yes,321.1,296.4,339.7
2061,13,Central B&R,No,0,0,0
2061,13,Central B&R,Yes,138.8,129.9,149.9
2061,14,Mojave B&R,No,1.3,0.9,1.8
2061,14,Mojave B&R,Yes,206.8,184.6,240.3
2061,78,Klamath Mtns.,No,0.1,0,0.3
2061,78,Klamath Mtns.,Yes,835.6,787.3,888.6
2061,80,Northern B&R,No,0.1,0,0.3
2061,80,Northern B&R,Yes,53.7,50.5,56.9
2061,81,Sonoran B&R,No,3.2,2.1,4.8
2061,81,Sonoran B&R,Yes,77.5,71.3,86.7
2062,1,Coast Range,No,1.3,0.7,1.9
2062,1,Coast Range,Yes,391.8,354,433.6
2062,4,Cascades,No,0.1,0,0.4
2062,4,Cascades,Yes,35.4,33,37.5
2062,5,Sierra Nevada,No,0.6,0.3,1.2
2062,5,Sierra Nevada,Yes,812.4,773.8,870.4
2062,6,Oak Woodlands,No,25.1,16.8,31.2
2062,6,Oak Woodlands,Yes,1040.5,915.5,1216.8
2062,7,Central Valley,No,15.8,10.6,19.9
2062,7,Central Valley,Yes,311.3,269.1,365.1
2062,8,SoCal Mtns.,No,1.7,1.1,2.4
2062,8,SoCal Mtns.,Yes,204.7,179.9,238.9
2062,9,East Cascades,No,0.4,0.1,0.8
2062,9,East Cascades,Yes,320.2,296.6,337.8
2062,13,Central B&R,No,0,0,0
2062,13,Central B&R,Yes,138.4,129.3,148.5
2062,14,Mojave B&R,No,1.3,0.9,1.8
2062,14,Mojave B&R,Yes,204.9,181.6,235.9
2062,78,Klamath Mtns.,No,0.1,0,0.3
2062,78,Klamath Mtns.,Yes,834.2,787.5,884.9
2062,80,Northern B&R,No,0.1,0,0.3
2062,80,Northern B&R,Yes,53.6,50.5,56.6
2062,81,Sonoran B&R,No,3.3,2.1,4.9
2062,81,Sonoran B&R,Yes,76.9,70.6,85.7
2063,1,Coast Range,No,1.3,0.7,1.9
2063,1,Coast Range,Yes,390.5,352.6,433.7
2063,4,Cascades,No,0.1,0,0.4
2063,4,Cascades,Yes,35.3,32.8,37.6
2063,5,Sierra Nevada,No,0.6,0.3,1.2
2063,5,Sierra Nevada,Yes,810.5,769.6,870.9
2063,6,Oak Woodlands,No,25.4,16.8,31.6
2063,6,Oak Woodlands,Yes,1036.5,926.5,1209.2
2063,7,Central Valley,No,16,10.7,20.3
2063,7,Central Valley,Yes,310.1,265.6,362.7
2063,8,SoCal Mtns.,No,1.8,1.1,2.5
2063,8,SoCal Mtns.,Yes,203.9,180,236.3
2063,9,East Cascades,No,0.4,0.1,0.8
2063,9,East Cascades,Yes,319.9,294.5,338.2
2063,13,Central B&R,No,0,0,0
2063,13,Central B&R,Yes,138.4,128.4,148.3
2063,14,Mojave B&R,No,1.3,0.9,1.9
2063,14,Mojave B&R,Yes,204.1,178.9,232.6
2063,78,Klamath Mtns.,No,0.1,0,0.4
2063,78,Klamath Mtns.,Yes,831.7,784.5,886.6
2063,80,Northern B&R,No,0.1,0,0.3
2063,80,Northern B&R,Yes,53.6,50.1,56.5
2063,81,Sonoran B&R,No,3.4,2.1,5
2063,81,Sonoran B&R,Yes,76.5,70.3,84.5
2064,1,Coast Range,No,1.3,0.7,1.9
2064,1,Coast Range,Yes,389.6,351.8,432.3
2064,4,Cascades,No,0.1,0,0.4
2064,4,Cascades,Yes,35.2,32.6,37.6
2064,5,Sierra Nevada,No,0.6,0.3,1.3
2064,5,Sierra Nevada,Yes,808.4,763.8,867.6
2064,6,Oak Woodlands,No,25.6,16.9,31.9
2064,6,Oak Woodlands,Yes,1033.4,910.3,1205.8
2064,7,Central Valley,No,16.3,10.8,20.6
2064,7,Central Valley,Yes,308.3,257.1,358.8
2064,8,SoCal Mtns.,No,1.8,1.1,2.5
2064,8,SoCal Mtns.,Yes,203.3,176,237.7
2064,9,East Cascades,No,0.4,0.1,0.9
2064,9,East Cascades,Yes,319.4,292.6,338.2
2064,13,Central B&R,No,0,0,0
2064,13,Central B&R,Yes,138.3,127.2,148.5
2064,14,Mojave B&R,No,1.4,0.9,1.9
2064,14,Mojave B&R,Yes,204,175.1,236.3
2064,78,Klamath Mtns.,No,0.1,0,0.4
2064,78,Klamath Mtns.,Yes,830.1,782.7,884.1
2064,80,Northern B&R,No,0.1,0,0.3
2064,80,Northern B&R,Yes,53.5,49.8,56.5
2064,81,Sonoran B&R,No,3.5,2.2,5.2
2064,81,Sonoran B&R,Yes,76.7,69.5,86.4
2065,1,Coast Range,No,1.3,0.7,1.9
2065,1,Coast Range,Yes,389.6,351.4,432.5
2065,4,Cascades,No,0.1,0,0.4
2065,4,Cascades,Yes,35.2,32.7,37.6
2065,5,Sierra Nevada,No,0.6,0.3,1.3
2065,5,Sierra Nevada,Yes,808.2,761.3,866.3
2065,6,Oak Woodlands,No,25.8,16.9,32.2
2065,6,Oak Woodlands,Yes,1032.7,907.2,1200.7
2065,7,Central Valley,No,16.5,10.9,21
2065,7,Central Valley,Yes,309.1,257.7,359.4
2065,8,SoCal Mtns.,No,1.8,1.1,2.5
2065,8,SoCal Mtns.,Yes,202.9,174.3,235.6
2065,9,East Cascades,No,0.5,0.1,0.9
2065,9,East Cascades,Yes,319.8,292.4,338.4
2065,13,Central B&R,No,0,0,0
2065,13,Central B&R,Yes,138.3,126.7,150.2
2065,14,Mojave B&R,No,1.4,0.9,1.9
2065,14,Mojave B&R,Yes,203.4,172.1,236
2065,78,Klamath Mtns.,No,0.1,0,0.4
2065,78,Klamath Mtns.,Yes,830.4,783.1,884.5
2065,80,Northern B&R,No,0.1,0,0.3
2065,80,Northern B&R,Yes,53.6,49.6,56.5
2065,81,Sonoran B&R,No,3.6,2.2,5.3
2065,81,Sonoran B&R,Yes,76.2,68.9,85.6
2066,1,Coast Range,No,1.3,0.7,1.9
2066,1,Coast Range,Yes,388.6,348.1,432.3
2066,4,Cascades,No,0.1,0,0.4
2066,4,Cascades,Yes,35.1,32.6,37.5
2066,5,Sierra Nevada,No,0.7,0.3,1.3
2066,5,Sierra Nevada,Yes,806.7,758.2,866.3
2066,6,Oak Woodlands,No,26,17,32.6
2066,6,Oak Woodlands,Yes,1026.9,894.7,1189.1
2066,7,Central Valley,No,16.7,11,21.4
2066,7,Central Valley,Yes,306.2,256.4,351.9
2066,8,SoCal Mtns.,No,1.8,1.1,2.6
2066,8,SoCal Mtns.,Yes,201.7,173.4,232.2
2066,9,East Cascades,No,0.5,0.1,0.9
2066,9,East Cascades,Yes,318.5,290.2,337.1
2066,13,Central B&R,No,0,0,0
2066,13,Central B&R,Yes,138.1,126.6,149.7
2066,14,Mojave B&R,No,1.4,0.9,2
2066,14,Mojave B&R,Yes,202.6,170.2,232
2066,78,Klamath Mtns.,No,0.1,0,0.4
2066,78,Klamath Mtns.,Yes,828.7,777.4,883.6
2066,80,Northern B&R,No,0.1,0,0.3
2066,80,Northern B&R,Yes,53.4,49.3,56.6
2066,81,Sonoran B&R,No,3.6,2.2,5.4
2066,81,Sonoran B&R,Yes,75.8,68.3,84.7
2067,1,Coast Range,No,1.3,0.7,1.9
2067,1,Coast Range,Yes,388.1,348.2,433.3
2067,4,Cascades,No,0.1,0,0.4
2067,4,Cascades,Yes,35.1,32.4,37.4
2067,5,Sierra Nevada,No,0.7,0.3,1.3
2067,5,Sierra Nevada,Yes,805.5,751.2,868.7
2067,6,Oak Woodlands,No,26.2,17,32.8
2067,6,Oak Woodlands,Yes,1025.5,886.5,1206.7
2067,7,Central Valley,No,17,11.1,21.7
2067,7,Central Valley,Yes,305.6,247.6,364.6
2067,8,SoCal Mtns.,No,1.9,1.1,2.6
2067,8,SoCal Mtns.,Yes,201.3,170.5,233.7
2067,9,East Cascades,No,0.5,0.1,0.9
2067,9,East Cascades,Yes,318,287.1,336.7
2067,13,Central B&R,No,0,0,0
2067,13,Central B&R,Yes,138.2,125.9,149.1
2067,14,Mojave B&R,No,1.4,0.9,2
2067,14,Mojave B&R,Yes,202.6,167.6,232.7
2067,78,Klamath Mtns.,No,0.1,0,0.4
2067,78,Klamath Mtns.,Yes,827.8,777,883.7
2067,80,Northern B&R,No,0.1,0,0.3
2067,80,Northern B&R,Yes,53.4,48.7,56.5
2067,81,Sonoran B&R,No,3.7,2.3,5.5
2067,81,Sonoran B&R,Yes,75.7,67.5,84.1
2068,1,Coast Range,No,1.3,0.7,2
2068,1,Coast Range,Yes,388,349.3,431.2
2068,4,Cascades,No,0.1,0,0.4
2068,4,Cascades,Yes,35,32.3,37.3
2068,5,Sierra Nevada,No,0.7,0.3,1.3
2068,5,Sierra Nevada,Yes,805.2,750.7,863.8
2068,6,Oak Woodlands,No,26.4,17.1,33.2
2068,6,Oak Woodlands,Yes,1029,892.4,1185.3
2068,7,Central Valley,No,17.2,11.2,22
2068,7,Central Valley,Yes,308.1,254.3,352.5
2068,8,SoCal Mtns.,No,1.9,1.1,2.6
2068,8,SoCal Mtns.,Yes,202.6,172.5,231.1
2068,9,East Cascades,No,0.5,0.1,0.9
2068,9,East Cascades,Yes,317.5,286.3,336.6
2068,13,Central B&R,No,0,0,0
2068,13,Central B&R,Yes,138.6,126.4,150.3
2068,14,Mojave B&R,No,1.4,0.9,2
2068,14,Mojave B&R,Yes,204.4,170.1,236.3
2068,78,Klamath Mtns.,No,0.1,0,0.4
2068,78,Klamath Mtns.,Yes,827,776.5,880.3
2068,80,Northern B&R,No,0.1,0,0.3
2068,80,Northern B&R,Yes,53.4,48.6,56.5
2068,81,Sonoran B&R,No,3.8,2.3,5.7
2068,81,Sonoran B&R,Yes,76.1,68,83.3
2069,1,Coast Range,No,1.3,0.7,2
2069,1,Coast Range,Yes,386.8,349.3,431.7
2069,4,Cascades,No,0.1,0,0.4
2069,4,Cascades,Yes,34.9,32.1,37.2
2069,5,Sierra Nevada,No,0.7,0.3,1.3
2069,5,Sierra Nevada,Yes,803,748.5,864.2
2069,6,Oak Woodlands,No,26.6,17.1,33.5
2069,6,Oak Woodlands,Yes,1022.6,889.6,1185.6
2069,7,Central Valley,No,17.4,11.3,22.3
2069,7,Central Valley,Yes,304.7,256.4,352.9
2069,8,SoCal Mtns.,No,1.9,1.1,2.7
2069,8,SoCal Mtns.,Yes,201.4,171.4,232.1
2069,9,East Cascades,No,0.5,0.1,0.9
2069,9,East Cascades,Yes,316.7,284.4,334.8
2069,13,Central B&R,No,0,0,0
2069,13,Central B&R,Yes,138.4,125.9,150.9
2069,14,Mojave B&R,No,1.4,0.9,2
2069,14,Mojave B&R,Yes,203.1,169.3,235.9
2069,78,Klamath Mtns.,No,0.1,0,0.4
2069,78,Klamath Mtns.,Yes,824.8,774.1,880.9
2069,80,Northern B&R,No,0.1,0,0.3
2069,80,Northern B&R,Yes,53.3,48.4,56.2
2069,81,Sonoran B&R,No,3.8,2.3,5.8
2069,81,Sonoran B&R,Yes,75.5,67.4,84.5
2070,1,Coast Range,No,1.3,0.7,2
2070,1,Coast Range,Yes,386.6,349.5,431.5
2070,4,Cascades,No,0.1,0,0.4
2070,4,Cascades,Yes,34.9,32,37.2
2070,5,Sierra Nevada,No,0.7,0.3,1.4
2070,5,Sierra Nevada,Yes,803,746.8,866
2070,6,Oak Woodlands,No,26.8,17.1,33.8
2070,6,Oak Woodlands,Yes,1024.8,894.5,1188.8
2070,7,Central Valley,No,17.7,11.4,22.7
2070,7,Central Valley,Yes,307.1,262.2,354.4
2070,8,SoCal Mtns.,No,1.9,1.1,2.7
2070,8,SoCal Mtns.,Yes,201.9,173,232.9
2070,9,East Cascades,No,0.5,0.1,0.9
2070,9,East Cascades,Yes,316.3,283.7,334.5
2070,13,Central B&R,No,0,0,0
2070,13,Central B&R,Yes,138.6,125.8,151
2070,14,Mojave B&R,No,1.4,0.9,2.1
2070,14,Mojave B&R,Yes,203.7,169.6,236.6
2070,78,Klamath Mtns.,No,0.1,0,0.4
2070,78,Klamath Mtns.,Yes,823.9,773.2,881
2070,80,Northern B&R,No,0.1,0,0.4
2070,80,Northern B&R,Yes,53.2,48.3,56.2
2070,81,Sonoran B&R,No,3.9,2.4,5.9
2070,81,Sonoran B&R,Yes,75.4,66.7,85.3
2071,1,Coast Range,No,1.3,0.7,2
2071,1,Coast Range,Yes,386.4,349.1,431.8
2071,4,Cascades,No,0.1,0,0.4
2071,4,Cascades,Yes,34.9,31.9,37.2
2071,5,Sierra Nevada,No,0.7,0.3,1.4
2071,5,Sierra Nevada,Yes,803.1,744.5,866.8
2071,6,Oak Woodlands,No,27,17.2,34.1
2071,6,Oak Woodlands,Yes,1026.8,886.5,1200.2
2071,7,Central Valley,No,17.9,11.5,23
2071,7,Central Valley,Yes,308.8,259.1,362.1
2071,8,SoCal Mtns.,No,1.9,1.1,2.7
2071,8,SoCal Mtns.,Yes,202.3,171.3,236.1
2071,9,East Cascades,No,0.5,0.1,0.9
2071,9,East Cascades,Yes,316.1,282.6,335.1
2071,13,Central B&R,No,0,0,0
2071,13,Central B&R,Yes,138.9,125.4,151.5
2071,14,Mojave B&R,No,1.5,0.9,2.1
2071,14,Mojave B&R,Yes,204.7,168.2,242.4
2071,78,Klamath Mtns.,No,0.1,0,0.4
2071,78,Klamath Mtns.,Yes,823.8,772.7,881.2
2071,80,Northern B&R,No,0.1,0,0.4
2071,80,Northern B&R,Yes,53.2,48.1,56.2
2071,81,Sonoran B&R,No,4,2.4,6
2071,81,Sonoran B&R,Yes,75.3,65.9,87.1
2072,1,Coast Range,No,1.4,0.7,2
2072,1,Coast Range,Yes,384.8,348.5,430.5
2072,4,Cascades,No,0.1,0,0.4
2072,4,Cascades,Yes,34.7,31.7,37.1
2072,5,Sierra Nevada,No,0.7,0.3,1.4
2072,5,Sierra Nevada,Yes,800.3,740.1,865.4
2072,6,Oak Woodlands,No,27.2,17.2,34.5
2072,6,Oak Woodlands,Yes,1020.9,889.5,1187.8
2072,7,Central Valley,No,18.1,11.5,23.4
2072,7,Central Valley,Yes,305.7,262.3,355
2072,8,SoCal Mtns.,No,2,1.1,2.8
2072,8,SoCal Mtns.,Yes,201.1,171.7,233.7
2072,9,East Cascades,No,0.5,0.1,0.9
2072,9,East Cascades,Yes,315.2,281.1,334.1
2072,13,Central B&R,No,0,0,0
2072,13,Central B&R,Yes,138.5,125.4,151.2
2072,14,Mojave B&R,No,1.5,0.9,2.1
2072,14,Mojave B&R,Yes,203.2,167.4,239.8
2072,78,Klamath Mtns.,No,0.1,0,0.4
2072,78,Klamath Mtns.,Yes,820.2,767.5,879.1
2072,80,Northern B&R,No,0.1,0,0.4
2072,80,Northern B&R,Yes,53.1,47.9,56
2072,81,Sonoran B&R,No,4.1,2.4,6.2
2072,81,Sonoran B&R,Yes,74.6,64.8,86.3
2073,1,Coast Range,No,1.4,0.7,2
2073,1,Coast Range,Yes,383.2,346.8,430.2
2073,4,Cascades,No,0.1,0,0.4
2073,4,Cascades,Yes,34.7,31.5,37.1
2073,5,Sierra Nevada,No,0.7,0.3,1.4
2073,5,Sierra Nevada,Yes,798,732.2,865.6
2073,6,Oak Woodlands,No,27.3,17.2,34.8
2073,6,Oak Woodlands,Yes,1011,868.2,1179.9
2073,7,Central Valley,No,18.4,11.6,23.7
2073,7,Central Valley,Yes,299.9,250.5,352.4
2073,8,SoCal Mtns.,No,2,1.1,2.8
2073,8,SoCal Mtns.,Yes,199.2,168.3,231.2
2073,9,East Cascades,No,0.5,0.1,1
2073,9,East Cascades,Yes,314.7,278.2,334
2073,13,Central B&R,No,0,0,0
2073,13,Central B&R,Yes,138.2,124.6,150.7
2073,14,Mojave B&R,No,1.5,0.9,2.1
2073,14,Mojave B&R,Yes,201.8,164.2,236.1
2073,78,Klamath Mtns.,No,0.1,0,0.4
2073,78,Klamath Mtns.,Yes,818.9,761.7,878.8
2073,80,Northern B&R,No,0.1,0,0.4
2073,80,Northern B&R,Yes,53,47.6,55.9
2073,81,Sonoran B&R,No,4.1,2.4,6.3
2073,81,Sonoran B&R,Yes,74.2,63.6,84.7
2074,1,Coast Range,No,1.4,0.7,2
2074,1,Coast Range,Yes,383,346.8,428.8
2074,4,Cascades,No,0.1,0,0.4
2074,4,Cascades,Yes,34.6,31.4,37.1
2074,5,Sierra Nevada,No,0.7,0.3,1.5
2074,5,Sierra Nevada,Yes,797.3,734,861.8
2074,6,Oak Woodlands,No,27.5,17.2,35.2
2074,6,Oak Woodlands,Yes,1010.4,881.5,1170
2074,7,Central Valley,No,18.6,11.7,24.1
2074,7,Central Valley,Yes,301,262.7,347.2
2074,8,SoCal Mtns.,No,2,1.1,2.8
2074,8,SoCal Mtns.,Yes,198.9,170.8,229.5
2074,9,East Cascades,No,0.5,0.1,1
2074,9,East Cascades,Yes,314.6,278.4,333.3
2074,13,Central B&R,No,0,0,0
2074,13,Central B&R,Yes,138.5,126,150.7
2074,14,Mojave B&R,No,1.5,0.9,2.1
2074,14,Mojave B&R,Yes,201.9,168.7,235.2
2074,78,Klamath Mtns.,No,0.1,0,0.4
2074,78,Klamath Mtns.,Yes,818.7,761.9,876.5
2074,80,Northern B&R,No,0.1,0,0.4
2074,80,Northern B&R,Yes,53,47.8,55.7
2074,81,Sonoran B&R,No,4.2,2.5,6.4
2074,81,Sonoran B&R,Yes,74.2,65.4,84.9
2075,1,Coast Range,No,1.4,0.7,2
2075,1,Coast Range,Yes,382.9,345.7,429.3
2075,4,Cascades,No,0.1,0,0.4
2075,4,Cascades,Yes,34.6,31.4,37
2075,5,Sierra Nevada,No,0.7,0.3,1.5
2075,5,Sierra Nevada,Yes,797.6,735,862.8
2075,6,Oak Woodlands,No,27.7,17.2,35.6
2075,6,Oak Woodlands,Yes,1012.2,883.8,1181.1
2075,7,Central Valley,No,18.8,11.8,24.4
2075,7,Central Valley,Yes,302.7,266,357
2075,8,SoCal Mtns.,No,2,1.1,2.8
2075,8,SoCal Mtns.,Yes,199.5,170.5,230.8
2075,9,East Cascades,No,0.5,0.1,1
2075,9,East Cascades,Yes,314.4,279,332.6
2075,13,Central B&R,No,0,0,0
2075,13,Central B&R,Yes,138.8,126.2,150.8
2075,14,Mojave B&R,No,1.5,0.9,2.2
2075,14,Mojave B&R,Yes,202.9,168.4,236.2
2075,78,Klamath Mtns.,No,0.1,0,0.4
2075,78,Klamath Mtns.,Yes,818.6,761.5,876.4
2075,80,Northern B&R,No,0.1,0,0.4
2075,80,Northern B&R,Yes,53,47.9,55.9
2075,81,Sonoran B&R,No,4.3,2.5,6.5
2075,81,Sonoran B&R,Yes,74.3,64.7,84.2
2076,1,Coast Range,No,1.4,0.7,2
2076,1,Coast Range,Yes,382.1,345.2,429.6
2076,4,Cascades,No,0.1,0,0.4
2076,4,Cascades,Yes,34.6,31.2,37
2076,5,Sierra Nevada,No,0.7,0.3,1.5
2076,5,Sierra Nevada,Yes,795.8,732.7,860.5
2076,6,Oak Woodlands,No,27.8,17.3,36
2076,6,Oak Woodlands,Yes,1005,875.6,1182
2076,7,Central Valley,No,19,11.8,24.8
2076,7,Central Valley,Yes,299.3,260.5,361.4
2076,8,SoCal Mtns.,No,2,1.1,2.9
2076,8,SoCal Mtns.,Yes,197.6,169.8,229.1
2076,9,East Cascades,No,0.5,0.1,1
2076,9,East Cascades,Yes,314.3,277.9,332.8
2076,13,Central B&R,No,0,0,0
2076,13,Central B&R,Yes,138.6,126.2,151.1
2076,14,Mojave B&R,No,1.5,0.9,2.2
2076,14,Mojave B&R,Yes,202.4,168.8,234
2076,78,Klamath Mtns.,No,0.1,0,0.4
2076,78,Klamath Mtns.,Yes,817.9,759,875.1
2076,80,Northern B&R,No,0.1,0,0.4
2076,80,Northern B&R,Yes,52.9,47.8,56.1
2076,81,Sonoran B&R,No,4.3,2.5,6.6
2076,81,Sonoran B&R,Yes,74,64.3,83.2
2077,1,Coast Range,No,1.4,0.7,2
2077,1,Coast Range,Yes,383,346.9,431
2077,4,Cascades,No,0.1,0,0.4
2077,4,Cascades,Yes,34.7,31.3,37.1
2077,5,Sierra Nevada,No,0.8,0.3,1.5
2077,5,Sierra Nevada,Yes,796.4,733.1,864.3
2077,6,Oak Woodlands,No,28,17.3,36.4
2077,6,Oak Woodlands,Yes,1009.9,879.4,1183.4
2077,7,Central Valley,No,19.2,11.9,25.2
2077,7,Central Valley,Yes,303.5,262.2,363.5
2077,8,SoCal Mtns.,No,2,1.1,2.9
2077,8,SoCal Mtns.,Yes,198.2,169.3,228.9
2077,9,East Cascades,No,0.5,0.1,1
2077,9,East Cascades,Yes,314.5,278.3,334.2
2077,13,Central B&R,No,0,0,0.1
2077,13,Central B&R,Yes,138.9,126.3,152.2
2077,14,Mojave B&R,No,1.5,0.9,2.2
2077,14,Mojave B&R,Yes,202.8,167.2,235.3
2077,78,Klamath Mtns.,No,0.1,0,0.4
2077,78,Klamath Mtns.,Yes,819.2,760.6,877.9
2077,80,Northern B&R,No,0.2,0,0.4
2077,80,Northern B&R,Yes,52.9,47.8,56.2
2077,81,Sonoran B&R,No,4.4,2.5,6.7
2077,81,Sonoran B&R,Yes,73.7,63.7,82.5
2078,1,Coast Range,No,1.4,0.7,2
2078,1,Coast Range,Yes,382.8,346.2,430.3
2078,4,Cascades,No,0.1,0,0.4
2078,4,Cascades,Yes,34.7,31.3,37.1
2078,5,Sierra Nevada,No,0.8,0.3,1.5
2078,5,Sierra Nevada,Yes,796.5,731.7,863.9
2078,6,Oak Woodlands,No,28.2,17.3,36.9
2078,6,Oak Woodlands,Yes,1011.2,878.9,1171.2
2078,7,Central Valley,No,19.4,12,25.6
2078,7,Central Valley,Yes,303.3,260.7,354.2
2078,8,SoCal Mtns.,No,2.1,1.1,2.9
2078,8,SoCal Mtns.,Yes,198.8,169.6,227.8
2078,9,East Cascades,No,0.5,0.1,1
2078,9,East Cascades,Yes,314.6,277.2,334.5
2078,13,Central B&R,No,0,0,0.1
2078,13,Central B&R,Yes,139.1,126.3,152.5
2078,14,Mojave B&R,No,1.6,0.9,2.2
2078,14,Mojave B&R,Yes,203.4,167.1,235.7
2078,78,Klamath Mtns.,No,0.1,0,0.4
2078,78,Klamath Mtns.,Yes,818.9,759,878
2078,80,Northern B&R,No,0.2,0,0.4
2078,80,Northern B&R,Yes,52.9,47.7,56.1
2078,81,Sonoran B&R,No,4.5,2.6,6.9
2078,81,Sonoran B&R,Yes,74.2,63.1,83.3
2079,1,Coast Range,No,1.4,0.7,2
2079,1,Coast Range,Yes,381.9,344.3,430.3
2079,4,Cascades,No,0.1,0,0.4
2079,4,Cascades,Yes,34.6,31.2,37.1
2079,5,Sierra Nevada,No,0.8,0.3,1.6
2079,5,Sierra Nevada,Yes,794.5,732.3,862.6
2079,6,Oak Woodlands,No,28.3,17.3,37.3
2079,6,Oak Woodlands,Yes,1007,886.6,1168.5
2079,7,Central Valley,No,19.7,12.1,26
2079,7,Central Valley,Yes,300.7,258.5,354.3
2079,8,SoCal Mtns.,No,2.1,1.1,3
2079,8,SoCal Mtns.,Yes,198.2,170.6,226.8
2079,9,East Cascades,No,0.5,0.1,1
2079,9,East Cascades,Yes,313.6,275.9,335.8
2079,13,Central B&R,No,0,0,0.1
2079,13,Central B&R,Yes,138.9,126.6,151.9
2079,14,Mojave B&R,No,1.6,0.9,2.3
2079,14,Mojave B&R,Yes,202.8,169.4,235
2079,78,Klamath Mtns.,No,0.1,0,0.4
2079,78,Klamath Mtns.,Yes,816.9,757.9,876.8
2079,80,Northern B&R,No,0.2,0,0.4
2079,80,Northern B&R,Yes,52.8,47.5,56.4
2079,81,Sonoran B&R,No,4.5,2.6,6.9
2079,81,Sonoran B&R,Yes,73.8,63.2,82.6
2080,1,Coast Range,No,1.4,0.7,2
2080,1,Coast Range,Yes,381.3,344.5,431.2
2080,4,Cascades,No,0.1,0,0.4
2080,4,Cascades,Yes,34.6,31.2,37
2080,5,Sierra Nevada,No,0.8,0.3,1.6
2080,5,Sierra Nevada,Yes,793.9,729.8,862.2
2080,6,Oak Woodlands,No,28.5,17.3,37.7
2080,6,Oak Woodlands,Yes,1005.9,880.3,1167.3
2080,7,Central Valley,No,19.9,12.1,26.4
2080,7,Central Valley,Yes,298.8,254.2,354.5
2080,8,SoCal Mtns.,No,2.1,1.1,3
2080,8,SoCal Mtns.,Yes,198.7,169.7,230.9
2080,9,East Cascades,No,0.5,0.1,1.1
2080,9,East Cascades,Yes,312.8,274.1,334.3
2080,13,Central B&R,No,0,0,0.1
2080,13,Central B&R,Yes,138.8,126,153.7
2080,14,Mojave B&R,No,1.6,0.9,2.3
2080,14,Mojave B&R,Yes,202.9,167.2,242.4
2080,78,Klamath Mtns.,No,0.1,0,0.4
2080,78,Klamath Mtns.,Yes,816.1,756.2,877.1
2080,80,Northern B&R,No,0.2,0,0.4
2080,80,Northern B&R,Yes,52.7,47.3,56.1
2080,81,Sonoran B&R,No,4.6,2.6,7.1
2080,81,Sonoran B&R,Yes,73.7,62.7,82.3
2081,1,Coast Range,No,1.4,0.7,2
2081,1,Coast Range,Yes,380.1,344.4,430.2
2081,4,Cascades,No,0.1,0,0.4
2081,4,Cascades,Yes,34.4,30.8,36.9
2081,5,Sierra Nevada,No,0.8,0.3,1.6
2081,5,Sierra Nevada,Yes,791,724.7,858.3
2081,6,Oak Woodlands,No,28.6,17.4,38.1
2081,6,Oak Woodlands,Yes,1000.8,866.9,1165.8
2081,7,Central Valley,No,20.1,12.2,26.7
2081,7,Central Valley,Yes,296.7,247.1,356.3
2081,8,SoCal Mtns.,No,2.1,1.1,3
2081,8,SoCal Mtns.,Yes,197.6,167,236.2
2081,9,East Cascades,No,0.5,0.1,1.1
2081,9,East Cascades,Yes,311.6,273.1,333.9
2081,13,Central B&R,No,0,0,0.1
2081,13,Central B&R,Yes,138.7,125,155.3
2081,14,Mojave B&R,No,1.6,0.9,2.3
2081,14,Mojave B&R,Yes,202.1,163.7,251.8
2081,78,Klamath Mtns.,No,0.2,0,0.5
2081,78,Klamath Mtns.,Yes,813.2,754.4,874.5
2081,80,Northern B&R,No,0.2,0,0.4
2081,80,Northern B&R,Yes,52.5,47,56.1
2081,81,Sonoran B&R,No,4.6,2.6,7.2
2081,81,Sonoran B&R,Yes,73.5,61.6,83.8
2082,1,Coast Range,No,1.4,0.7,2.1
2082,1,Coast Range,Yes,380.1,343.6,429.9
2082,4,Cascades,No,0.1,0,0.4
2082,4,Cascades,Yes,34.3,30.7,36.8
2082,5,Sierra Nevada,No,0.8,0.3,1.6
2082,5,Sierra Nevada,Yes,789.8,717.3,856.6
2082,6,Oak Woodlands,No,28.7,17.4,38.4
2082,6,Oak Woodlands,Yes,1002.9,853.1,1169.8
2082,7,Central Valley,No,20.3,12.3,27.1
2082,7,Central Valley,Yes,298.3,250,359.3
2082,8,SoCal Mtns.,No,2.1,1.1,3
2082,8,SoCal Mtns.,Yes,198,165,236
2082,9,East Cascades,No,0.6,0.1,1.1
2082,9,East Cascades,Yes,311.6,270.1,335.3
2082,13,Central B&R,No,0,0,0.1
2082,13,Central B&R,Yes,138.6,124.2,156.2
2082,14,Mojave B&R,No,1.6,0.9,2.3
2082,14,Mojave B&R,Yes,202.1,161.6,249.3
2082,78,Klamath Mtns.,No,0.2,0,0.5
2082,78,Klamath Mtns.,Yes,813.1,749.7,873.9
2082,80,Northern B&R,No,0.2,0,0.4
2082,80,Northern B&R,Yes,52.5,46.5,56.6
2082,81,Sonoran B&R,No,4.7,2.6,7.3
2082,81,Sonoran B&R,Yes,73.3,61.3,82.5
2083,1,Coast Range,No,1.4,0.7,2.1
2083,1,Coast Range,Yes,378.5,341.5,429.1
2083,4,Cascades,No,0.1,0,0.5
2083,4,Cascades,Yes,34.1,30.6,36.7
2083,5,Sierra Nevada,No,0.8,0.3,1.6
2083,5,Sierra Nevada,Yes,786.9,714.2,853.9
2083,6,Oak Woodlands,No,28.9,17.4,38.8
2083,6,Oak Woodlands,Yes,999.7,848.9,1170
2083,7,Central Valley,No,20.5,12.4,27.5
2083,7,Central Valley,Yes,295.9,249.5,353.6
2083,8,SoCal Mtns.,No,2.2,1.1,3.1
2083,8,SoCal Mtns.,Yes,197.7,163.6,231.6
2083,9,East Cascades,No,0.6,0.1,1.1
2083,9,East Cascades,Yes,310.4,268.5,333.5
2083,13,Central B&R,No,0,0,0.1
2083,13,Central B&R,Yes,138.4,124,154.6
2083,14,Mojave B&R,No,1.6,0.9,2.3
2083,14,Mojave B&R,Yes,201.4,159.7,243
2083,78,Klamath Mtns.,No,0.2,0,0.5
2083,78,Klamath Mtns.,Yes,809.1,746.1,870.6
2083,80,Northern B&R,No,0.2,0,0.4
2083,80,Northern B&R,Yes,52.3,46.3,56.3
2083,81,Sonoran B&R,No,4.8,2.7,7.4
2083,81,Sonoran B&R,Yes,73.4,60.7,82.5
2084,1,Coast Range,No,1.4,0.7,2.1
2084,1,Coast Range,Yes,378,341.8,430.4
2084,4,Cascades,No,0.1,0,0.5
2084,4,Cascades,Yes,34.1,30.5,36.7
2084,5,Sierra Nevada,No,0.8,0.3,1.7
2084,5,Sierra Nevada,Yes,785.5,711.2,853.5
2084,6,Oak Woodlands,No,29,17.4,39.1
2084,6,Oak Woodlands,Yes,996.2,848.3,1176.1
2084,7,Central Valley,No,20.7,12.4,27.8
2084,7,Central Valley,Yes,294.2,249.3,358.1
2084,8,SoCal Mtns.,No,2.2,1.1,3.1
2084,8,SoCal Mtns.,Yes,196.8,163.6,236.8
2084,9,East Cascades,No,0.6,0.2,1.1
2084,9,East Cascades,Yes,310,267.7,334.8
2084,13,Central B&R,No,0,0,0.1
2084,13,Central B&R,Yes,138.1,123.3,155.9
2084,14,Mojave B&R,No,1.6,0.9,2.4
2084,14,Mojave B&R,Yes,200.6,158.4,248.6
2084,78,Klamath Mtns.,No,0.2,0,0.5
2084,78,Klamath Mtns.,Yes,808.7,744.7,871.8
2084,80,Northern B&R,No,0.2,0,0.4
2084,80,Northern B&R,Yes,52.2,46,56.4
2084,81,Sonoran B&R,No,4.8,2.7,7.5
2084,81,Sonoran B&R,Yes,73.2,60.8,83.1
2085,1,Coast Range,No,1.4,0.7,2.1
2085,1,Coast Range,Yes,377.3,342.5,429.4
2085,4,Cascades,No,0.1,0,0.5
2085,4,Cascades,Yes,34,30.3,36.7
2085,5,Sierra Nevada,No,0.8,0.3,1.7
2085,5,Sierra Nevada,Yes,784.3,714.1,851.9
2085,6,Oak Woodlands,No,29.2,17.4,39.5
2085,6,Oak Woodlands,Yes,994.9,861,1156.8
2085,7,Central Valley,No,20.9,12.5,28.2
2085,7,Central Valley,Yes,293.2,247.4,352.1
2085,8,SoCal Mtns.,No,2.2,1.1,3.1
2085,8,SoCal Mtns.,Yes,196.8,167,237.7
2085,9,East Cascades,No,0.6,0.2,1.1
2085,9,East Cascades,Yes,309.4,268.1,337
2085,13,Central B&R,No,0,0,0.1
2085,13,Central B&R,Yes,138.2,124,156.9
2085,14,Mojave B&R,No,1.6,0.9,2.4
2085,14,Mojave B&R,Yes,200.8,161.4,249
2085,78,Klamath Mtns.,No,0.2,0,0.5
2085,78,Klamath Mtns.,Yes,806.8,743.9,871.6
2085,80,Northern B&R,No,0.2,0,0.4
2085,80,Northern B&R,Yes,52.2,46.2,57
2085,81,Sonoran B&R,No,4.9,2.7,7.6
2085,81,Sonoran B&R,Yes,73.3,61.2,84.4
2086,1,Coast Range,No,1.5,0.7,2.1
2086,1,Coast Range,Yes,376.5,340.5,430.2
2086,4,Cascades,No,0.1,0,0.5
2086,4,Cascades,Yes,34,30.2,36.7
2086,5,Sierra Nevada,No,0.8,0.3,1.7
2086,5,Sierra Nevada,Yes,782.9,714.7,852.6
2086,6,Oak Woodlands,No,29.3,17.4,39.9
2086,6,Oak Woodlands,Yes,990.6,859.3,1161.5
2086,7,Central Valley,No,21.1,12.5,28.5
2086,7,Central Valley,Yes,291.1,245.8,349.5
2086,8,SoCal Mtns.,No,2.2,1.1,3.2
2086,8,SoCal Mtns.,Yes,196.4,166.4,234.5
2086,9,East Cascades,No,0.6,0.2,1.1
2086,9,East Cascades,Yes,309.1,266.7,337.8
2086,13,Central B&R,No,0,0,0.1
2086,13,Central B&R,Yes,138,124,156.7
2086,14,Mojave B&R,No,1.6,0.9,2.4
2086,14,Mojave B&R,Yes,200.3,162.2,245.2
2086,78,Klamath Mtns.,No,0.2,0,0.5
2086,78,Klamath Mtns.,Yes,805.8,741.6,870.7
2086,80,Northern B&R,No,0.2,0,0.4
2086,80,Northern B&R,Yes,52.2,46.1,57
2086,81,Sonoran B&R,No,5,2.7,7.7
2086,81,Sonoran B&R,Yes,73.1,61.3,84.8
2087,1,Coast Range,No,1.5,0.7,2.1
2087,1,Coast Range,Yes,376.3,339,431.7
2087,4,Cascades,No,0.1,0,0.5
2087,4,Cascades,Yes,33.9,30.2,36.6
2087,5,Sierra Nevada,No,0.8,0.3,1.7
2087,5,Sierra Nevada,Yes,782.5,714.9,851.9
2087,6,Oak Woodlands,No,29.4,17.4,40.4
2087,6,Oak Woodlands,Yes,994.2,859.3,1176.4
2087,7,Central Valley,No,21.3,12.6,28.9
2087,7,Central Valley,Yes,293.3,244,358.1
2087,8,SoCal Mtns.,No,2.2,1.1,3.2
2087,8,SoCal Mtns.,Yes,197.4,164.6,229.4
2087,9,East Cascades,No,0.6,0.2,1.1
2087,9,East Cascades,Yes,308.8,265.3,338.5
2087,13,Central B&R,No,0,0,0.1
2087,13,Central B&R,Yes,138.3,124.1,155.8
2087,14,Mojave B&R,No,1.7,0.9,2.4
2087,14,Mojave B&R,Yes,201.2,164.2,241.1
2087,78,Klamath Mtns.,No,0.2,0,0.5
2087,78,Klamath Mtns.,Yes,805.3,741,871.5
2087,80,Northern B&R,No,0.2,0,0.4
2087,80,Northern B&R,Yes,52.1,45.9,57
2087,81,Sonoran B&R,No,5,2.7,7.8
2087,81,Sonoran B&R,Yes,73.2,61.2,83.8
2088,1,Coast Range,No,1.5,0.7,2.1
2088,1,Coast Range,Yes,376.5,338.8,430.6
2088,4,Cascades,No,0.1,0,0.5
2088,4,Cascades,Yes,33.9,30.1,36.7
2088,5,Sierra Nevada,No,0.8,0.3,1.8
2088,5,Sierra Nevada,Yes,782.6,710.6,851.6
2088,6,Oak Woodlands,No,29.6,17.4,40.7
2088,6,Oak Woodlands,Yes,996.4,847.1,1160.2
2088,7,Central Valley,No,21.5,12.7,29.4
2088,7,Central Valley,Yes,294.8,245.1,348.7
2088,8,SoCal Mtns.,No,2.2,1.1,3.2
2088,8,SoCal Mtns.,Yes,198.2,166.1,233.5
2088,9,East Cascades,No,0.6,0.2,1.1
2088,9,East Cascades,Yes,308.9,264.5,338
2088,13,Central B&R,No,0,0,0.1
2088,13,Central B&R,Yes,138.6,123.6,157.7
2088,14,Mojave B&R,No,1.7,0.9,2.4
2088,14,Mojave B&R,Yes,202.8,161.4,245
2088,78,Klamath Mtns.,No,0.2,0,0.5
2088,78,Klamath Mtns.,Yes,805.4,737.8,871.3
2088,80,Northern B&R,No,0.2,0,0.4
2088,80,Northern B&R,Yes,52.2,45.7,56.9
2088,81,Sonoran B&R,No,5.1,2.7,7.9
2088,81,Sonoran B&R,Yes,73.2,61,86
2089,1,Coast Range,No,1.5,0.7,2.1
2089,1,Coast Range,Yes,376.6,339.1,431.7
2089,4,Cascades,No,0.1,0,0.5
2089,4,Cascades,Yes,34,30.1,36.8
2089,5,Sierra Nevada,No,0.8,0.3,1.8
2089,5,Sierra Nevada,Yes,783.5,712.4,854
2089,6,Oak Woodlands,No,29.7,17.5,41.2
2089,6,Oak Woodlands,Yes,1000.3,855.1,1160.2
2089,7,Central Valley,No,21.7,12.7,29.7
2089,7,Central Valley,Yes,296.7,246.1,350.2
2089,8,SoCal Mtns.,No,2.2,1.1,3.3
2089,8,SoCal Mtns.,Yes,199.6,166.3,238.2
2089,9,East Cascades,No,0.6,0.2,1.2
2089,9,East Cascades,Yes,309.1,263.4,337.4
2089,13,Central B&R,No,0,0,0.1
2089,13,Central B&R,Yes,139.2,124.2,159.7
2089,14,Mojave B&R,No,1.7,0.9,2.5
2089,14,Mojave B&R,Yes,205.1,166.2,250.3
2089,78,Klamath Mtns.,No,0.2,0,0.5
2089,78,Klamath Mtns.,Yes,806.1,739.4,873.9
2089,80,Northern B&R,No,0.2,0,0.4
2089,80,Northern B&R,Yes,52.2,45.6,56.9
2089,81,Sonoran B&R,No,5.1,2.8,8
2089,81,Sonoran B&R,Yes,73.7,62.3,88.1
2090,1,Coast Range,No,1.5,0.7,2.1
2090,1,Coast Range,Yes,376.1,338.6,432
2090,4,Cascades,No,0.1,0,0.5
2090,4,Cascades,Yes,33.9,30.1,36.8
2090,5,Sierra Nevada,No,0.9,0.3,1.8
2090,5,Sierra Nevada,Yes,782.7,715.6,854.6
2090,6,Oak Woodlands,No,29.8,17.5,41.4
2090,6,Oak Woodlands,Yes,997.8,863.2,1160.9
2090,7,Central Valley,No,21.9,12.8,30.1
2090,7,Central Valley,Yes,295,246.7,347.6
2090,8,SoCal Mtns.,No,2.3,1.1,3.3
2090,8,SoCal Mtns.,Yes,199.5,165.6,238
2090,9,East Cascades,No,0.6,0.2,1.2
2090,9,East Cascades,Yes,308.5,264.6,335.1
2090,13,Central B&R,No,0,0,0.1
2090,13,Central B&R,Yes,139.1,124.8,159.2
2090,14,Mojave B&R,No,1.7,0.9,2.5
2090,14,Mojave B&R,Yes,203.9,165.2,248.9
2090,78,Klamath Mtns.,No,0.2,0,0.5
2090,78,Klamath Mtns.,Yes,805.1,739.3,874.3
2090,80,Northern B&R,No,0.2,0,0.4
2090,80,Northern B&R,Yes,52.1,45.9,56.5
2090,81,Sonoran B&R,No,5.2,2.8,8.2
2090,81,Sonoran B&R,Yes,73.2,61.7,86.2
2091,1,Coast Range,No,1.5,0.7,2.1
2091,1,Coast Range,Yes,375.7,337.9,432
2091,4,Cascades,No,0.1,0,0.5
2091,4,Cascades,Yes,33.9,30,36.7
2091,5,Sierra Nevada,No,0.9,0.3,1.8
2091,5,Sierra Nevada,Yes,781.1,713.9,853.3
2091,6,Oak Woodlands,No,30,17.5,41.9
2091,6,Oak Woodlands,Yes,990,856.7,1154.1
2091,7,Central Valley,No,22,12.9,30.5
2091,7,Central Valley,Yes,290.2,245.8,344.3
2091,8,SoCal Mtns.,No,2.3,1.1,3.3
2091,8,SoCal Mtns.,Yes,197.7,165.4,237.1
2091,9,East Cascades,No,0.6,0.2,1.2
2091,9,East Cascades,Yes,307.9,264.6,334.4
2091,13,Central B&R,No,0,0,0.1
2091,13,Central B&R,Yes,138.7,124.6,159.4
2091,14,Mojave B&R,No,1.7,0.9,2.5
2091,14,Mojave B&R,Yes,202.3,163,250
2091,78,Klamath Mtns.,No,0.2,0,0.5
2091,78,Klamath Mtns.,Yes,804.6,739.4,874.2
2091,80,Northern B&R,No,0.2,0,0.4
2091,80,Northern B&R,Yes,52,45.9,56.4
2091,81,Sonoran B&R,No,5.3,2.8,8.3
2091,81,Sonoran B&R,Yes,72.4,61,84.9
2092,1,Coast Range,No,1.5,0.7,2.2
2092,1,Coast Range,Yes,374,335.5,430.4
2092,4,Cascades,No,0.1,0,0.5
2092,4,Cascades,Yes,33.7,29.9,36.4
2092,5,Sierra Nevada,No,0.9,0.3,1.8
2092,5,Sierra Nevada,Yes,777.4,705.5,849.3
2092,6,Oak Woodlands,No,30.1,17.5,42.3
2092,6,Oak Woodlands,Yes,984.1,843.4,1151
2092,7,Central Valley,No,22.2,12.9,31
2092,7,Central Valley,Yes,286.5,237.8,345.2
2092,8,SoCal Mtns.,No,2.3,1.1,3.4
2092,8,SoCal Mtns.,Yes,197.1,163,241.1
2092,9,East Cascades,No,0.6,0.2,1.2
2092,9,East Cascades,Yes,306.3,261.5,333.9
2092,13,Central B&R,No,0,0,0.1
2092,13,Central B&R,Yes,138.3,123.7,161.1
2092,14,Mojave B&R,No,1.7,0.9,2.5
2092,14,Mojave B&R,Yes,201.5,162.4,253.1
2092,78,Klamath Mtns.,No,0.2,0,0.5
2092,78,Klamath Mtns.,Yes,801.3,730.6,868.1
2092,80,Northern B&R,No,0.2,0,0.4
2092,80,Northern B&R,Yes,51.8,45.4,56.5
2092,81,Sonoran B&R,No,5.3,2.8,8.4
2092,81,Sonoran B&R,Yes,72.2,60.1,84.6
2093,1,Coast Range,No,1.5,0.7,2.2
2093,1,Coast Range,Yes,373.4,334.7,429.3
2093,4,Cascades,No,0.1,0,0.5
2093,4,Cascades,Yes,33.7,29.9,36.4
2093,5,Sierra Nevada,No,0.9,0.3,1.9
2093,5,Sierra Nevada,Yes,775.5,702.9,848.8
2093,6,Oak Woodlands,No,30.2,17.5,42.5
2093,6,Oak Woodlands,Yes,975.8,834,1138.9
2093,7,Central Valley,No,22.4,13,31.3
2093,7,Central Valley,Yes,283.4,234.2,339.1
2093,8,SoCal Mtns.,No,2.3,1.1,3.4
2093,8,SoCal Mtns.,Yes,195.1,161.7,235.8
2093,9,East Cascades,No,0.6,0.2,1.2
2093,9,East Cascades,Yes,306.3,262.2,334.7
2093,13,Central B&R,No,0,0,0.1
2093,13,Central B&R,Yes,137.9,123,160.7
2093,14,Mojave B&R,No,1.7,0.9,2.5
2093,14,Mojave B&R,Yes,199.7,158.7,248.8
2093,78,Klamath Mtns.,No,0.2,0,0.5
2093,78,Klamath Mtns.,Yes,801.7,732,869.8
2093,80,Northern B&R,No,0.2,0,0.4
2093,80,Northern B&R,Yes,51.7,45.4,56.6
2093,81,Sonoran B&R,No,5.4,2.8,8.5
2093,81,Sonoran B&R,Yes,71.3,59.3,84.9
2094,1,Coast Range,No,1.5,0.7,2.2
2094,1,Coast Range,Yes,372.7,332.6,429.4
2094,4,Cascades,No,0.1,0,0.5
2094,4,Cascades,Yes,33.6,29.8,36.4
2094,5,Sierra Nevada,No,0.9,0.3,1.9
2094,5,Sierra Nevada,Yes,773.4,699.2,846
2094,6,Oak Woodlands,No,30.4,17.5,43
2094,6,Oak Woodlands,Yes,977.1,821,1152.5
2094,7,Central Valley,No,22.6,13.1,31.7
2094,7,Central Valley,Yes,285.8,235.1,341
2094,8,SoCal Mtns.,No,2.3,1.1,3.4
2094,8,SoCal Mtns.,Yes,195.5,160.7,233.8
2094,9,East Cascades,No,0.6,0.2,1.2
2094,9,East Cascades,Yes,305.7,262.1,337.5
2094,13,Central B&R,No,0,0,0.1
2094,13,Central B&R,Yes,137.8,122.4,159.8
2094,14,Mojave B&R,No,1.7,0.9,2.6
2094,14,Mojave B&R,Yes,200.4,156.2,246.8
2094,78,Klamath Mtns.,No,0.2,0,0.5
2094,78,Klamath Mtns.,Yes,798.6,728.5,866.7
2094,80,Northern B&R,No,0.2,0,0.4
2094,80,Northern B&R,Yes,51.6,45.4,56.7
2094,81,Sonoran B&R,No,5.4,2.8,8.6
2094,81,Sonoran B&R,Yes,71.7,59.2,85.7
2095,1,Coast Range,No,1.5,0.7,2.2
2095,1,Coast Range,Yes,372.1,331.7,431.1
2095,4,Cascades,No,0.1,0,0.5
2095,4,Cascades,Yes,33.6,29.8,36.4
2095,5,Sierra Nevada,No,0.9,0.3,1.9
2095,5,Sierra Nevada,Yes,772.8,699.3,848.8
2095,6,Oak Woodlands,No,30.5,17.5,43.3
2095,6,Oak Woodlands,Yes,974.9,819.5,1168.1
2095,7,Central Valley,No,22.8,13.1,32.1
2095,7,Central Valley,Yes,285,231.8,350.2
2095,8,SoCal Mtns.,No,2.3,1.1,3.5
2095,8,SoCal Mtns.,Yes,195.1,159.5,233.8
2095,9,East Cascades,No,0.6,0.2,1.2
2095,9,East Cascades,Yes,305,261.2,334.3
2095,13,Central B&R,No,0,0,0.1
2095,13,Central B&R,Yes,137.9,122.2,160
2095,14,Mojave B&R,No,1.7,0.9,2.6
2095,14,Mojave B&R,Yes,200.3,155.1,245.1
2095,78,Klamath Mtns.,No,0.2,0,0.5
2095,78,Klamath Mtns.,Yes,797.9,729.2,868.5
2095,80,Northern B&R,No,0.2,0,0.4
2095,80,Northern B&R,Yes,51.6,45.2,56.4
2095,81,Sonoran B&R,No,5.5,2.8,8.7
2095,81,Sonoran B&R,Yes,71.4,58.3,85.5
2096,1,Coast Range,No,1.5,0.7,2.3
2096,1,Coast Range,Yes,369.8,329.8,430.5
2096,4,Cascades,No,0.1,0,0.5
2096,4,Cascades,Yes,33.4,29.8,36.2
2096,5,Sierra Nevada,No,0.9,0.3,1.9
2096,5,Sierra Nevada,Yes,768.4,698.8,843.4
2096,6,Oak Woodlands,No,30.6,17.6,43.6
2096,6,Oak Woodlands,Yes,963.4,818.7,1155.1
2096,7,Central Valley,No,23,13.2,32.4
2096,7,Central Valley,Yes,278,230.4,340.7
2096,8,SoCal Mtns.,No,2.4,1.1,3.5
2096,8,SoCal Mtns.,Yes,193.4,159.7,228.1
2096,9,East Cascades,No,0.6,0.2,1.2
2096,9,East Cascades,Yes,303,261.1,332.9
2096,13,Central B&R,No,0,0,0.1
2096,13,Central B&R,Yes,137.3,121.9,158.5
2096,14,Mojave B&R,No,1.8,0.9,2.6
2096,14,Mojave B&R,Yes,198.4,153.8,239.2
2096,78,Klamath Mtns.,No,0.2,0,0.5
2096,78,Klamath Mtns.,Yes,794.1,731.3,866.1
2096,80,Northern B&R,No,0.2,0,0.4
2096,80,Northern B&R,Yes,51.3,45.1,56.1
2096,81,Sonoran B&R,No,5.5,2.9,8.8
2096,81,Sonoran B&R,Yes,70.8,58.2,84.8
2097,1,Coast Range,No,1.5,0.7,2.3
2097,1,Coast Range,Yes,370.3,330.5,430.2
2097,4,Cascades,No,0.1,0,0.5
2097,4,Cascades,Yes,33.4,29.7,36.2
2097,5,Sierra Nevada,No,0.9,0.3,2
2097,5,Sierra Nevada,Yes,769,699.9,843.3
2097,6,Oak Woodlands,No,30.7,17.6,43.9
2097,6,Oak Woodlands,Yes,964,824.3,1152.5
2097,7,Central Valley,No,23.2,13.3,32.9
2097,7,Central Valley,Yes,279,232.7,340.2
2097,8,SoCal Mtns.,No,2.4,1.1,3.5
2097,8,SoCal Mtns.,Yes,193.3,162.1,225.5
2097,9,East Cascades,No,0.6,0.2,1.2
2097,9,East Cascades,Yes,303.2,261.1,333.4
2097,13,Central B&R,No,0,0,0.1
2097,13,Central B&R,Yes,137.4,122.2,158.2
2097,14,Mojave B&R,No,1.8,0.9,2.6
2097,14,Mojave B&R,Yes,197.9,155.2,235.1
2097,78,Klamath Mtns.,No,0.2,0,0.5
2097,78,Klamath Mtns.,Yes,795.1,731.9,867
2097,80,Northern B&R,No,0.2,0,0.4
2097,80,Northern B&R,Yes,51.4,45.1,56.3
2097,81,Sonoran B&R,No,5.6,2.9,8.9
2097,81,Sonoran B&R,Yes,70.6,58.3,84
2098,1,Coast Range,No,1.5,0.7,2.3
2098,1,Coast Range,Yes,370.5,330.9,430.6
2098,4,Cascades,No,0.1,0,0.5
2098,4,Cascades,Yes,33.4,29.7,36.2
2098,5,Sierra Nevada,No,0.9,0.3,2
2098,5,Sierra Nevada,Yes,769,701,843.5
2098,6,Oak Woodlands,No,30.9,17.6,44.1
2098,6,Oak Woodlands,Yes,966,825.3,1171.3
2098,7,Central Valley,No,23.3,13.3,33.3
2098,7,Central Valley,Yes,281.3,231.5,352.7
2098,8,SoCal Mtns.,No,2.4,1.1,3.6
2098,8,SoCal Mtns.,Yes,193.4,162.1,227.5
2098,9,East Cascades,No,0.7,0.2,1.2
2098,9,East Cascades,Yes,303.3,259.7,334.3
2098,13,Central B&R,No,0,0,0.1
2098,13,Central B&R,Yes,137.4,122.4,158.7
2098,14,Mojave B&R,No,1.8,0.9,2.6
2098,14,Mojave B&R,Yes,197.6,153.5,237.3
2098,78,Klamath Mtns.,No,0.2,0,0.5
2098,78,Klamath Mtns.,Yes,795.5,730.6,867.1
2098,80,Northern B&R,No,0.2,0,0.4
2098,80,Northern B&R,Yes,51.5,45.1,56.6
2098,81,Sonoran B&R,No,5.7,2.9,9.1
2098,81,Sonoran B&R,Yes,70.3,57.7,83.3
2099,1,Coast Range,No,1.5,0.7,2.3
2099,1,Coast Range,Yes,369.8,329.8,428.1
2099,4,Cascades,No,0.1,0,0.5
2099,4,Cascades,Yes,33.3,29.7,36
2099,5,Sierra Nevada,No,0.9,0.3,2
2099,5,Sierra Nevada,Yes,768.3,699.7,842.1
2099,6,Oak Woodlands,No,31,17.6,44.6
2099,6,Oak Woodlands,Yes,966.1,819.1,1153.7
2099,7,Central Valley,No,23.5,13.4,33.6
2099,7,Central Valley,Yes,281.2,228,341.2
2099,8,SoCal Mtns.,No,2.4,1.1,3.6
2099,8,SoCal Mtns.,Yes,194.1,162.6,228.1
2099,9,East Cascades,No,0.7,0.2,1.3
2099,9,East Cascades,Yes,301.9,258,331.8
2099,13,Central B&R,No,0,0,0.1
2099,13,Central B&R,Yes,137.5,121.8,159.7
2099,14,Mojave B&R,No,1.8,0.9,2.6
2099,14,Mojave B&R,Yes,198.1,155.4,241.4
2099,78,Klamath Mtns.,No,0.2,0,0.6
2099,78,Klamath Mtns.,Yes,793.3,730.6,862
2099,80,Northern B&R,No,0.2,0,0.4
2099,80,Northern B&R,Yes,51.3,44.9,56.4
2099,81,Sonoran B&R,No,5.7,2.9,9.2
2099,81,Sonoran B&R,Yes,70.4,58,83.4
2100,1,Coast Range,No,1.5,0.7,2.3
2100,1,Coast Range,Yes,369.1,329.1,427.6
2100,4,Cascades,No,0.1,0,0.5
2100,4,Cascades,Yes,33.2,29.8,35.9
2100,5,Sierra Nevada,No,0.9,0.3,2
2100,5,Sierra Nevada,Yes,767.1,698,839.7
2100,6,Oak Woodlands,No,31.1,17.6,45
2100,6,Oak Woodlands,Yes,967.3,810.7,1146.9
2100,7,Central Valley,No,23.7,13.5,34
2100,7,Central Valley,Yes,281,224.7,336.7
2100,8,SoCal Mtns.,No,2.4,1.1,3.6
2100,8,SoCal Mtns.,Yes,195.2,161.7,230.7
2100,9,East Cascades,No,0.7,0.2,1.3
2100,9,East Cascades,Yes,300.5,256.6,330.4
2100,13,Central B&R,No,0,0,0.1
2100,13,Central B&R,Yes,137.3,121.3,160.1
2100,14,Mojave B&R,No,1.8,0.9,2.7
2100,14,Mojave B&R,Yes,199.1,157.2,245.3
2100,78,Klamath Mtns.,No,0.2,0,0.6
2100,78,Klamath Mtns.,Yes,791.4,730.5,861.5
2100,80,Northern B&R,No,0.2,0,0.4
2100,80,Northern B&R,Yes,51.2,44.7,56.2
2100,81,Sonoran B&R,No,5.8,2.9,9.3
2100,81,Sonoran B&R,Yes,70.5,58,83.1
2101,1,Coast Range,No,1.6,0.7,2.4
2101,1,Coast Range,Yes,368.6,327.9,427.4
2101,4,Cascades,No,0.1,0,0.5
2101,4,Cascades,Yes,33.1,29.8,35.8
2101,5,Sierra Nevada,No,0.9,0.3,2
2101,5,Sierra Nevada,Yes,766.1,696.1,838.1
2101,6,Oak Woodlands,No,31.2,17.6,45.3
2101,6,Oak Woodlands,Yes,968.6,802.9,1139.8
2101,7,Central Valley,No,23.9,13.5,34.4
2101,7,Central Valley,Yes,281,222.2,332.5
2101,8,SoCal Mtns.,No,2.4,1.1,3.7
2101,8,SoCal Mtns.,Yes,196.3,160.9,233.1
2101,9,East Cascades,No,0.7,0.2,1.3
2101,9,East Cascades,Yes,299.3,255.1,329.3
2101,13,Central B&R,No,0,0,0.1
2101,13,Central B&R,Yes,137.2,120.7,160.6
2101,14,Mojave B&R,No,1.8,0.9,2.7
2101,14,Mojave B&R,Yes,200,158.8,249.1
2101,78,Klamath Mtns.,No,0.2,0,0.6
2101,78,Klamath Mtns.,Yes,789.7,729.8,861.4
2101,80,Northern B&R,No,0.2,0,0.4
2101,80,Northern B&R,Yes,51,44.5,56.1
2101,81,Sonoran B&R,No,5.8,2.9,9.4
2101,81,Sonoran B&R,Yes,70.6,58,83.9
