Timestep,StockGroup,LULC,Mean,Lower,Upper
2001,DOM,Agriculture,14.5,14.5,14.5
2001,DOM,Barren,0,0,0
2001,DOM,Developed,0,0,0
2001,DOM,Forest,319.2,319.2,319.2
2001,DOM,Grassland,14,14,14
2001,DOM,Shrubland,28.2,28.2,28.2
2001,DOM,SnowIce,0,0,0
2001,DOM,Water,0,0,0
2001,DOM,Wetland,0,0,0
2001,Live,Agriculture,36.7,36.7,36.7
2001,Live,Barren,0,0,0
2001,Live,Developed,0,0,0
2001,Live,Forest,1638.8,1638.8,1638.8
2001,Live,Grassland,13.4,13.4,13.4
2001,Live,Shrubland,115.4,115.4,115.4
2001,Live,SnowIce,0,0,0
2001,Live,Water,0,0,0
2001,Live,Wetland,0,0,0
2001,Soil,Agriculture,417.2,417.2,417.2
2001,Soil,Barren,0,0,0
2001,Soil,Developed,0,0,0
2001,Soil,Forest,1524.1,1524.1,1524.1
2001,Soil,Grassland,356.9,356.9,356.9
2001,Soil,Shrubland,344.8,344.8,344.8
2001,Soil,SnowIce,0,0,0
2001,Soil,Water,0,0,0
2001,Soil,Wetland,0,0,0
2002,DOM,Agriculture,14.2,14.2,14.2
2002,DOM,Barren,0,0,0
2002,DOM,Developed,0,0,0
2002,DOM,Forest,315.7,315.5,315.9
2002,DOM,Grassland,13.6,13.6,13.6
2002,DOM,Shrubland,28,28,28
2002,DOM,SnowIce,0,0,0
2002,DOM,Water,0,0,0
2002,DOM,Wetland,0,0,0
2002,Live,Agriculture,33.6,33.5,33.6
2002,Live,Barren,0,0,0
2002,Live,Developed,0.1,0,0.1
2002,Live,Forest,1628.8,1628.1,1629.4
2002,Live,Grassland,10.6,10.6,10.6
2002,Live,Shrubland,109.7,109.6,109.7
2002,Live,SnowIce,0,0,0
2002,Live,Water,0,0,0
2002,Live,Wetland,0,0,0
2002,Soil,Agriculture,415.5,415.1,415.9
2002,Soil,Barren,0,0,0
2002,Soil,Developed,1.6,1.5,1.9
2002,Soil,Forest,1523.9,1523.7,1524.1
2002,Soil,Grassland,355.8,355.6,356.1
2002,Soil,Shrubland,344.6,344.5,344.8
2002,Soil,SnowIce,0,0,0
2002,Soil,Water,0,0,0
2002,Soil,Wetland,0.1,0,0.3
2003,DOM,Agriculture,12.6,12.6,12.6
2003,DOM,Barren,0,0,0
2003,DOM,Developed,0,0,0
2003,DOM,Forest,317.2,317,317.6
2003,DOM,Grassland,11.8,11.8,11.8
2003,DOM,Shrubland,27.1,27.1,27.2
2003,DOM,SnowIce,0,0,0
2003,DOM,Water,0,0,0
2003,DOM,Wetland,0,0,0
2003,Live,Agriculture,36.7,36.6,36.8
2003,Live,Barren,0,0,0
2003,Live,Developed,0.1,0.1,0.1
2003,Live,Forest,1624.2,1623.3,1625
2003,Live,Grassland,12.3,12.3,12.3
2003,Live,Shrubland,110,109.9,110.1
2003,Live,SnowIce,0,0,0
2003,Live,Water,0,0,0
2003,Live,Wetland,0,0,0
2003,Soil,Agriculture,413.1,412.7,413.6
2003,Soil,Barren,0,0,0
2003,Soil,Developed,2.6,2.3,2.8
2003,Soil,Forest,1522.6,1522.4,1522.9
2003,Soil,Grassland,354.8,354.4,355.2
2003,Soil,Shrubland,344.3,344.1,344.5
2003,Soil,SnowIce,0,0,0
2003,Soil,Water,0,0,0
2003,Soil,Wetland,0.2,0.1,0.4
2004,DOM,Agriculture,12.6,12.6,12.6
2004,DOM,Barren,0,0,0
2004,DOM,Developed,0,0,0
2004,DOM,Forest,321.6,321.3,321.9
2004,DOM,Grassland,12,12,12
2004,DOM,Shrubland,27,27,27.1
2004,DOM,SnowIce,0,0,0
2004,DOM,Water,0,0,0
2004,DOM,Wetland,0,0,0
2004,Live,Agriculture,41.6,41.5,41.7
2004,Live,Barren,0,0,0
2004,Live,Developed,0.1,0.1,0.1
2004,Live,Forest,1622.2,1621.2,1623.3
2004,Live,Grassland,13.7,13.7,13.7
2004,Live,Shrubland,113.5,113.4,113.6
2004,Live,SnowIce,0,0,0
2004,Live,Water,0,0,0
2004,Live,Wetland,0,0,0
2004,Soil,Agriculture,410.7,410.1,411.2
2004,Soil,Barren,0,0,0
2004,Soil,Developed,3.5,3.2,3.8
2004,Soil,Forest,1520.5,1520.2,1520.8
2004,Soil,Grassland,353.7,353.3,354.1
2004,Soil,Shrubland,343.8,343.6,344
2004,Soil,SnowIce,0,0,0
2004,Soil,Water,0,0,0
2004,Soil,Wetland,0.3,0.2,0.6
2005,DOM,Agriculture,13.5,13.5,13.5
2005,DOM,Barren,0,0,0
2005,DOM,Developed,0,0,0
2005,DOM,Forest,325.5,325.2,325.9
2005,DOM,Grassland,12.9,12.8,12.9
2005,DOM,Shrubland,27.6,27.6,27.6
2005,DOM,SnowIce,0,0,0
2005,DOM,Water,0,0,0
2005,DOM,Wetland,0,0,0
2005,Live,Agriculture,49.9,49.8,50
2005,Live,Barren,0,0,0
2005,Live,Developed,0.1,0.1,0.1
2005,Live,Forest,1641.4,1640.1,1642.7
2005,Live,Grassland,16.7,16.7,16.7
2005,Live,Shrubland,119.5,119.4,119.6
2005,Live,SnowIce,0,0,0
2005,Live,Water,0,0,0
2005,Live,Wetland,0,0,0
2005,Soil,Agriculture,408.3,407.7,409
2005,Soil,Barren,0,0,0
2005,Soil,Developed,4.4,4.1,4.7
2005,Soil,Forest,1518.5,1518.2,1518.9
2005,Soil,Grassland,353.1,352.6,353.5
2005,Soil,Shrubland,343.4,343.2,343.7
2005,Soil,SnowIce,0,0,0
2005,Soil,Water,0,0,0
2005,Soil,Wetland,0.5,0.3,0.8
2006,DOM,Agriculture,15.5,15.4,15.5
2006,DOM,Barren,0,0,0
2006,DOM,Developed,0,0,0
2006,DOM,Forest,327.4,327,327.8
2006,DOM,Grassland,14.8,14.8,14.8
2006,DOM,Shrubland,28.6,28.6,28.7
2006,DOM,SnowIce,0,0,0
2006,DOM,Water,0,0,0
2006,DOM,Wetland,0,0,0
2006,Live,Agriculture,51.4,51.2,51.5
2006,Live,Barren,0,0,0
2006,Live,Developed,0.1,0.1,0.2
2006,Live,Forest,1644.8,1643.4,1646.1
2006,Live,Grassland,14.1,14.1,14.1
2006,Live,Shrubland,116.1,116,116.2
2006,Live,SnowIce,0,0,0
2006,Live,Water,0,0,0
2006,Live,Wetland,0,0,0
2006,Soil,Agriculture,407.1,406.3,407.8
2006,Soil,Barren,0,0,0
2006,Soil,Developed,5.3,4.9,5.7
2006,Soil,Forest,1517.3,1517,1517.7
2006,Soil,Grassland,353.4,352.9,353.9
2006,Soil,Shrubland,343.3,343,343.6
2006,Soil,SnowIce,0,0,0
2006,Soil,Water,0,0,0
2006,Soil,Wetland,0.7,0.5,1
2007,DOM,Agriculture,15.9,15.8,15.9
2007,DOM,Barren,0,0,0
2007,DOM,Developed,0,0,0
2007,DOM,Forest,328.6,328.2,329
2007,DOM,Grassland,14.6,14.5,14.6
2007,DOM,Shrubland,28.8,28.8,28.9
2007,DOM,SnowIce,0,0,0
2007,DOM,Water,0,0,0
2007,DOM,Wetland,0,0,0
2007,Live,Agriculture,41.4,41.2,41.5
2007,Live,Barren,0,0,0
2007,Live,Developed,0.2,0.1,0.2
2007,Live,Forest,1616.7,1615.2,1618.1
2007,Live,Grassland,7.7,7.7,7.8
2007,Live,Shrubland,109.5,109.3,109.6
2007,Live,SnowIce,0,0,0
2007,Live,Water,0,0,0
2007,Live,Wetland,0,0,0.1
2007,Soil,Agriculture,405.7,404.9,406.5
2007,Soil,Barren,0,0,0
2007,Soil,Developed,6,5.6,6.3
2007,Soil,Forest,1516.6,1516.3,1517.1
2007,Soil,Grassland,354.2,353.6,354.8
2007,Soil,Shrubland,343.2,342.9,343.5
2007,Soil,SnowIce,0,0,0
2007,Soil,Water,0,0,0
2007,Soil,Wetland,1,0.7,1.3
2008,DOM,Agriculture,13.4,13.4,13.4
2008,DOM,Barren,0,0,0
2008,DOM,Developed,0,0,0
2008,DOM,Forest,329.3,328.8,329.8
2008,DOM,Grassland,11.2,11.2,11.3
2008,DOM,Shrubland,28.3,28.2,28.4
2008,DOM,SnowIce,0,0,0
2008,DOM,Water,0,0,0
2008,DOM,Wetland,0,0,0
2008,Live,Agriculture,43.7,43.5,43.8
2008,Live,Barren,0,0,0
2008,Live,Developed,0.2,0.1,0.2
2008,Live,Forest,1592.6,1590.8,1594.3
2008,Live,Grassland,11.4,11.4,11.4
2008,Live,Shrubland,108.5,108.4,108.6
2008,Live,SnowIce,0,0,0
2008,Live,Water,0,0,0
2008,Live,Wetland,0.1,0,0.1
2008,Soil,Agriculture,402.9,402,403.7
2008,Soil,Barren,0,0,0
2008,Soil,Developed,6.6,6.2,7.1
2008,Soil,Forest,1515.9,1515.4,1516.3
2008,Soil,Grassland,353.3,352.6,353.9
2008,Soil,Shrubland,342.9,342.6,343.3
2008,Soil,SnowIce,0,0,0
2008,Soil,Water,0,0,0
2008,Soil,Wetland,1.2,0.9,1.6
2009,DOM,Agriculture,12.7,12.7,12.8
2009,DOM,Barren,0,0,0
2009,DOM,Developed,0,0,0
2009,DOM,Forest,330.8,330.3,331.4
2009,DOM,Grassland,11.4,11.4,11.5
2009,DOM,Shrubland,28,28,28.1
2009,DOM,SnowIce,0,0,0
2009,DOM,Water,0,0,0
2009,DOM,Wetland,0,0,0
2009,Live,Agriculture,45.2,44.9,45.6
2009,Live,Barren,0,0,0
2009,Live,Developed,0.2,0.2,0.2
2009,Live,Forest,1579.7,1577.8,1581.7
2009,Live,Grassland,10.9,10.9,10.9
2009,Live,Shrubland,105.1,104.9,105.2
2009,Live,SnowIce,0,0,0
2009,Live,Water,0,0,0
2009,Live,Wetland,0.1,0,0.1
2009,Soil,Agriculture,400,399,400.9
2009,Soil,Barren,0,0,0
2009,Soil,Developed,7.1,6.7,7.5
2009,Soil,Forest,1514.5,1514,1514.9
2009,Soil,Grassland,352.4,351.7,353
2009,Soil,Shrubland,342.7,342.4,343
2009,Soil,SnowIce,0,0,0
2009,Soil,Water,0,0,0
2009,Soil,Wetland,1.4,1,1.8
2010,DOM,Agriculture,13.2,13.1,13.2
2010,DOM,Barren,0,0,0
2010,DOM,Developed,0,0,0
2010,DOM,Forest,336.1,335.5,336.6
2010,DOM,Grassland,11.9,11.9,11.9
2010,DOM,Shrubland,28.1,28.1,28.1
2010,DOM,SnowIce,0,0,0
2010,DOM,Water,0,0,0
2010,DOM,Wetland,0,0,0
2010,Live,Agriculture,63,62.4,63.5
2010,Live,Barren,0,0,0
2010,Live,Developed,0.2,0.2,0.2
2010,Live,Forest,1603.7,1601.6,1605.8
2010,Live,Grassland,19.1,19.1,19.1
2010,Live,Shrubland,113.6,113.4,113.7
2010,Live,SnowIce,0,0,0
2010,Live,Water,0,0,0
2010,Live,Wetland,0.1,0.1,0.1
2010,Soil,Agriculture,397.2,396.3,398.3
2010,Soil,Barren,0,0,0
2010,Soil,Developed,7.5,7.1,7.9
2010,Soil,Forest,1513.4,1513,1513.9
2010,Soil,Grassland,351.4,350.7,352.2
2010,Soil,Shrubland,342.3,342,342.7
2010,Soil,SnowIce,0,0,0
2010,Soil,Water,0,0,0
2010,Soil,Wetland,1.5,1.1,1.9
2011,DOM,Agriculture,17.5,17.4,17.6
2011,DOM,Barren,0,0,0
2011,DOM,Developed,0,0,0
2011,DOM,Forest,339.2,338.7,339.7
2011,DOM,Grassland,16.5,16.4,16.5
2011,DOM,Shrubland,29.2,29.1,29.2
2011,DOM,SnowIce,0,0,0
2011,DOM,Water,0,0,0
2011,DOM,Wetland,0,0,0.1
2011,Live,Agriculture,57.6,57,58.3
2011,Live,Barren,0,0,0
2011,Live,Developed,0.2,0.2,0.2
2011,Live,Forest,1599.7,1597.7,1602
2011,Live,Grassland,12.3,12.3,12.4
2011,Live,Shrubland,111,110.9,111.1
2011,Live,SnowIce,0,0,0
2011,Live,Water,0,0,0
2011,Live,Wetland,0.1,0.1,0.1
2011,Soil,Agriculture,396.8,395.7,397.9
2011,Soil,Barren,0,0,0
2011,Soil,Developed,7.8,7.4,8.3
2011,Soil,Forest,1513.8,1513.3,1514.3
2011,Soil,Grassland,352.7,351.9,353.4
2011,Soil,Shrubland,342.2,341.8,342.5
2011,Soil,SnowIce,0,0,0
2011,Soil,Water,0,0,0
2011,Soil,Wetland,1.6,1.2,2
2012,DOM,Agriculture,16.2,16.1,16.3
2012,DOM,Barren,0,0,0
2012,DOM,Developed,0,0,0
2012,DOM,Forest,334.7,334.2,335.2
2012,DOM,Grassland,14.2,14.2,14.2
2012,DOM,Shrubland,28.2,28.1,28.2
2012,DOM,SnowIce,0,0,0
2012,DOM,Water,0,0,0
2012,DOM,Wetland,0,0,0.1
2012,Live,Agriculture,58.4,57.6,59.2
2012,Live,Barren,0,0,0
2012,Live,Developed,0.2,0.2,0.2
2012,Live,Forest,1601.3,1599.2,1603.6
2012,Live,Grassland,12.8,12.7,12.8
2012,Live,Shrubland,109.2,109.1,109.3
2012,Live,SnowIce,0,0,0
2012,Live,Water,0,0,0
2012,Live,Wetland,0.1,0.1,0.1
2012,Soil,Agriculture,396.4,395.3,397.6
2012,Soil,Barren,0,0,0
2012,Soil,Developed,8.2,7.7,8.6
2012,Soil,Forest,1515,1514.5,1515.5
2012,Soil,Grassland,353.4,352.7,354.2
2012,Soil,Shrubland,342.1,341.8,342.5
2012,Soil,SnowIce,0,0,0
2012,Soil,Water,0,0,0
2012,Soil,Wetland,1.7,1.3,2.2
2013,DOM,Agriculture,15.7,15.6,15.8
2013,DOM,Barren,0,0,0
2013,DOM,Developed,0,0,0
2013,DOM,Forest,330.9,329.8,331.9
2013,DOM,Grassland,13.3,13.2,13.3
2013,DOM,Shrubland,27.7,27.6,27.7
2013,DOM,SnowIce,0,0,0
2013,DOM,Water,0,0,0
2013,DOM,Wetland,0,0,0.1
2013,Live,Agriculture,44,43,44.8
2013,Live,Barren,0,0,0
2013,Live,Developed,0.2,0.2,0.3
2013,Live,Forest,1547.4,1543.4,1551.5
2013,Live,Grassland,4.4,4.4,4.5
2013,Live,Shrubland,102.5,102.3,102.6
2013,Live,SnowIce,0,0,0
2013,Live,Water,0,0,0
2013,Live,Wetland,0.1,0.1,0.1
2013,Soil,Agriculture,395.8,394.4,397.2
2013,Soil,Barren,0,0,0
2013,Soil,Developed,9,8.4,9.6
2013,Soil,Forest,1514.8,1514.2,1515.4
2013,Soil,Grassland,353.1,351.9,354.1
2013,Soil,Shrubland,341.7,341.3,342.3
2013,Soil,SnowIce,0,0,0
2013,Soil,Water,0,0,0
2013,Soil,Wetland,1.8,1.4,2.3
2014,DOM,Agriculture,11,10.9,11.2
2014,DOM,Barren,0,0,0
2014,DOM,Developed,0,0,0
2014,DOM,Forest,320.5,319,321.9
2014,DOM,Grassland,8,7.9,8
2014,DOM,Shrubland,25.5,25.4,25.5
2014,DOM,SnowIce,0,0,0
2014,DOM,Water,0,0,0
2014,DOM,Wetland,0.1,0,0.1
2014,Live,Agriculture,51,50,52
2014,Live,Barren,0,0,0
2014,Live,Developed,0.3,0.2,0.3
2014,Live,Forest,1542,1536.4,1548.2
2014,Live,Grassland,11.6,11.6,11.7
2014,Live,Shrubland,100.9,100.7,101
2014,Live,SnowIce,0,0,0
2014,Live,Water,0,0,0
2014,Live,Wetland,0.1,0.1,0.1
2014,Soil,Agriculture,393.1,391.3,394.8
2014,Soil,Barren,0,0,0
2014,Soil,Developed,9.8,9.1,10.6
2014,Soil,Forest,1513.2,1512.5,1513.9
2014,Soil,Grassland,350,348.6,351.3
2014,Soil,Shrubland,341.1,340.5,341.7
2014,Soil,SnowIce,0,0,0
2014,Soil,Water,0,0,0
2014,Soil,Wetland,1.9,1.5,2.4
2015,DOM,Agriculture,11.3,11.1,11.4
2015,DOM,Barren,0,0,0
2015,DOM,Developed,0,0,0
2015,DOM,Forest,332,330.2,333.7
2015,DOM,Grassland,9.1,9,9.1
2015,DOM,Shrubland,24.5,24.5,24.6
2015,DOM,SnowIce,0,0,0
2015,DOM,Water,0,0,0
2015,DOM,Wetland,0.1,0,0.1
2015,Live,Agriculture,46.8,45.8,47.8
2015,Live,Barren,0,0,0
2015,Live,Developed,0.3,0.2,0.3
2015,Live,Forest,1504.7,1497.5,1512.6
2015,Live,Grassland,8.2,8.2,8.3
2015,Live,Shrubland,98.9,98.7,99.1
2015,Live,SnowIce,0,0,0
2015,Live,Water,0,0,0
2015,Live,Wetland,0.1,0.1,0.1
2015,Soil,Agriculture,390.2,388.1,392.3
2015,Soil,Barren,0,0,0
2015,Soil,Developed,10.7,9.7,11.5
2015,Soil,Forest,1509,1508.3,1509.8
2015,Soil,Grassland,347.7,346,349.3
2015,Soil,Shrubland,340,339.4,340.8
2015,Soil,SnowIce,0,0,0
2015,Soil,Water,0,0,0
2015,Soil,Wetland,2,1.6,2.5
2016,DOM,Agriculture,10.7,10.3,11.3
2016,DOM,Barren,0,0,0
2016,DOM,Developed,0,0,0
2016,DOM,Forest,368.4,365.3,372
2016,DOM,Grassland,8.9,8.6,9.2
2016,DOM,Shrubland,24.7,24.4,25.1
2016,DOM,SnowIce,0,0,0
2016,DOM,Water,0,0,0
2016,DOM,Wetland,0.1,0,0.1
2016,Live,Agriculture,56.1,44.6,64.1
2016,Live,Barren,0,0,0
2016,Live,Developed,0.3,0.3,0.3
2016,Live,Forest,1481,1451.7,1504.5
2016,Live,Grassland,14,8.3,17.9
2016,Live,Shrubland,100.9,95,108
2016,Live,SnowIce,0,0,0
2016,Live,Water,0,0,0
2016,Live,Wetland,0.1,0.1,0.1
2016,Soil,Agriculture,386.9,384.6,389.4
2016,Soil,Barren,0,0,0
2016,Soil,Developed,11.5,10.4,12.5
2016,Soil,Forest,1504.4,1503.6,1505.3
2016,Soil,Grassland,345,343,346.9
2016,Soil,Shrubland,338.8,338.1,339.8
2016,Soil,SnowIce,0,0,0
2016,Soil,Water,0,0,0
2016,Soil,Wetland,2.1,1.6,2.7
2017,DOM,Agriculture,12,9.9,13.4
2017,DOM,Barren,0,0,0
2017,DOM,Developed,0,0,0
2017,DOM,Forest,377.4,367.5,408.6
2017,DOM,Grassland,11.2,8.6,13
2017,DOM,Shrubland,24.7,24,25.4
2017,DOM,SnowIce,0,0,0
2017,DOM,Water,0,0,0
2017,DOM,Wetland,0.1,0,0.1
2017,Live,Agriculture,51.5,42.2,62.3
2017,Live,Barren,0,0,0
2017,Live,Developed,0.3,0.3,0.4
2017,Live,Forest,1459.5,1419.1,1488.7
2017,Live,Grassland,10,5.8,15.4
2017,Live,Shrubland,100.1,91.7,106.9
2017,Live,SnowIce,0,0,0
2017,Live,Water,0,0,0
2017,Live,Wetland,0.1,0.1,0.1
2017,Soil,Agriculture,384.7,381.5,388.1
2017,Soil,Barren,0,0,0
2017,Soil,Developed,12.3,11,13.3
2017,Soil,Forest,1502.1,1500.9,1503.3
2017,Soil,Grassland,343.8,340.5,346.4
2017,Soil,Shrubland,337.8,336.9,338.9
2017,Soil,SnowIce,0,0,0
2017,Soil,Water,0,0,0
2017,Soil,Wetland,2.2,1.7,2.8
2018,DOM,Agriculture,11.8,9.2,14.5
2018,DOM,Barren,0,0,0
2018,DOM,Developed,0,0,0
2018,DOM,Forest,382.7,368.8,422.5
2018,DOM,Grassland,10.6,8.2,13.8
2018,DOM,Shrubland,24.8,23.3,26
2018,DOM,SnowIce,0,0,0
2018,DOM,Water,0,0,0
2018,DOM,Wetland,0.1,0,0.1
2018,Live,Agriculture,54.3,47.7,69.9
2018,Live,Barren,0,0,0
2018,Live,Developed,0.3,0.3,0.4
2018,Live,Forest,1454.8,1423,1486.3
2018,Live,Grassland,12.5,8.9,17.5
2018,Live,Shrubland,102.2,95,112.4
2018,Live,SnowIce,0,0,0
2018,Live,Water,0,0,0
2018,Live,Wetland,0.1,0.1,0.1
2018,Soil,Agriculture,382.2,377.8,386.6
2018,Soil,Barren,0,0,0
2018,Soil,Developed,13.1,11.7,14.3
2018,Soil,Forest,1500.5,1498.9,1502.3
2018,Soil,Grassland,342.1,337.7,345.9
2018,Soil,Shrubland,336.7,335.6,338.1
2018,Soil,SnowIce,0,0,0
2018,Soil,Water,0,0,0
2018,Soil,Wetland,2.3,1.8,3
2019,DOM,Agriculture,12.3,10.6,16.2
2019,DOM,Barren,0,0,0
2019,DOM,Developed,0,0,0
2019,DOM,Forest,396.1,368.4,489.5
2019,DOM,Grassland,11.7,9.7,15.9
2019,DOM,Shrubland,25.1,23.1,27
2019,DOM,SnowIce,0,0,0
2019,DOM,Water,0,0,0
2019,DOM,Wetland,0.1,0,0.1
2019,Live,Agriculture,59.8,45.1,74
2019,Live,Barren,0,0,0
2019,Live,Developed,0.4,0.3,0.4
2019,Live,Forest,1451.3,1347.6,1494.1
2019,Live,Grassland,14.6,7.9,17.7
2019,Live,Shrubland,104.9,98.9,113.7
2019,Live,SnowIce,0,0,0
2019,Live,Water,0,0,0
2019,Live,Wetland,0.1,0.1,0.1
2019,Soil,Agriculture,380.1,375.1,386.8
2019,Soil,Barren,0,0,0
2019,Soil,Developed,14,12.6,15.2
2019,Soil,Forest,1499.6,1497.3,1502.7
2019,Soil,Grassland,341,336.2,347
2019,Soil,Shrubland,335.8,334.3,337.6
2019,Soil,SnowIce,0,0,0
2019,Soil,Water,0,0,0
2019,Soil,Wetland,2.4,1.9,3.1
2020,DOM,Agriculture,13.4,10.4,18
2020,DOM,Barren,0,0,0
2020,DOM,Developed,0,0,0
2020,DOM,Forest,419,367.7,677.3
2020,DOM,Grassland,13,9.5,17.2
2020,DOM,Shrubland,25.4,23.1,28.1
2020,DOM,SnowIce,0,0,0
2020,DOM,Water,0,0,0
2020,DOM,Wetland,0.1,0.1,0.1
2020,Live,Agriculture,60.1,42,76.1
2020,Live,Barren,0,0,0
2020,Live,Developed,0.4,0.3,0.5
2020,Live,Forest,1428.8,1133.4,1501.4
2020,Live,Grassland,13.6,7.5,21.6
2020,Live,Shrubland,106.9,94,118.4
2020,Live,SnowIce,0,0,0
2020,Live,Water,0,0,0
2020,Live,Wetland,0.1,0.1,0.1
2020,Soil,Agriculture,378.8,373.9,387.7
2020,Soil,Barren,0,0,0
2020,Soil,Developed,14.8,13.2,16.2
2020,Soil,Forest,1499.2,1495.9,1503.8
2020,Soil,Grassland,340.7,335.6,348.4
2020,Soil,Shrubland,335,333,337.2
2020,Soil,SnowIce,0,0,0
2020,Soil,Water,0,0,0
2020,Soil,Wetland,2.5,1.9,3.2
2021,DOM,Agriculture,14,9.7,18.7
2021,DOM,Barren,0,0,0
2021,DOM,Developed,0,0,0
2021,DOM,Forest,438.3,366.6,729.7
2021,DOM,Grassland,13.5,8.5,18
2021,DOM,Shrubland,26.2,22.8,29.5
2021,DOM,SnowIce,0,0,0
2021,DOM,Water,0,0,0
2021,DOM,Wetland,0.1,0.1,0.1
2021,Live,Agriculture,59,52.4,65.7
2021,Live,Barren,0,0,0
2021,Live,Developed,0.4,0.3,0.5
2021,Live,Forest,1410.4,1070.7,1504
2021,Live,Grassland,12.6,8.7,15.5
2021,Live,Shrubland,106.2,95.9,114.4
2021,Live,SnowIce,0,0,0
2021,Live,Water,0,0,0
2021,Live,Wetland,0.1,0.1,0.2
2021,Soil,Agriculture,377.9,371.8,388.9
2021,Soil,Barren,0,0,0
2021,Soil,Developed,15.7,13.9,17.2
2021,Soil,Forest,1499.1,1494.7,1505.8
2021,Soil,Grassland,340.6,333.3,350
2021,Soil,Shrubland,334.3,331.9,337.1
2021,Soil,SnowIce,0,0,0
2021,Soil,Water,0,0,0
2021,Soil,Wetland,2.6,2,3.3
2022,DOM,Agriculture,13.6,11,16.3
2022,DOM,Barren,0,0,0
2022,DOM,Developed,0,0,0
2022,DOM,Forest,449.9,365,733.3
2022,DOM,Grassland,12.8,10.9,15.4
2022,DOM,Shrubland,26.1,23.8,29.3
2022,DOM,SnowIce,0,0,0
2022,DOM,Water,0,0,0
2022,DOM,Wetland,0.1,0.1,0.1
2022,Live,Agriculture,58,45.9,71.8
2022,Live,Barren,0,0,0
2022,Live,Developed,0.4,0.4,0.5
2022,Live,Forest,1394.8,1083,1506.6
2022,Live,Grassland,12.3,6,20.9
2022,Live,Shrubland,106.3,96,114.3
2022,Live,SnowIce,0,0,0
2022,Live,Water,0,0,0
2022,Live,Wetland,0.1,0.1,0.2
2022,Soil,Agriculture,376.8,369.6,388.8
2022,Soil,Barren,0,0,0
2022,Soil,Developed,16.6,14.6,18.3
2022,Soil,Forest,1499.7,1493.4,1508.8
2022,Soil,Grassland,340.3,332.1,350.1
2022,Soil,Shrubland,333.7,330.7,337.3
2022,Soil,SnowIce,0,0,0
2022,Soil,Water,0,0,0
2022,Soil,Wetland,2.7,2.1,3.4
2023,DOM,Agriculture,13,9.9,16.2
2023,DOM,Barren,0,0,0
2023,DOM,Developed,0,0,0
2023,DOM,Forest,476.4,365.1,737.4
2023,DOM,Grassland,12.4,8.6,16.9
2023,DOM,Shrubland,26.1,23.8,28.7
2023,DOM,SnowIce,0,0,0
2023,DOM,Water,0,0,0
2023,DOM,Wetland,0.1,0.1,0.1
2023,Live,Agriculture,58,47.8,70
2023,Live,Barren,0,0,0
2023,Live,Developed,0.5,0.4,0.5
2023,Live,Forest,1362.3,1050.5,1489.8
2023,Live,Grassland,12.2,8.5,16.1
2023,Live,Shrubland,106,95.1,114.9
2023,Live,SnowIce,0,0,0
2023,Live,Water,0,0,0
2023,Live,Wetland,0.1,0.1,0.2
2023,Soil,Agriculture,375.5,367.7,387.6
2023,Soil,Barren,0,0,0
2023,Soil,Developed,17.4,15.3,19.3
2023,Soil,Forest,1500.3,1492.1,1512.1
2023,Soil,Grassland,339.7,330.8,349.4
2023,Soil,Shrubland,333.2,329.8,337.4
2023,Soil,SnowIce,0,0,0
2023,Soil,Water,0,0,0
2023,Soil,Wetland,2.8,2.1,3.5
2024,DOM,Agriculture,12.8,10.8,15.2
2024,DOM,Barren,0,0,0
2024,DOM,Developed,0,0,0
2024,DOM,Forest,499.6,367.3,735.4
2024,DOM,Grassland,12.1,10.1,14.1
2024,DOM,Shrubland,26.1,23.4,28.8
2024,DOM,SnowIce,0,0,0
2024,DOM,Water,0,0,0
2024,DOM,Wetland,0.1,0.1,0.1
2024,Live,Agriculture,63.6,50.7,79.5
2024,Live,Barren,0,0,0
2024,Live,Developed,0.5,0.4,0.6
2024,Live,Forest,1343.4,1030.6,1485.2
2024,Live,Grassland,15,9.3,21.8
2024,Live,Shrubland,108.1,96.7,121.7
2024,Live,SnowIce,0,0,0
2024,Live,Water,0,0,0
2024,Live,Wetland,0.1,0.1,0.2
2024,Soil,Agriculture,374,365.9,387.2
2024,Soil,Barren,0,0,0
2024,Soil,Developed,18.3,16,20.3
2024,Soil,Forest,1500.8,1490.5,1516.4
2024,Soil,Grassland,339,329.4,349.6
2024,Soil,Shrubland,332.6,328.9,337.5
2024,Soil,SnowIce,0,0,0
2024,Soil,Water,0,0,0
2024,Soil,Wetland,2.8,2.2,3.6
2025,DOM,Agriculture,13.5,10.8,17
2025,DOM,Barren,0,0,0
2025,DOM,Developed,0,0,0
2025,DOM,Forest,521,376.5,737.7
2025,DOM,Grassland,13.2,10.3,17.2
2025,DOM,Shrubland,26.1,23,29.6
2025,DOM,SnowIce,0,0,0
2025,DOM,Water,0,0,0
2025,DOM,Wetland,0.1,0.1,0.1
2025,Live,Agriculture,66.9,50,84.5
2025,Live,Barren,0,0,0
2025,Live,Developed,0.5,0.4,0.6
2025,Live,Forest,1328.3,1028.2,1469.9
2025,Live,Grassland,15.6,10.2,20
2025,Live,Shrubland,111.6,97.4,126.3
2025,Live,SnowIce,0,0,0
2025,Live,Water,0,0,0
2025,Live,Wetland,0.1,0.1,0.2
2025,Soil,Agriculture,373.2,364.1,387.1
2025,Soil,Barren,0,0,0
2025,Soil,Developed,19.1,16.8,21.4
2025,Soil,Forest,1501.4,1488.8,1520.5
2025,Soil,Grassland,339,328.1,350.3
2025,Soil,Shrubland,332.1,328,337.6
2025,Soil,SnowIce,0,0,0
2025,Soil,Water,0,0,0
2025,Soil,Wetland,2.9,2.3,3.8
2026,DOM,Agriculture,13.6,10.3,18.6
2026,DOM,Barren,0,0,0
2026,DOM,Developed,0,0,0
2026,DOM,Forest,526.4,386.9,735.5
2026,DOM,Grassland,13.6,9.8,18.4
2026,DOM,Shrubland,26.2,23,30.9
2026,DOM,SnowIce,0,0,0
2026,DOM,Water,0,0,0
2026,DOM,Wetland,0.1,0.1,0.1
2026,Live,Agriculture,68.1,56.3,76.3
2026,Live,Barren,0,0,0
2026,Live,Developed,0.5,0.4,0.6
2026,Live,Forest,1324.2,1033.6,1460.8
2026,Live,Grassland,15.2,13.3,18
2026,Live,Shrubland,114,105.4,126.3
2026,Live,SnowIce,0,0,0
2026,Live,Water,0,0,0
2026,Live,Wetland,0.2,0.1,0.2
2026,Soil,Agriculture,373,362.2,387.4
2026,Soil,Barren,0,0,0
2026,Soil,Developed,19.9,17.5,22.4
2026,Soil,Forest,1502.4,1487.2,1522.3
2026,Soil,Grassland,339.4,326.4,351.3
2026,Soil,Shrubland,331.6,327.1,338.1
2026,Soil,SnowIce,0,0,0
2026,Soil,Water,0,0,0
2026,Soil,Wetland,3,2.4,3.9
2027,DOM,Agriculture,14.5,11.6,17.3
2027,DOM,Barren,0,0,0
2027,DOM,Developed,0,0,0
2027,DOM,Forest,544.7,438.1,735.6
2027,DOM,Grassland,14.2,11.6,16.1
2027,DOM,Shrubland,27,23.8,31.4
2027,DOM,SnowIce,0,0,0
2027,DOM,Water,0,0,0
2027,DOM,Wetland,0.1,0.1,0.1
2027,Live,Agriculture,63.1,46.8,80.5
2027,Live,Barren,0,0,0
2027,Live,Developed,0.6,0.5,0.7
2027,Live,Forest,1296.6,1029.6,1452.1
2027,Live,Grassland,11.8,4.8,17.4
2027,Live,Shrubland,112.2,98,127.3
2027,Live,SnowIce,0,0,0
2027,Live,Water,0,0,0
2027,Live,Wetland,0.2,0.1,0.2
2027,Soil,Agriculture,372.6,360.3,387.8
2027,Soil,Barren,0,0,0
2027,Soil,Developed,20.8,18.1,23.5
2027,Soil,Forest,1503,1485.7,1523
2027,Soil,Grassland,339.8,325.6,352.1
2027,Soil,Shrubland,331.3,326,338.5
2027,Soil,SnowIce,0,0,0
2027,Soil,Water,0,0,0
2027,Soil,Wetland,3.1,2.4,4
2028,DOM,Agriculture,13.7,11.3,17.1
2028,DOM,Barren,0,0,0
2028,DOM,Developed,0,0,0
2028,DOM,Forest,553,442,729.5
2028,DOM,Grassland,12.8,9.8,16
2028,DOM,Shrubland,27.2,24.2,31.5
2028,DOM,SnowIce,0,0,0
2028,DOM,Water,0,0,0
2028,DOM,Wetland,0.1,0.1,0.1
2028,Live,Agriculture,61.7,48.6,81.5
2028,Live,Barren,0,0,0
2028,Live,Developed,0.6,0.5,0.7
2028,Live,Forest,1279.7,1014.8,1439.8
2028,Live,Grassland,11.7,9.5,18.1
2028,Live,Shrubland,110.4,95,129.8
2028,Live,SnowIce,0,0,0
2028,Live,Water,0,0,0
2028,Live,Wetland,0.2,0.1,0.2
2028,Soil,Agriculture,371.8,359.9,388.2
2028,Soil,Barren,0,0,0
2028,Soil,Developed,21.6,18.7,24.6
2028,Soil,Forest,1503.9,1484.9,1523.7
2028,Soil,Grassland,339.5,325.9,352.7
2028,Soil,Shrubland,331.1,325,339.2
2028,Soil,SnowIce,0,0,0
2028,Soil,Water,0,0,0
2028,Soil,Wetland,3.2,2.5,4.1
2029,DOM,Agriculture,13.1,10.8,17.9
2029,DOM,Barren,0,0,0
2029,DOM,Developed,0,0,0
2029,DOM,Forest,555.4,443,720.4
2029,DOM,Grassland,12,9.9,16.7
2029,DOM,Shrubland,27.2,24.1,32.2
2029,DOM,SnowIce,0,0,0
2029,DOM,Water,0,0,0
2029,DOM,Wetland,0.1,0.1,0.1
2029,Live,Agriculture,64.4,51.6,88.3
2029,Live,Barren,0,0,0
2029,Live,Developed,0.6,0.5,0.7
2029,Live,Forest,1273,996.5,1443.8
2029,Live,Grassland,13.6,8.5,19.8
2029,Live,Shrubland,110.7,97.9,132.8
2029,Live,SnowIce,0,0,0
2029,Live,Water,0,0,0
2029,Live,Wetland,0.2,0.1,0.2
2029,Soil,Agriculture,370.5,358,388.9
2029,Soil,Barren,0,0,0
2029,Soil,Developed,22.3,19.3,25.6
2029,Soil,Forest,1504.8,1485,1524.5
2029,Soil,Grassland,338.8,324.4,353.8
2029,Soil,Shrubland,330.9,324,340.1
2029,Soil,SnowIce,0,0,0
2029,Soil,Water,0,0,0
2029,Soil,Wetland,3.3,2.5,4.2
2030,DOM,Agriculture,12.9,9.7,17.9
2030,DOM,Barren,0,0,0
2030,DOM,Developed,0,0,0
2030,DOM,Forest,555.4,447.3,708
2030,DOM,Grassland,12.2,9.1,17.1
2030,DOM,Shrubland,26.8,23.9,32.2
2030,DOM,SnowIce,0,0,0
2030,DOM,Water,0,0,0
2030,DOM,Wetland,0.1,0.1,0.1
2030,Live,Agriculture,68.6,51.6,94.5
2030,Live,Barren,0,0,0
2030,Live,Developed,0.6,0.5,0.8
2030,Live,Forest,1274.3,999,1460.8
2030,Live,Grassland,14.6,8.2,20
2030,Live,Shrubland,113.1,99.5,136.3
2030,Live,SnowIce,0,0,0
2030,Live,Water,0,0,0
2030,Live,Wetland,0.2,0.1,0.2
2030,Soil,Agriculture,369.4,357.2,390.7
2030,Soil,Barren,0,0,0
2030,Soil,Developed,23.1,19.8,26.6
2030,Soil,Forest,1505.5,1484.2,1525.9
2030,Soil,Grassland,338.5,324.3,356.2
2030,Soil,Shrubland,330.7,323.1,341
2030,Soil,SnowIce,0,0,0
2030,Soil,Water,0,0,0
2030,Soil,Wetland,3.4,2.6,4.3
2031,DOM,Agriculture,13.4,8.6,18.9
2031,DOM,Barren,0,0,0
2031,DOM,Developed,0,0,0
2031,DOM,Forest,557.4,448.9,698.9
2031,DOM,Grassland,12.7,7.6,17.7
2031,DOM,Shrubland,26.7,23.7,32.9
2031,DOM,SnowIce,0,0,0
2031,DOM,Water,0,0,0
2031,DOM,Wetland,0.1,0.1,0.1
2031,Live,Agriculture,67.5,51.9,95.2
2031,Live,Barren,0,0,0
2031,Live,Developed,0.6,0.5,0.8
2031,Live,Forest,1267,991.2,1465.3
2031,Live,Grassland,13,9.7,18.7
2031,Live,Shrubland,113.1,100.3,138.1
2031,Live,SnowIce,0,0,0
2031,Live,Water,0,0,0
2031,Live,Wetland,0.2,0.1,0.2
2031,Soil,Agriculture,368.7,356.1,393
2031,Soil,Barren,0,0,0
2031,Soil,Developed,23.9,20.3,27.5
2031,Soil,Forest,1505.9,1484,1527
2031,Soil,Grassland,338.4,323.4,358.7
2031,Soil,Shrubland,330.4,322.2,342.1
2031,Soil,SnowIce,0,0,0
2031,Soil,Water,0,0,0
2031,Soil,Wetland,3.4,2.6,4.4
2032,DOM,Agriculture,13.5,9,20.6
2032,DOM,Barren,0,0,0
2032,DOM,Developed,0,0,0
2032,DOM,Forest,558.3,448.8,692.8
2032,DOM,Grassland,12.5,8.3,18.6
2032,DOM,Shrubland,27,23.8,34.6
2032,DOM,SnowIce,0,0,0
2032,DOM,Water,0,0,0
2032,DOM,Wetland,0.1,0.1,0.1
2032,Live,Agriculture,72.4,56.9,100.6
2032,Live,Barren,0,0,0
2032,Live,Developed,0.7,0.5,0.8
2032,Live,Forest,1271.2,997,1465.2
2032,Live,Grassland,15.3,7.8,19.6
2032,Live,Shrubland,114.7,100.7,139.1
2032,Live,SnowIce,0,0,0
2032,Live,Water,0,0,0
2032,Live,Wetland,0.2,0.1,0.2
2032,Soil,Agriculture,367.8,354.2,394.9
2032,Soil,Barren,0,0,0
2032,Soil,Developed,24.6,20.7,28.6
2032,Soil,Forest,1505.9,1484.2,1528.3
2032,Soil,Grassland,338,322.5,360.8
2032,Soil,Shrubland,330.2,321.2,343.2
2032,Soil,SnowIce,0,0,0
2032,Soil,Water,0,0,0
2032,Soil,Wetland,3.5,2.7,4.5
2033,DOM,Agriculture,14.2,11.4,19.6
2033,DOM,Barren,0,0,0
2033,DOM,Developed,0,0,0
2033,DOM,Forest,555.7,448.1,684.9
2033,DOM,Grassland,13.3,9.9,17.4
2033,DOM,Shrubland,27.2,24.8,33.8
2033,DOM,SnowIce,0,0,0
2033,DOM,Water,0,0,0
2033,DOM,Wetland,0.1,0.1,0.1
2033,Live,Agriculture,69.4,55.8,100.5
2033,Live,Barren,0,0,0
2033,Live,Developed,0.7,0.5,0.8
2033,Live,Forest,1267,1007.5,1463.5
2033,Live,Grassland,12.5,8.4,18.3
2033,Live,Shrubland,113.6,99.6,137.7
2033,Live,SnowIce,0,0,0
2033,Live,Water,0,0,0
2033,Live,Wetland,0.2,0.2,0.2
2033,Soil,Agriculture,367.5,353.4,398
2033,Soil,Barren,0,0,0
2033,Soil,Developed,25.4,21.2,29.6
2033,Soil,Forest,1506,1483.4,1531.4
2033,Soil,Grassland,338.3,322.4,363.5
2033,Soil,Shrubland,330.1,320.5,344.7
2033,Soil,SnowIce,0,0,0
2033,Soil,Water,0,0,0
2033,Soil,Wetland,3.6,2.7,4.6
2034,DOM,Agriculture,13.4,10.8,19.5
2034,DOM,Barren,0,0,0
2034,DOM,Developed,0,0,0
2034,DOM,Forest,550.8,444,674.6
2034,DOM,Grassland,12.1,9.5,16.6
2034,DOM,Shrubland,26.8,23.8,33.9
2034,DOM,SnowIce,0,0,0
2034,DOM,Water,0,0,0
2034,DOM,Wetland,0.1,0.1,0.1
2034,Live,Agriculture,67.2,54.3,83.8
2034,Live,Barren,0,0,0
2034,Live,Developed,0.7,0.5,0.9
2034,Live,Forest,1260.5,1012.2,1439.3
2034,Live,Grassland,11.6,8.7,15.5
2034,Live,Shrubland,111.9,96.8,131.7
2034,Live,SnowIce,0,0,0
2034,Live,Water,0,0,0
2034,Live,Wetland,0.2,0.2,0.3
2034,Soil,Agriculture,366.8,351.9,399.9
2034,Soil,Barren,0,0,0
2034,Soil,Developed,26.1,21.6,30.5
2034,Soil,Forest,1506,1483.3,1533.3
2034,Soil,Grassland,338,321.1,365.3
2034,Soil,Shrubland,329.9,319.8,346
2034,Soil,SnowIce,0,0,0
2034,Soil,Water,0,0,0
2034,Soil,Wetland,3.7,2.8,4.7
2035,DOM,Agriculture,12.7,11.1,16.6
2035,DOM,Barren,0,0,0
2035,DOM,Developed,0,0,0
2035,DOM,Forest,547,438,667.9
2035,DOM,Grassland,11.2,9.7,12.8
2035,DOM,Shrubland,26.6,23.9,33.9
2035,DOM,SnowIce,0,0,0
2035,DOM,Water,0,0,0
2035,DOM,Wetland,0.1,0.1,0.1
2035,Live,Agriculture,64.5,49.7,81.4
2035,Live,Barren,0,0,0
2035,Live,Developed,0.7,0.5,0.9
2035,Live,Forest,1251.9,1014.3,1427.6
2035,Live,Grassland,10.7,6.4,14
2035,Live,Shrubland,109.7,99.8,127
2035,Live,SnowIce,0,0,0
2035,Live,Water,0,0,0
2035,Live,Wetland,0.2,0.2,0.3
2035,Soil,Agriculture,365.6,350.2,399.6
2035,Soil,Barren,0,0,0
2035,Soil,Developed,26.8,22,31.5
2035,Soil,Forest,1505.5,1482,1534.9
2035,Soil,Grassland,337.1,319.3,364.5
2035,Soil,Shrubland,329.7,318.9,347.3
2035,Soil,SnowIce,0,0,0
2035,Soil,Water,0,0,0
2035,Soil,Wetland,3.8,2.8,4.8
2036,DOM,Agriculture,11.8,9.5,14.9
2036,DOM,Barren,0,0,0
2036,DOM,Developed,0,0,0
2036,DOM,Forest,541.7,436,662.4
2036,DOM,Grassland,10.3,8.1,11.6
2036,DOM,Shrubland,26.1,23.7,33.1
2036,DOM,SnowIce,0,0,0
2036,DOM,Water,0,0,0
2036,DOM,Wetland,0.1,0.1,0.1
2036,Live,Agriculture,70.1,59.7,87.1
2036,Live,Barren,0,0,0
2036,Live,Developed,0.7,0.6,0.9
2036,Live,Forest,1260,1022.7,1429
2036,Live,Grassland,14.2,8.9,18.5
2036,Live,Shrubland,111,102.7,126.2
2036,Live,SnowIce,0,0,0
2036,Live,Water,0,0,0
2036,Live,Wetland,0.2,0.2,0.3
2036,Soil,Agriculture,363.8,348.7,398.4
2036,Soil,Barren,0,0,0
2036,Soil,Developed,27.5,22.3,32.5
2036,Soil,Forest,1504.8,1480.8,1537
2036,Soil,Grassland,335.8,318.4,363.3
2036,Soil,Shrubland,329.4,318.2,348.2
2036,Soil,SnowIce,0,0,0
2036,Soil,Water,0,0,0
2036,Soil,Wetland,3.9,2.9,5
2037,DOM,Agriculture,12.6,10.4,15.5
2037,DOM,Barren,0,0,0
2037,DOM,Developed,0,0,0
2037,DOM,Forest,551.4,431.3,771.3
2037,DOM,Grassland,11.6,9.2,14.5
2037,DOM,Shrubland,26,23.9,32.3
2037,DOM,SnowIce,0,0,0
2037,DOM,Water,0,0,0
2037,DOM,Wetland,0.1,0.1,0.1
2037,Live,Agriculture,70,55.1,90.2
2037,Live,Barren,0,0,0
2037,Live,Developed,0.8,0.6,1
2037,Live,Forest,1247.5,937.9,1433.8
2037,Live,Grassland,12.9,6.2,20.7
2037,Live,Shrubland,111.7,102.2,125.6
2037,Live,SnowIce,0,0,0
2037,Live,Water,0,0,0
2037,Live,Wetland,0.2,0.2,0.3
2037,Soil,Agriculture,362.5,348.3,397.4
2037,Soil,Barren,0,0,0
2037,Soil,Developed,28.2,22.6,33.5
2037,Soil,Forest,1503.9,1479.8,1538.6
2037,Soil,Grassland,335.3,318.9,362.8
2037,Soil,Shrubland,329,317.5,349
2037,Soil,SnowIce,0,0,0
2037,Soil,Water,0,0,0
2037,Soil,Wetland,3.9,3,5.1
2038,DOM,Agriculture,12.8,9.9,16.8
2038,DOM,Barren,0,0,0
2038,DOM,Developed,0,0,0
2038,DOM,Forest,561.3,426.9,870.9
2038,DOM,Grassland,11.6,8.4,16.1
2038,DOM,Shrubland,26,23.1,32.2
2038,DOM,SnowIce,0,0,0
2038,DOM,Water,0,0,0
2038,DOM,Wetland,0.1,0.1,0.1
2038,Live,Agriculture,72,56.3,105.4
2038,Live,Barren,0,0,0
2038,Live,Developed,0.8,0.6,1
2038,Live,Forest,1237.5,835.5,1460.5
2038,Live,Grassland,13.6,8.9,24.7
2038,Live,Shrubland,112,98.9,135.8
2038,Live,SnowIce,0,0,0
2038,Live,Water,0,0,0
2038,Live,Wetland,0.2,0.2,0.3
2038,Soil,Agriculture,361.3,346.9,396
2038,Soil,Barren,0,0,0
2038,Soil,Developed,28.9,23,34.4
2038,Soil,Forest,1503.1,1479,1539.9
2038,Soil,Grassland,334.7,317.8,362
2038,Soil,Shrubland,328.7,317.2,349.7
2038,Soil,SnowIce,0,0,0
2038,Soil,Water,0,0,0
2038,Soil,Wetland,4,3,5.2
2039,DOM,Agriculture,12.9,10,19.2
2039,DOM,Barren,0,0,0
2039,DOM,Developed,0,0,0
2039,DOM,Forest,559.1,423.3,879.2
2039,DOM,Grassland,11.7,9.1,18.1
2039,DOM,Shrubland,25.9,22.7,33.2
2039,DOM,SnowIce,0,0,0
2039,DOM,Water,0,0,0
2039,DOM,Wetland,0.1,0.1,0.1
2039,Live,Agriculture,75.7,64.7,97.6
2039,Live,Barren,0,0,0
2039,Live,Developed,0.8,0.6,1
2039,Live,Forest,1244.4,823.7,1471.3
2039,Live,Grassland,15,10.7,19.6
2039,Live,Shrubland,115.1,106.3,136.7
2039,Live,SnowIce,0,0,0
2039,Live,Water,0,0,0
2039,Live,Wetland,0.2,0.2,0.3
2039,Soil,Agriculture,360.3,344.9,397.6
2039,Soil,Barren,0,0,0
2039,Soil,Developed,29.6,23.2,35.3
2039,Soil,Forest,1502.6,1477.9,1542
2039,Soil,Grassland,334.4,316.2,364.4
2039,Soil,Shrubland,328.4,317,350.7
2039,Soil,SnowIce,0,0,0
2039,Soil,Water,0,0,0
2039,Soil,Wetland,4.1,3.1,5.3
2040,DOM,Agriculture,13.8,10.4,18.5
2040,DOM,Barren,0,0,0
2040,DOM,Developed,0,0,0
2040,DOM,Forest,559.4,424.5,875.8
2040,DOM,Grassland,12.8,10,16.1
2040,DOM,Shrubland,26.5,22.4,33.5
2040,DOM,SnowIce,0,0,0
2040,DOM,Water,0,0,0
2040,DOM,Wetland,0.1,0.1,0.1
2040,Live,Agriculture,75.3,59.1,102.7
2040,Live,Barren,0,0,0
2040,Live,Developed,0.8,0.6,1
2040,Live,Forest,1243.4,826.7,1480.8
2040,Live,Grassland,13.3,6.1,20.3
2040,Live,Shrubland,114.5,103,138.4
2040,Live,SnowIce,0,0,0
2040,Live,Water,0,0,0
2040,Live,Wetland,0.2,0.2,0.3
2040,Soil,Agriculture,359.7,343.4,398.6
2040,Soil,Barren,0,0,0
2040,Soil,Developed,30.2,23.5,36.2
2040,Soil,Forest,1502.2,1475.8,1544.6
2040,Soil,Grassland,334.5,315.3,365.9
2040,Soil,Shrubland,328.1,316.9,351.9
2040,Soil,SnowIce,0,0,0
2040,Soil,Water,0,0,0
2040,Soil,Wetland,4.2,3.1,5.4
2041,DOM,Agriculture,13.7,11.2,20.5
2041,DOM,Barren,0,0,0
2041,DOM,Developed,0,0,0
2041,DOM,Forest,559.7,420.6,865.4
2041,DOM,Grassland,12.3,9.8,17.5
2041,DOM,Shrubland,26.4,22.7,34.9
2041,DOM,SnowIce,0,0,0
2041,DOM,Water,0,0,0
2041,DOM,Wetland,0.1,0.1,0.1
2041,Live,Agriculture,76.8,61.3,97.8
2041,Live,Barren,0,0,0
2041,Live,Developed,0.8,0.6,1.1
2041,Live,Forest,1247.5,828.4,1487
2041,Live,Grassland,14.3,8.4,19.9
2041,Live,Shrubland,115.1,103.7,133.2
2041,Live,SnowIce,0,0,0
2041,Live,Water,0,0,0
2041,Live,Wetland,0.2,0.2,0.3
2041,Soil,Agriculture,359.2,343.2,399.8
2041,Soil,Barren,0,0,0
2041,Soil,Developed,30.8,23.8,37.1
2041,Soil,Forest,1502.3,1474.8,1546.7
2041,Soil,Grassland,334.4,315.4,367.5
2041,Soil,Shrubland,328,317,353
2041,Soil,SnowIce,0,0,0
2041,Soil,Water,0,0,0
2041,Soil,Wetland,4.3,3.2,5.5
2042,DOM,Agriculture,13.7,10.6,18.4
2042,DOM,Barren,0,0,0
2042,DOM,Developed,0,0,0
2042,DOM,Forest,565.6,418.5,850.1
2042,DOM,Grassland,12.4,8.9,15.4
2042,DOM,Shrubland,26.5,23,33.9
2042,DOM,SnowIce,0,0,0
2042,DOM,Water,0,0,0
2042,DOM,Wetland,0.1,0.1,0.1
2042,Live,Agriculture,76.1,59,104.2
2042,Live,Barren,0,0,0
2042,Live,Developed,0.8,0.6,1.1
2042,Live,Forest,1240,827.1,1481.2
2042,Live,Grassland,13.3,8.5,19.3
2042,Live,Shrubland,115.9,101.3,137.5
2042,Live,SnowIce,0,0,0
2042,Live,Water,0,0,0
2042,Live,Wetland,0.2,0.2,0.3
2042,Soil,Agriculture,358.7,342.5,400.6
2042,Soil,Barren,0,0,0
2042,Soil,Developed,31.5,24,38
2042,Soil,Forest,1502.6,1473.8,1550
2042,Soil,Grassland,334.4,315.2,368.7
2042,Soil,Shrubland,327.8,316.8,354.5
2042,Soil,SnowIce,0,0,0
2042,Soil,Water,0,0,0
2042,Soil,Wetland,4.3,3.2,5.7
2043,DOM,Agriculture,13.2,10,17.9
2043,DOM,Barren,0,0,0
2043,DOM,Developed,0,0,0
2043,DOM,Forest,571.1,424.1,845.1
2043,DOM,Grassland,11.9,8.3,15.8
2043,DOM,Shrubland,26.5,23,33.3
2043,DOM,SnowIce,0,0,0
2043,DOM,Water,0,0,0
2043,DOM,Wetland,0.1,0.1,0.1
2043,Live,Agriculture,80.6,67.7,98.5
2043,Live,Barren,0,0,0
2043,Live,Developed,0.9,0.6,1.1
2043,Live,Forest,1242,846.1,1474.2
2043,Live,Grassland,15.8,9.4,21
2043,Live,Shrubland,119.2,109.6,136.9
2043,Live,SnowIce,0,0,0
2043,Live,Water,0,0,0
2043,Live,Wetland,0.2,0.2,0.3
2043,Soil,Agriculture,358,341.2,401.8
2043,Soil,Barren,0,0,0
2043,Soil,Developed,32.1,24.3,38.9
2043,Soil,Forest,1502.8,1473.1,1552.8
2043,Soil,Grassland,334.3,313.8,370.4
2043,Soil,Shrubland,327.7,316.5,355.5
2043,Soil,SnowIce,0,0,0
2043,Soil,Water,0,0,0
2043,Soil,Wetland,4.4,3.3,5.7
2044,DOM,Agriculture,13.9,10.7,17.5
2044,DOM,Barren,0,0,0
2044,DOM,Developed,0,0,0
2044,DOM,Forest,577.7,423.9,841.2
2044,DOM,Grassland,12.8,8.8,15.9
2044,DOM,Shrubland,26.9,23,33.8
2044,DOM,SnowIce,0,0,0
2044,DOM,Water,0,0,0
2044,DOM,Wetland,0.1,0.1,0.1
2044,Live,Agriculture,75,57.9,97.3
2044,Live,Barren,0,0,0
2044,Live,Developed,0.9,0.6,1.1
2044,Live,Forest,1227.3,841,1451
2044,Live,Grassland,11.6,6.5,16.1
2044,Live,Shrubland,117.2,104.9,136.3
2044,Live,SnowIce,0,0,0
2044,Live,Water,0,0,0
2044,Live,Wetland,0.2,0.2,0.3
2044,Soil,Agriculture,357.5,340.9,401.8
2044,Soil,Barren,0,0,0
2044,Soil,Developed,32.7,24.5,39.8
2044,Soil,Forest,1503.1,1472,1555.4
2044,Soil,Grassland,334.6,314.2,370.8
2044,Soil,Shrubland,327.7,316.1,356.5
2044,Soil,SnowIce,0,0,0
2044,Soil,Water,0,0,0
2044,Soil,Wetland,4.5,3.3,5.8
2045,DOM,Agriculture,13,10.2,17.6
2045,DOM,Barren,0,0,0
2045,DOM,Developed,0,0,0
2045,DOM,Forest,579.3,419.1,837.7
2045,DOM,Grassland,11.5,8.4,14.9
2045,DOM,Shrubland,27,23.2,34.4
2045,DOM,SnowIce,0,0,0
2045,DOM,Water,0,0,0
2045,DOM,Wetland,0.1,0.1,0.1
2045,Live,Agriculture,80.8,56.9,107.8
2045,Live,Barren,0,0,0
2045,Live,Developed,0.9,0.6,1.2
2045,Live,Forest,1231,854.1,1464.2
2045,Live,Grassland,15.2,8.9,20.4
2045,Live,Shrubland,118.6,102.1,140.3
2045,Live,SnowIce,0,0,0
2045,Live,Water,0,0,0
2045,Live,Wetland,0.3,0.2,0.3
2045,Soil,Agriculture,356.5,339,401.5
2045,Soil,Barren,0,0,0
2045,Soil,Developed,33.3,24.7,40.7
2045,Soil,Forest,1503.7,1471.3,1558.4
2045,Soil,Grassland,334.1,312.7,371.1
2045,Soil,Shrubland,327.7,315.7,357.5
2045,Soil,SnowIce,0,0,0
2045,Soil,Water,0,0,0
2045,Soil,Wetland,4.6,3.4,6
2046,DOM,Agriculture,13.4,8.8,19.5
2046,DOM,Barren,0,0,0
2046,DOM,Developed,0,0,0
2046,DOM,Forest,573.3,420.5,824.7
2046,DOM,Grassland,12.3,7.6,17.4
2046,DOM,Shrubland,26.9,22.3,34.9
2046,DOM,SnowIce,0,0,0
2046,DOM,Water,0,0,0
2046,DOM,Wetland,0.1,0.1,0.1
2046,Live,Agriculture,74.1,54.7,100
2046,Live,Barren,0,0,0
2046,Live,Developed,0.9,0.6,1.2
2046,Live,Forest,1225.2,853.6,1459.4
2046,Live,Grassland,10.7,5.4,17.7
2046,Live,Shrubland,115.5,99.9,138.5
2046,Live,SnowIce,0,0,0
2046,Live,Water,0,0,0
2046,Live,Wetland,0.3,0.2,0.3
2046,Soil,Agriculture,355.9,336.6,402.2
2046,Soil,Barren,0,0,0
2046,Soil,Developed,33.9,24.9,41.5
2046,Soil,Forest,1504.4,1470.2,1562.5
2046,Soil,Grassland,334.2,310.5,372.7
2046,Soil,Shrubland,327.8,315.1,358.7
2046,Soil,SnowIce,0,0,0
2046,Soil,Water,0,0,0
2046,Soil,Wetland,4.6,3.4,6
2047,DOM,Agriculture,12,9.1,17.2
2047,DOM,Barren,0,0,0
2047,DOM,Developed,0,0,0
2047,DOM,Forest,565.1,414.6,813.4
2047,DOM,Grassland,10.3,7,14.5
2047,DOM,Shrubland,26.2,22.3,33.8
2047,DOM,SnowIce,0,0,0
2047,DOM,Water,0,0,0
2047,DOM,Wetland,0.1,0.1,0.2
2047,Live,Agriculture,71.1,52.7,87.2
2047,Live,Barren,0,0,0
2047,Live,Developed,0.9,0.6,1.2
2047,Live,Forest,1219.6,856.3,1438.9
2047,Live,Grassland,10.8,7.3,16.5
2047,Live,Shrubland,114,97.8,131.3
2047,Live,SnowIce,0,0,0
2047,Live,Water,0,0,0
2047,Live,Wetland,0.3,0.2,0.3
2047,Soil,Agriculture,354.5,334,402.3
2047,Soil,Barren,0,0,0
2047,Soil,Developed,34.4,25,42.4
2047,Soil,Forest,1504.9,1469.8,1567.2
2047,Soil,Grassland,333.3,308.2,373.7
2047,Soil,Shrubland,327.7,314.2,360.2
2047,Soil,SnowIce,0,0,0
2047,Soil,Water,0,0,0
2047,Soil,Wetland,4.7,3.5,6.2
2048,DOM,Agriculture,11.3,8.7,14.4
2048,DOM,Barren,0,0,0
2048,DOM,Developed,0,0,0
2048,DOM,Forest,557.1,410.2,796.7
2048,DOM,Grassland,9.6,7,12.3
2048,DOM,Shrubland,26,21.8,32.6
2048,DOM,SnowIce,0,0,0
2048,DOM,Water,0,0,0
2048,DOM,Wetland,0.1,0.1,0.2
2048,Live,Agriculture,71.9,54.6,88.3
2048,Live,Barren,0,0,0
2048,Live,Developed,0.9,0.6,1.2
2048,Live,Forest,1221.9,863.6,1434
2048,Live,Grassland,12,10.2,16
2048,Live,Shrubland,112.8,98.9,127.5
2048,Live,SnowIce,0,0,0
2048,Live,Water,0,0,0
2048,Live,Wetland,0.3,0.2,0.3
2048,Soil,Agriculture,352.5,331.1,400
2048,Soil,Barren,0,0,0
2048,Soil,Developed,35,25.2,43.2
2048,Soil,Forest,1504.7,1468,1570
2048,Soil,Grassland,331.9,305.7,371.9
2048,Soil,Shrubland,327.5,313.1,360.9
2048,Soil,SnowIce,0,0,0
2048,Soil,Water,0,0,0
2048,Soil,Wetland,4.8,3.5,6.3
2049,DOM,Agriculture,11.4,9,14.4
2049,DOM,Barren,0,0,0
2049,DOM,Developed,0,0,0
2049,DOM,Forest,551,410.1,778
2049,DOM,Grassland,10,7.7,13.1
2049,DOM,Shrubland,25.7,21.4,31.9
2049,DOM,SnowIce,0,0,0
2049,DOM,Water,0,0,0
2049,DOM,Wetland,0.1,0.1,0.2
2049,Live,Agriculture,73.1,57.3,94.4
2049,Live,Barren,0,0,0
2049,Live,Developed,0.9,0.6,1.2
2049,Live,Forest,1224.2,865.8,1445.9
2049,Live,Grassland,12.3,7.1,19.9
2049,Live,Shrubland,113,97.8,132.7
2049,Live,SnowIce,0,0,0
2049,Live,Water,0,0,0
2049,Live,Wetland,0.3,0.2,0.3
2049,Soil,Agriculture,350.5,328.4,397.4
2049,Soil,Barren,0,0,0
2049,Soil,Developed,35.6,25.4,44
2049,Soil,Forest,1504.2,1465.2,1571.7
2049,Soil,Grassland,330.7,303.9,370.3
2049,Soil,Shrubland,327.3,312.2,361.5
2049,Soil,SnowIce,0,0,0
2049,Soil,Water,0,0,0
2049,Soil,Wetland,4.9,3.6,6.4
2050,DOM,Agriculture,11.4,8.3,14.7
2050,DOM,Barren,0,0,0
2050,DOM,Developed,0,0,0
2050,DOM,Forest,543.9,406.5,762
2050,DOM,Grassland,10.1,6.6,13.8
2050,DOM,Shrubland,25.4,20.9,31.6
2050,DOM,SnowIce,0,0,0
2050,DOM,Water,0,0,0
2050,DOM,Wetland,0.1,0.1,0.2
2050,Live,Agriculture,75.6,60.4,89.5
2050,Live,Barren,0,0,0
2050,Live,Developed,0.9,0.6,1.3
2050,Live,Forest,1228.8,891.3,1453
2050,Live,Grassland,13.7,7.8,20.2
2050,Live,Shrubland,113.6,97.8,125.7
2050,Live,SnowIce,0,0,0
2050,Live,Water,0,0,0
2050,Live,Wetland,0.3,0.2,0.3
2050,Soil,Agriculture,348.8,326.2,396.1
2050,Soil,Barren,0,0,0
2050,Soil,Developed,36.1,25.5,44.8
2050,Soil,Forest,1503.6,1462.2,1573.1
2050,Soil,Grassland,329.7,302.7,370.3
2050,Soil,Shrubland,326.9,311.2,362.1
2050,Soil,SnowIce,0,0,0
2050,Soil,Water,0,0,0
2050,Soil,Wetland,5,3.6,6.5
2051,DOM,Agriculture,11.7,9.8,15.2
2051,DOM,Barren,0,0,0
2051,DOM,Developed,0,0,0
2051,DOM,Forest,539.2,406.8,744.4
2051,DOM,Grassland,10.6,8.5,14.7
2051,DOM,Shrubland,25.2,21.1,31.2
2051,DOM,SnowIce,0,0,0
2051,DOM,Water,0,0,0
2051,DOM,Wetland,0.1,0.1,0.2
2051,Live,Agriculture,76.8,56.4,100.9
2051,Live,Barren,0,0,0
2051,Live,Developed,1,0.6,1.3
2051,Live,Forest,1235.1,913.6,1463
2051,Live,Grassland,13.6,9.3,21.4
2051,Live,Shrubland,114.3,97.1,131.9
2051,Live,SnowIce,0,0,0
2051,Live,Water,0,0,0
2051,Live,Wetland,0.3,0.2,0.4
2051,Soil,Agriculture,347.4,324.6,393.5
2051,Soil,Barren,0,0,0
2051,Soil,Developed,36.7,25.7,45.6
2051,Soil,Forest,1502.9,1459.5,1573.5
2051,Soil,Grassland,329.2,301.5,368.5
2051,Soil,Shrubland,326.6,310.1,362.4
2051,Soil,SnowIce,0,0,0
2051,Soil,Water,0,0,0
2051,Soil,Wetland,5,3.7,6.6
2052,DOM,Agriculture,12,9.7,15.9
2052,DOM,Barren,0,0,0
2052,DOM,Developed,0,0,0
2052,DOM,Forest,534.8,402.3,729.7
2052,DOM,Grassland,10.8,8.6,14.3
2052,DOM,Shrubland,25.2,20.5,30.7
2052,DOM,SnowIce,0,0,0
2052,DOM,Water,0,0,0
2052,DOM,Wetland,0.1,0.1,0.2
2052,Live,Agriculture,72.7,50.8,97.2
2052,Live,Barren,0,0,0
2052,Live,Developed,1,0.6,1.3
2052,Live,Forest,1227.6,907.8,1449.8
2052,Live,Grassland,11,6.9,18.2
2052,Live,Shrubland,112.2,93.7,129.9
2052,Live,SnowIce,0,0,0
2052,Live,Water,0,0,0
2052,Live,Wetland,0.3,0.2,0.4
2052,Soil,Agriculture,346.2,322.3,393.2
2052,Soil,Barren,0,0,0
2052,Soil,Developed,37.2,25.9,46.5
2052,Soil,Forest,1502.2,1457.1,1574.3
2052,Soil,Grassland,328.8,300,369.4
2052,Soil,Shrubland,326.3,309,362.8
2052,Soil,SnowIce,0,0,0
2052,Soil,Water,0,0,0
2052,Soil,Wetland,5.1,3.7,6.7
2053,DOM,Agriculture,11.3,7.7,16.3
2053,DOM,Barren,0,0,0
2053,DOM,Developed,0,0,0
2053,DOM,Forest,540.4,400.9,717.5
2053,DOM,Grassland,9.7,6.7,14.3
2053,DOM,Shrubland,24.8,20,31.3
2053,DOM,SnowIce,0,0,0
2053,DOM,Water,0,0,0
2053,DOM,Wetland,0.1,0.1,0.2
2053,Live,Agriculture,72.1,50.1,97.5
2053,Live,Barren,0,0,0
2053,Live,Developed,1,0.6,1.3
2053,Live,Forest,1213.3,926.7,1428.1
2053,Live,Grassland,11.6,7.2,17.6
2053,Live,Shrubland,111.6,92.1,128.7
2053,Live,SnowIce,0,0,0
2053,Live,Water,0,0,0
2053,Live,Wetland,0.3,0.2,0.4
2053,Soil,Agriculture,344.4,319.4,392.2
2053,Soil,Barren,0,0,0
2053,Soil,Developed,37.8,26,47.4
2053,Soil,Forest,1501.3,1453.6,1574.5
2053,Soil,Grassland,327.7,297.6,369.3
2053,Soil,Shrubland,325.9,307.8,363.2
2053,Soil,SnowIce,0,0,0
2053,Soil,Water,0,0,0
2053,Soil,Wetland,5.2,3.8,6.8
2054,DOM,Agriculture,10.8,8,14.9
2054,DOM,Barren,0,0,0
2054,DOM,Developed,0,0,0
2054,DOM,Forest,538.2,406.7,708.4
2054,DOM,Grassland,9.3,7,13.7
2054,DOM,Shrubland,24.3,19.9,30.3
2054,DOM,SnowIce,0,0,0
2054,DOM,Water,0,0,0
2054,DOM,Wetland,0.1,0.1,0.2
2054,Live,Agriculture,73.1,48.4,102.3
2054,Live,Barren,0,0,0
2054,Live,Developed,1,0.6,1.3
2054,Live,Forest,1211.6,941.8,1426.8
2054,Live,Grassland,12.1,6.5,19.1
2054,Live,Shrubland,110.2,90.5,131.2
2054,Live,SnowIce,0,0,0
2054,Live,Water,0,0,0
2054,Live,Wetland,0.3,0.2,0.4
2054,Soil,Agriculture,342.5,316.2,390.3
2054,Soil,Barren,0,0,0
2054,Soil,Developed,38.3,26.2,48.2
2054,Soil,Forest,1500.1,1449.8,1575.8
2054,Soil,Grassland,326.5,295.2,368.2
2054,Soil,Shrubland,325.4,306.4,363.3
2054,Soil,SnowIce,0,0,0
2054,Soil,Water,0,0,0
2054,Soil,Wetland,5.3,3.8,6.9
2055,DOM,Agriculture,10.7,7.2,15.4
2055,DOM,Barren,0,0,0
2055,DOM,Developed,0,0,0
2055,DOM,Forest,538.2,426.7,698.9
2055,DOM,Grassland,9.4,6.5,14.4
2055,DOM,Shrubland,24,19.1,29.6
2055,DOM,SnowIce,0,0,0
2055,DOM,Water,0,0,0
2055,DOM,Wetland,0.1,0.1,0.2
2055,Live,Agriculture,82.2,55.6,111.2
2055,Live,Barren,0,0,0
2055,Live,Developed,1,0.6,1.4
2055,Live,Forest,1224.3,969.8,1442.4
2055,Live,Grassland,16.8,7.4,21.5
2055,Live,Shrubland,114.7,95,135.8
2055,Live,SnowIce,0,0,0
2055,Live,Water,0,0,0
2055,Live,Wetland,0.3,0.2,0.4
2055,Soil,Agriculture,340.7,313,388.2
2055,Soil,Barren,0,0,0
2055,Soil,Developed,38.8,26.3,49
2055,Soil,Forest,1498.7,1446.2,1575.9
2055,Soil,Grassland,325.4,292.7,367.1
2055,Soil,Shrubland,324.8,304.9,363.1
2055,Soil,SnowIce,0,0,0
2055,Soil,Water,0,0,0
2055,Soil,Wetland,5.3,3.8,7
2056,DOM,Agriculture,12,8.4,17.4
2056,DOM,Barren,0,0,0
2056,DOM,Developed,0,0,0
2056,DOM,Forest,548.1,439.9,701.1
2056,DOM,Grassland,11.5,6.6,16.1
2056,DOM,Shrubland,24.2,19.9,30.4
2056,DOM,SnowIce,0,0,0
2056,DOM,Water,0,0,0
2056,DOM,Wetland,0.1,0.1,0.2
2056,Live,Agriculture,85.7,59.5,113.6
2056,Live,Barren,0,0,0
2056,Live,Developed,1,0.6,1.4
2056,Live,Forest,1225.9,996.7,1449.7
2056,Live,Grassland,15.9,9,21
2056,Live,Shrubland,117.1,98.8,139.8
2056,Live,SnowIce,0,0,0
2056,Live,Water,0,0,0
2056,Live,Wetland,0.3,0.2,0.4
2056,Soil,Agriculture,339.9,311.6,388.2
2056,Soil,Barren,0,0,0
2056,Soil,Developed,39.4,26.5,49.8
2056,Soil,Forest,1497.5,1442.7,1576.7
2056,Soil,Grassland,325.7,292.6,368.4
2056,Soil,Shrubland,324.3,303.6,363.2
2056,Soil,SnowIce,0,0,0
2056,Soil,Water,0,0,0
2056,Soil,Wetland,5.4,3.9,7.1
2057,DOM,Agriculture,12.4,8.2,19.9
2057,DOM,Barren,0,0,0
2057,DOM,Developed,0,0,0
2057,DOM,Forest,551.1,440.9,691.1
2057,DOM,Grassland,11.7,7.2,18.2
2057,DOM,Shrubland,24.2,20,31
2057,DOM,SnowIce,0,0,0
2057,DOM,Water,0,0,0
2057,DOM,Wetland,0.1,0.1,0.2
2057,Live,Agriculture,77.5,57,110.8
2057,Live,Barren,0,0,0
2057,Live,Developed,1,0.6,1.4
2057,Live,Forest,1207.9,987.6,1442.8
2057,Live,Grassland,10.3,6,17.9
2057,Live,Shrubland,114.5,95.8,142.4
2057,Live,SnowIce,0,0,0
2057,Live,Water,0,0,0
2057,Live,Wetland,0.3,0.2,0.4
2057,Soil,Agriculture,339.6,311.5,389.6
2057,Soil,Barren,0,0,0
2057,Soil,Developed,39.9,26.6,50.7
2057,Soil,Forest,1497,1438.7,1578.9
2057,Soil,Grassland,326.3,293.6,370.7
2057,Soil,Shrubland,324,302.6,363.5
2057,Soil,SnowIce,0,0,0
2057,Soil,Water,0,0,0
2057,Soil,Wetland,5.5,3.9,7.2
2058,DOM,Agriculture,11.1,6.3,17.1
2058,DOM,Barren,0,0,0
2058,DOM,Developed,0,0,0
2058,DOM,Forest,549.8,441.5,688.7
2058,DOM,Grassland,9.5,4.9,14.2
2058,DOM,Shrubland,23.9,18.6,30.7
2058,DOM,SnowIce,0,0,0
2058,DOM,Water,0,0,0
2058,DOM,Wetland,0.1,0.1,0.2
2058,Live,Agriculture,75.4,49.3,117.7
2058,Live,Barren,0,0,0
2058,Live,Developed,1,0.6,1.4
2058,Live,Forest,1194.4,977.7,1423.5
2058,Live,Grassland,10.7,4.8,21.1
2058,Live,Shrubland,110.9,91.7,145.9
2058,Live,SnowIce,0,0,0
2058,Live,Water,0,0,0
2058,Live,Wetland,0.3,0.2,0.4
2058,Soil,Agriculture,338.1,309.6,389.5
2058,Soil,Barren,0,0,0
2058,Soil,Developed,40.5,26.7,51.5
2058,Soil,Forest,1496.1,1435.9,1582.2
2058,Soil,Grassland,325.3,291.8,371.3
2058,Soil,Shrubland,323.5,301.6,364
2058,Soil,SnowIce,0,0,0
2058,Soil,Water,0,0,0
2058,Soil,Wetland,5.6,4,7.2
2059,DOM,Agriculture,10.1,6.4,15.5
2059,DOM,Barren,0,0,0
2059,DOM,Developed,0,0,0
2059,DOM,Forest,546.3,440.7,675.1
2059,DOM,Grassland,8.5,5,12.6
2059,DOM,Shrubland,23.3,18.2,30.3
2059,DOM,SnowIce,0,0,0
2059,DOM,Water,0,0,0
2059,DOM,Wetland,0.1,0.1,0.2
2059,Live,Agriculture,76.6,46.6,133.3
2059,Live,Barren,0,0,0
2059,Live,Developed,1.1,0.6,1.4
2059,Live,Forest,1190.4,957.9,1441.6
2059,Live,Grassland,12.1,5.3,26.4
2059,Live,Shrubland,110.7,86.6,157.4
2059,Live,SnowIce,0,0,0
2059,Live,Water,0,0,0
2059,Live,Wetland,0.3,0.2,0.4
2059,Soil,Agriculture,336.2,306.1,388.3
2059,Soil,Barren,0,0,0
2059,Soil,Developed,41,26.9,52.4
2059,Soil,Forest,1494.9,1432,1583.9
2059,Soil,Grassland,323.8,288.8,370.7
2059,Soil,Shrubland,322.9,300.5,364.1
2059,Soil,SnowIce,0,0,0
2059,Soil,Water,0,0,0
2059,Soil,Wetland,5.6,4,7.4
2060,DOM,Agriculture,10.1,5.5,14.9
2060,DOM,Barren,0,0,0
2060,DOM,Developed,0,0,0
2060,DOM,Forest,542.3,451.1,662.3
2060,DOM,Grassland,8.7,4.1,13.9
2060,DOM,Shrubland,23,17.1,29.4
2060,DOM,SnowIce,0,0,0
2060,DOM,Water,0,0,0
2060,DOM,Wetland,0.1,0.1,0.2
2060,Live,Agriculture,77.2,50.9,136
2060,Live,Barren,0,0,0
2060,Live,Developed,1.1,0.6,1.5
2060,Live,Forest,1190.4,964.9,1436.3
2060,Live,Grassland,12.3,7.4,22.7
2060,Live,Shrubland,110.3,86.7,162.7
2060,Live,SnowIce,0,0,0
2060,Live,Water,0,0,0
2060,Live,Wetland,0.3,0.2,0.4
2060,Soil,Agriculture,334.2,302.6,387.5
2060,Soil,Barren,0,0,0
2060,Soil,Developed,41.5,27,53.2
2060,Soil,Forest,1493.3,1428,1585.6
2060,Soil,Grassland,322.6,285.7,371.2
2060,Soil,Shrubland,322.3,299.1,364.4
2060,Soil,SnowIce,0,0,0
2060,Soil,Water,0,0,0
2060,Soil,Wetland,5.7,4,7.5
2061,DOM,Agriculture,10.4,7.1,14.9
2061,DOM,Barren,0,0,0
2061,DOM,Developed,0,0,0
2061,DOM,Forest,537.1,446.7,648.2
2061,DOM,Grassland,9,6.3,12.2
2061,DOM,Shrubland,22.9,17.3,29.7
2061,DOM,SnowIce,0,0,0
2061,DOM,Water,0,0,0
2061,DOM,Wetland,0.1,0.1,0.2
2061,Live,Agriculture,78.4,56.2,113.2
2061,Live,Barren,0,0,0
2061,Live,Developed,1.1,0.6,1.5
2061,Live,Forest,1192.1,971.3,1444.6
2061,Live,Grassland,12.8,8.9,18.5
2061,Live,Shrubland,111.3,89.4,154.4
2061,Live,SnowIce,0,0,0
2061,Live,Water,0,0,0
2061,Live,Wetland,0.3,0.2,0.4
2061,Soil,Agriculture,332.4,299.8,385.3
2061,Soil,Barren,0,0,0
2061,Soil,Developed,42.1,27.2,54.1
2061,Soil,Forest,1491.8,1423.4,1585.3
2061,Soil,Grassland,321.5,284.1,369.9
2061,Soil,Shrubland,321.6,297.6,364.4
2061,Soil,SnowIce,0,0,0
2061,Soil,Water,0,0,0
2061,Soil,Wetland,5.8,4.1,7.5
2062,DOM,Agriculture,10.2,5.8,15
2062,DOM,Barren,0,0,0
2062,DOM,Developed,0,0,0
2062,DOM,Forest,531,450.7,632.4
2062,DOM,Grassland,9,5.4,13
2062,DOM,Shrubland,22.5,15.9,29
2062,DOM,SnowIce,0,0,0
2062,DOM,Water,0,0,0
2062,DOM,Wetland,0.1,0.1,0.2
2062,Live,Agriculture,77.3,59.1,101
2062,Live,Barren,0,0,0
2062,Live,Developed,1.1,0.6,1.5
2062,Live,Forest,1190.2,982.4,1436.7
2062,Live,Grassland,12,7.5,17.8
2062,Live,Shrubland,109.5,90,143.1
2062,Live,SnowIce,0,0,0
2062,Live,Water,0,0,0
2062,Live,Wetland,0.3,0.2,0.4
2062,Soil,Agriculture,330.7,297.5,384.5
2062,Soil,Barren,0,0,0
2062,Soil,Developed,42.6,27.3,54.8
2062,Soil,Forest,1490.3,1419.4,1586.5
2062,Soil,Grassland,320.6,282.6,370.6
2062,Soil,Shrubland,320.9,296,364.6
2062,Soil,SnowIce,0,0,0
2062,Soil,Water,0,0,0
2062,Soil,Wetland,5.9,4.1,7.6
2063,DOM,Agriculture,10.4,6.8,13.9
2063,DOM,Barren,0,0,0
2063,DOM,Developed,0,0,0
2063,DOM,Forest,527.7,450.4,621.5
2063,DOM,Grassland,9.1,6.4,12.2
2063,DOM,Shrubland,22.4,16,29
2063,DOM,SnowIce,0,0,0
2063,DOM,Water,0,0,0
2063,DOM,Wetland,0.1,0.1,0.2
2063,Live,Agriculture,77.4,54.2,95
2063,Live,Barren,0,0,0
2063,Live,Developed,1.1,0.6,1.5
2063,Live,Forest,1186.6,996.4,1443.6
2063,Live,Grassland,11.9,6.6,18.1
2063,Live,Shrubland,108.8,88.1,136.5
2063,Live,SnowIce,0,0,0
2063,Live,Water,0,0,0
2063,Live,Wetland,0.3,0.2,0.4
2063,Soil,Agriculture,328.8,295.4,382.6
2063,Soil,Barren,0,0,0
2063,Soil,Developed,43.1,27.4,55.7
2063,Soil,Forest,1488.2,1413.4,1585.8
2063,Soil,Grassland,319.5,281.3,369.3
2063,Soil,Shrubland,320.1,294.2,364.3
2063,Soil,SnowIce,0,0,0
2063,Soil,Water,0,0,0
2063,Soil,Wetland,5.9,4.1,7.8
2064,DOM,Agriculture,10,5.4,13.2
2064,DOM,Barren,0,0,0
2064,DOM,Developed,0,0,0
2064,DOM,Forest,528.4,451.8,652.8
2064,DOM,Grassland,8.7,4.5,11.8
2064,DOM,Shrubland,21.9,14.9,27.9
2064,DOM,SnowIce,0,0,0
2064,DOM,Water,0,0,0
2064,DOM,Wetland,0.1,0.1,0.2
2064,Live,Agriculture,78,49.3,103.8
2064,Live,Barren,0,0,0
2064,Live,Developed,1.1,0.6,1.5
2064,Live,Forest,1180.4,942.7,1440.6
2064,Live,Grassland,12.4,6.1,19
2064,Live,Shrubland,109.6,83.8,138.2
2064,Live,SnowIce,0,0,0
2064,Live,Water,0,0,0
2064,Live,Wetland,0.3,0.2,0.4
2064,Soil,Agriculture,327,293.6,380.4
2064,Soil,Barren,0,0,0
2064,Soil,Developed,43.6,27.5,56.5
2064,Soil,Forest,1486.3,1407.9,1585.2
2064,Soil,Grassland,318.4,279.4,367.8
2064,Soil,Shrubland,319.3,292,364
2064,Soil,SnowIce,0,0,0
2064,Soil,Water,0,0,0
2064,Soil,Wetland,6,4.2,7.9
2065,DOM,Agriculture,10.5,5.2,14.1
2065,DOM,Barren,0,0,0
2065,DOM,Developed,0,0,0
2065,DOM,Forest,537.1,461.5,669.2
2065,DOM,Grassland,9.2,4.2,13
2065,DOM,Shrubland,22,14.5,27.9
2065,DOM,SnowIce,0,0,0
2065,DOM,Water,0,0,0
2065,DOM,Wetland,0.1,0.1,0.2
2065,Live,Agriculture,80,53.9,122.8
2065,Live,Barren,0,0,0
2065,Live,Developed,1.1,0.6,1.6
2065,Live,Forest,1173.2,913.5,1430.4
2065,Live,Grassland,12.9,9.3,25.1
2065,Live,Shrubland,109.6,83.1,147.5
2065,Live,SnowIce,0,0,0
2065,Live,Water,0,0,0
2065,Live,Wetland,0.3,0.3,0.4
2065,Soil,Agriculture,325.2,290.4,378.2
2065,Soil,Barren,0,0,0
2065,Soil,Developed,44.1,27.6,57.3
2065,Soil,Forest,1483.9,1402.6,1583.9
2065,Soil,Grassland,317.4,276,366.6
2065,Soil,Shrubland,318.4,289.7,363.5
2065,Soil,SnowIce,0,0,0
2065,Soil,Water,0,0,0
2065,Soil,Wetland,6.1,4.2,8
2066,DOM,Agriculture,10.4,5.2,13.9
2066,DOM,Barren,0,0,0
2066,DOM,Developed,0,0,0
2066,DOM,Forest,540.2,467,684.4
2066,DOM,Grassland,9.1,4.9,12.5
2066,DOM,Shrubland,21.8,13.4,27.5
2066,DOM,SnowIce,0,0,0
2066,DOM,Water,0,0,0
2066,DOM,Wetland,0.1,0.1,0.2
2066,Live,Agriculture,78.1,50.5,108.8
2066,Live,Barren,0,0,0
2066,Live,Developed,1.1,0.6,1.6
2066,Live,Forest,1162.3,882.7,1410
2066,Live,Grassland,11.5,3.9,18.6
2066,Live,Shrubland,108.8,83.8,140.6
2066,Live,SnowIce,0,0,0
2066,Live,Water,0,0,0
2066,Live,Wetland,0.3,0.3,0.4
2066,Soil,Agriculture,323.7,287.4,375.9
2066,Soil,Barren,0,0,0
2066,Soil,Developed,44.6,27.8,58.1
2066,Soil,Forest,1482,1397.7,1583.1
2066,Soil,Grassland,316.7,273.8,365.6
2066,Soil,Shrubland,317.6,287.2,363.3
2066,Soil,SnowIce,0,0,0
2066,Soil,Water,0,0,0
2066,Soil,Wetland,6.2,4.3,8
2067,DOM,Agriculture,9.9,5.5,14.6
2067,DOM,Barren,0,0,0
2067,DOM,Developed,0,0,0
2067,DOM,Forest,539,463.4,705.5
2067,DOM,Grassland,8.5,5.4,13.3
2067,DOM,Shrubland,21.5,13.1,27.3
2067,DOM,SnowIce,0,0,0
2067,DOM,Water,0,0,0
2067,DOM,Wetland,0.1,0.1,0.2
2067,Live,Agriculture,79.8,48.7,105
2067,Live,Barren,0,0,0
2067,Live,Developed,1.1,0.6,1.6
2067,Live,Forest,1161.4,843.6,1419.1
2067,Live,Grassland,12.9,6.4,19.8
2067,Live,Shrubland,109.7,81.2,135.9
2067,Live,SnowIce,0,0,0
2067,Live,Water,0,0,0
2067,Live,Wetland,0.3,0.3,0.5
2067,Soil,Agriculture,322,284.3,373.6
2067,Soil,Barren,0,0,0
2067,Soil,Developed,45.1,27.9,58.9
2067,Soil,Forest,1479.9,1392.8,1582.3
2067,Soil,Grassland,315.6,272,363.9
2067,Soil,Shrubland,316.8,284.6,362.7
2067,Soil,SnowIce,0,0,0
2067,Soil,Water,0,0,0
2067,Soil,Wetland,6.2,4.3,8.2
2068,DOM,Agriculture,10.1,4.8,14.6
2068,DOM,Barren,0,0,0
2068,DOM,Developed,0,0,0
2068,DOM,Forest,547.8,463.5,707.3
2068,DOM,Grassland,9,4.2,13.2
2068,DOM,Shrubland,21.6,12.8,26.8
2068,DOM,SnowIce,0,0,0
2068,DOM,Water,0,0,0
2068,DOM,Wetland,0.1,0.1,0.2
2068,Live,Agriculture,84.2,60.3,117.9
2068,Live,Barren,0,0,0
2068,Live,Developed,1.2,0.6,1.6
2068,Live,Forest,1155.9,838.7,1361.7
2068,Live,Grassland,14.6,7,22.9
2068,Live,Shrubland,112.9,87.8,145.1
2068,Live,SnowIce,0,0,0
2068,Live,Water,0,0,0
2068,Live,Wetland,0.3,0.3,0.5
2068,Soil,Agriculture,320.3,280.7,372.9
2068,Soil,Barren,0,0,0
2068,Soil,Developed,45.6,28,59.7
2068,Soil,Forest,1477.6,1388,1582.3
2068,Soil,Grassland,314.8,269,364.7
2068,Soil,Shrubland,315.9,282.1,362.3
2068,Soil,SnowIce,0,0,0
2068,Soil,Water,0,0,0
2068,Soil,Wetland,6.3,4.4,8.3
2069,DOM,Agriculture,10.4,5.1,14.2
2069,DOM,Barren,0,0,0
2069,DOM,Developed,0,0,0
2069,DOM,Forest,551.7,460,724.2
2069,DOM,Grassland,9.5,5.5,12.4
2069,DOM,Shrubland,21.7,12.6,26.1
2069,DOM,SnowIce,0,0,0
2069,DOM,Water,0,0,0
2069,DOM,Wetland,0.1,0.1,0.2
2069,Live,Agriculture,81.3,60.7,115.2
2069,Live,Barren,0,0,0
2069,Live,Developed,1.2,0.6,1.7
2069,Live,Forest,1142.8,815.7,1357.3
2069,Live,Grassland,11.7,5.7,17.2
2069,Live,Shrubland,111.5,89.3,144.2
2069,Live,SnowIce,0,0,0
2069,Live,Water,0,0,0
2069,Live,Wetland,0.4,0.3,0.5
2069,Soil,Agriculture,319.2,278.4,370.4
2069,Soil,Barren,0,0,0
2069,Soil,Developed,46.1,28.1,60.4
2069,Soil,Forest,1475.6,1382.3,1581.6
2069,Soil,Grassland,314.6,268.1,362.8
2069,Soil,Shrubland,315.2,279.6,361.7
2069,Soil,SnowIce,0,0,0
2069,Soil,Water,0,0,0
2069,Soil,Wetland,6.4,4.4,8.4
2070,DOM,Agriculture,10.1,5.6,13.1
2070,DOM,Barren,0,0,0
2070,DOM,Developed,0,0,0
2070,DOM,Forest,555.3,455.3,766.3
2070,DOM,Grassland,8.7,6,11.3
2070,DOM,Shrubland,21.6,12.7,25.9
2070,DOM,SnowIce,0,0,0
2070,DOM,Water,0,0,0
2070,DOM,Wetland,0.1,0.1,0.2
2070,Live,Agriculture,85.8,65.6,113.6
2070,Live,Barren,0,0,0
2070,Live,Developed,1.2,0.6,1.7
2070,Live,Forest,1141.3,786,1353.9
2070,Live,Grassland,14.4,10.5,17.4
2070,Live,Shrubland,113.2,93.5,140.7
2070,Live,SnowIce,0,0,0
2070,Live,Water,0,0,0
2070,Live,Wetland,0.4,0.3,0.5
2070,Soil,Agriculture,317.7,276.6,368.5
2070,Soil,Barren,0,0,0
2070,Soil,Developed,46.5,28.1,61.1
2070,Soil,Forest,1473.2,1376,1581.5
2070,Soil,Grassland,313.7,267.1,361.9
2070,Soil,Shrubland,314.4,277.2,361
2070,Soil,SnowIce,0,0,0
2070,Soil,Water,0,0,0
2070,Soil,Wetland,6.4,4.5,8.5
2071,DOM,Agriculture,10.4,7.2,14.5
2071,DOM,Barren,0,0,0
2071,DOM,Developed,0,0,0
2071,DOM,Forest,554.4,450.4,778.3
2071,DOM,Grassland,9.4,7.2,12.8
2071,DOM,Shrubland,21.9,13.9,27.1
2071,DOM,SnowIce,0,0,0
2071,DOM,Water,0,0,0
2071,DOM,Wetland,0.1,0.1,0.2
2071,Live,Agriculture,88.5,64.1,114.5
2071,Live,Barren,0,0,0
2071,Live,Developed,1.2,0.6,1.7
2071,Live,Forest,1145.3,758.7,1360.5
2071,Live,Grassland,14.5,8.6,20
2071,Live,Shrubland,115.1,92.3,139.9
2071,Live,SnowIce,0,0,0
2071,Live,Water,0,0,0
2071,Live,Wetland,0.4,0.3,0.5
2071,Soil,Agriculture,316.6,275.5,367.3
2071,Soil,Barren,0,0,0
2071,Soil,Developed,47,28.2,61.9
2071,Soil,Forest,1471.1,1370.5,1581.8
2071,Soil,Grassland,313.4,267.3,362
2071,Soil,Shrubland,313.8,275.2,360.6
2071,Soil,SnowIce,0,0,0
2071,Soil,Water,0,0,0
2071,Soil,Wetland,6.5,4.5,8.6
2072,DOM,Agriculture,10.5,5.7,15.1
2072,DOM,Barren,0,0,0
2072,DOM,Developed,0,0,0
2072,DOM,Forest,549.5,441.8,767.7
2072,DOM,Grassland,9.4,5.5,13.7
2072,DOM,Shrubland,21.8,13.3,27.6
2072,DOM,SnowIce,0,0,0
2072,DOM,Water,0,0,0
2072,DOM,Wetland,0.1,0.1,0.2
2072,Live,Agriculture,85.6,69.9,110.6
2072,Live,Barren,0,0,0
2072,Live,Developed,1.2,0.6,1.7
2072,Live,Forest,1139,752.8,1358.2
2072,Live,Grassland,12,6.6,17.4
2072,Live,Shrubland,113.2,93.8,136
2072,Live,SnowIce,0,0,0
2072,Live,Water,0,0,0
2072,Live,Wetland,0.4,0.3,0.5
2072,Soil,Agriculture,315.7,274.3,367.7
2072,Soil,Barren,0,0,0
2072,Soil,Developed,47.4,28.3,62.6
2072,Soil,Forest,1469.1,1366.2,1582.7
2072,Soil,Grassland,313.4,266.3,363.7
2072,Soil,Shrubland,313.2,273.3,360.5
2072,Soil,SnowIce,0,0,0
2072,Soil,Water,0,0,0
2072,Soil,Wetland,6.6,4.5,8.7
2073,DOM,Agriculture,10.5,6.4,14.1
2073,DOM,Barren,0,0,0
2073,DOM,Developed,0,0,0
2073,DOM,Forest,546.4,443.2,758.9
2073,DOM,Grassland,8.8,6,11.4
2073,DOM,Shrubland,22,13.5,28
2073,DOM,SnowIce,0,0,0
2073,DOM,Water,0,0,0
2073,DOM,Wetland,0.1,0.1,0.2
2073,Live,Agriculture,80.5,60.1,103.7
2073,Live,Barren,0,0,0
2073,Live,Developed,1.2,0.6,1.7
2073,Live,Forest,1131.7,730.8,1348.4
2073,Live,Grassland,10,5.4,14.8
2073,Live,Shrubland,110.7,88.6,132.8
2073,Live,SnowIce,0,0,0
2073,Live,Water,0,0,0
2073,Live,Wetland,0.4,0.3,0.5
2073,Soil,Agriculture,314.4,272.7,366.6
2073,Soil,Barren,0,0,0
2073,Soil,Developed,47.9,28.4,63.3
2073,Soil,Forest,1466.6,1360.9,1582.7
2073,Soil,Grassland,312.6,265.7,363.3
2073,Soil,Shrubland,312.6,271.5,360.4
2073,Soil,SnowIce,0,0,0
2073,Soil,Water,0,0,0
2073,Soil,Wetland,6.7,4.6,8.7
2074,DOM,Agriculture,9.7,5.9,13.5
2074,DOM,Barren,0,0,0
2074,DOM,Developed,0,0,0
2074,DOM,Forest,539.8,439.9,747.6
2074,DOM,Grassland,7.8,4.5,10.9
2074,DOM,Shrubland,21.8,13.8,27.8
2074,DOM,SnowIce,0,0,0
2074,DOM,Water,0,0,0
2074,DOM,Wetland,0.1,0.1,0.2
2074,Live,Agriculture,84.4,58,99.1
2074,Live,Barren,0,0,0
2074,Live,Developed,1.2,0.6,1.8
2074,Live,Forest,1138.1,754.6,1335.6
2074,Live,Grassland,13.1,6.4,22.4
2074,Live,Shrubland,111.7,92.6,129.1
2074,Live,SnowIce,0,0,0
2074,Live,Water,0,0,0
2074,Live,Wetland,0.4,0.3,0.5
2074,Soil,Agriculture,312.5,269.8,364.8
2074,Soil,Barren,0,0,0
2074,Soil,Developed,48.3,28.5,64
2074,Soil,Forest,1464.3,1355.1,1582.5
2074,Soil,Grassland,311.1,262.8,362.5
2074,Soil,Shrubland,312,269.6,360.3
2074,Soil,SnowIce,0,0,0
2074,Soil,Water,0,0,0
2074,Soil,Wetland,6.7,4.6,8.9
2075,DOM,Agriculture,10.1,7.4,13.3
2075,DOM,Barren,0,0,0
2075,DOM,Developed,0,0,0
2075,DOM,Forest,534.3,431.1,732.6
2075,DOM,Grassland,8.6,6,11.7
2075,DOM,Shrubland,21.8,14.5,27.6
2075,DOM,SnowIce,0,0,0
2075,DOM,Water,0,0,0
2075,DOM,Wetland,0.1,0.1,0.2
2075,Live,Agriculture,87.6,60.9,107.4
2075,Live,Barren,0,0,0
2075,Live,Developed,1.2,0.6,1.8
2075,Live,Forest,1146.9,772,1339.7
2075,Live,Grassland,14,9.3,19.3
2075,Live,Shrubland,113.7,92.3,128.7
2075,Live,SnowIce,0,0,0
2075,Live,Water,0,0,0
2075,Live,Wetland,0.4,0.3,0.5
2075,Soil,Agriculture,311,269.3,362.8
2075,Soil,Barren,0,0,0
2075,Soil,Developed,48.8,28.5,64.7
2075,Soil,Forest,1461.9,1350.1,1582
2075,Soil,Grassland,310.3,262.9,361.2
2075,Soil,Shrubland,311.4,268.2,360
2075,Soil,SnowIce,0,0,0
2075,Soil,Water,0,0,0
2075,Soil,Wetland,6.8,4.6,8.9
2076,DOM,Agriculture,9.9,6.9,13.6
2076,DOM,Barren,0,0,0
2076,DOM,Developed,0,0,0
2076,DOM,Forest,527.6,425.7,718.6
2076,DOM,Grassland,8.7,5.4,12
2076,DOM,Shrubland,21.4,14.7,26.6
2076,DOM,SnowIce,0,0,0
2076,DOM,Water,0,0,0
2076,DOM,Wetland,0.1,0.1,0.2
2076,Live,Agriculture,85.2,58,111.5
2076,Live,Barren,0,0,0
2076,Live,Developed,1.2,0.6,1.8
2076,Live,Forest,1147.3,779.7,1341.7
2076,Live,Grassland,11.6,5.9,17.6
2076,Live,Shrubland,113.1,89.7,131.2
2076,Live,SnowIce,0,0,0
2076,Live,Water,0,0,0
2076,Live,Wetland,0.4,0.3,0.5
2076,Soil,Agriculture,309.9,269,362.3
2076,Soil,Barren,0,0,0
2076,Soil,Developed,49.2,28.6,65.4
2076,Soil,Forest,1459.5,1345,1581.5
2076,Soil,Grassland,309.9,263.2,361.9
2076,Soil,Shrubland,310.8,266.9,359.9
2076,Soil,SnowIce,0,0,0
2076,Soil,Water,0,0,0
2076,Soil,Wetland,6.9,4.6,9
2077,DOM,Agriculture,9.9,6.4,15.5
2077,DOM,Barren,0,0,0
2077,DOM,Developed,0,0,0
2077,DOM,Forest,523.8,431.6,703.6
2077,DOM,Grassland,8.2,5.7,13.5
2077,DOM,Shrubland,21.4,15,27.3
2077,DOM,SnowIce,0,0,0
2077,DOM,Water,0,0,0
2077,DOM,Wetland,0.1,0.1,0.2
2077,Live,Agriculture,91.1,59,121.2
2077,Live,Barren,0,0,0
2077,Live,Developed,1.2,0.6,1.8
2077,Live,Forest,1159.8,804.3,1375.5
2077,Live,Grassland,15,9.2,23.7
2077,Live,Shrubland,114.7,88,141.3
2077,Live,SnowIce,0,0,0
2077,Live,Water,0,0,0
2077,Live,Wetland,0.4,0.3,0.5
2077,Soil,Agriculture,308.3,267.5,362.1
2077,Soil,Barren,0,0,0
2077,Soil,Developed,49.6,28.6,66.2
2077,Soil,Forest,1456.2,1339.1,1579.8
2077,Soil,Grassland,308.9,262.1,362.6
2077,Soil,Shrubland,310.2,265.7,359.5
2077,Soil,SnowIce,0,0,0
2077,Soil,Water,0,0,0
2077,Soil,Wetland,6.9,4.7,9.1
2078,DOM,Agriculture,10,6.6,15.3
2078,DOM,Barren,0,0,0
2078,DOM,Developed,0,0,0
2078,DOM,Forest,523.2,429.6,687.6
2078,DOM,Grassland,8.9,6.3,13
2078,DOM,Shrubland,21.3,14.8,26.9
2078,DOM,SnowIce,0,0,0
2078,DOM,Water,0,0,0
2078,DOM,Wetland,0.1,0.1,0.2
2078,Live,Agriculture,92.3,60.1,121.8
2078,Live,Barren,0,0,0
2078,Live,Developed,1.2,0.6,1.9
2078,Live,Forest,1165,820.3,1375.5
2078,Live,Grassland,14.1,9.3,21.9
2078,Live,Shrubland,116.6,86.9,143
2078,Live,SnowIce,0,0,0
2078,Live,Water,0,0,0
2078,Live,Wetland,0.4,0.3,0.5
2078,Soil,Agriculture,307.4,266.6,362.2
2078,Soil,Barren,0,0,0
2078,Soil,Developed,50,28.7,66.9
2078,Soil,Forest,1453.3,1333.6,1578.6
2078,Soil,Grassland,308.8,261.9,363.4
2078,Soil,Shrubland,309.6,264.5,359.4
2078,Soil,SnowIce,0,0,0
2078,Soil,Water,0,0,0
2078,Soil,Wetland,7,4.7,9.2
2079,DOM,Agriculture,9.7,6,14.2
2079,DOM,Barren,0,0,0
2079,DOM,Developed,0,0,0
2079,DOM,Forest,518.3,421.3,672.1
2079,DOM,Grassland,8.5,5.6,12.9
2079,DOM,Shrubland,21.2,14.3,26.9
2079,DOM,SnowIce,0,0,0
2079,DOM,Water,0,0,0
2079,DOM,Wetland,0.1,0.1,0.2
2079,Live,Agriculture,90.6,57.9,115.8
2079,Live,Barren,0,0,0
2079,Live,Developed,1.3,0.7,1.9
2079,Live,Forest,1164.4,848,1379.6
2079,Live,Grassland,12.6,7.3,19.5
2079,Live,Shrubland,115.8,85.4,139.1
2079,Live,SnowIce,0,0,0
2079,Live,Water,0,0,0
2079,Live,Wetland,0.4,0.3,0.5
2079,Soil,Agriculture,306.5,265.3,361.2
2079,Soil,Barren,0,0,0
2079,Soil,Developed,50.4,28.7,67.7
2079,Soil,Forest,1450.3,1327.4,1577.4
2079,Soil,Grassland,308.6,261.5,362.5
2079,Soil,Shrubland,309.1,263.4,359.1
2079,Soil,SnowIce,0,0,0
2079,Soil,Water,0,0,0
2079,Soil,Wetland,7.1,4.7,9.3
2080,DOM,Agriculture,10.1,6.6,14.6
2080,DOM,Barren,0,0,0
2080,DOM,Developed,0,0,0
2080,DOM,Forest,514.8,419.2,656.4
2080,DOM,Grassland,8.5,6.3,11.8
2080,DOM,Shrubland,21.8,14.7,27.3
2080,DOM,SnowIce,0,0,0
2080,DOM,Water,0,0,0
2080,DOM,Wetland,0.1,0.1,0.2
2080,Live,Agriculture,89.6,54.8,125.1
2080,Live,Barren,0,0,0
2080,Live,Developed,1.3,0.7,1.9
2080,Live,Forest,1168.3,855.5,1389.1
2080,Live,Grassland,12.6,7.6,22.9
2080,Live,Shrubland,115.6,84.4,149.6
2080,Live,SnowIce,0,0,0
2080,Live,Water,0,0,0
2080,Live,Wetland,0.4,0.3,0.5
2080,Soil,Agriculture,305.2,264.9,359.9
2080,Soil,Barren,0,0,0
2080,Soil,Developed,50.8,28.8,68.4
2080,Soil,Forest,1447,1321.5,1575.9
2080,Soil,Grassland,308,262.2,362
2080,Soil,Shrubland,308.6,262.4,358.6
2080,Soil,SnowIce,0,0,0
2080,Soil,Water,0,0,0
2080,Soil,Wetland,7.1,4.7,9.4
2081,DOM,Agriculture,9.4,6.7,14.8
2081,DOM,Barren,0,0,0
2081,DOM,Developed,0,0,0
2081,DOM,Forest,506.5,410.3,643.5
2081,DOM,Grassland,7.9,5.5,12.1
2081,DOM,Shrubland,21.3,15.3,28
2081,DOM,SnowIce,0,0,0
2081,DOM,Water,0,0,0
2081,DOM,Wetland,0.2,0.1,0.2
2081,Live,Agriculture,89.1,50.7,142.6
2081,Live,Barren,0,0,0
2081,Live,Developed,1.3,0.7,1.9
2081,Live,Forest,1167.4,853.9,1392.4
2081,Live,Grassland,12,5.7,25.3
2081,Live,Shrubland,114.7,82.2,163.4
2081,Live,SnowIce,0,0,0
2081,Live,Water,0,0,0
2081,Live,Wetland,0.4,0.3,0.5
2081,Soil,Agriculture,303.9,263.5,359
2081,Soil,Barren,0,0,0
2081,Soil,Developed,51.2,28.8,69.1
2081,Soil,Forest,1444.4,1315.3,1575.6
2081,Soil,Grassland,307.2,260.9,361.8
2081,Soil,Shrubland,308.2,261.4,358.3
2081,Soil,SnowIce,0,0,0
2081,Soil,Water,0,0,0
2081,Soil,Wetland,7.2,4.8,9.5
2082,DOM,Agriculture,9.3,5.7,13.2
2082,DOM,Barren,0,0,0
2082,DOM,Developed,0,0,0
2082,DOM,Forest,500.8,410,627
2082,DOM,Grassland,7.6,4.2,10.8
2082,DOM,Shrubland,21.1,14.5,27.2
2082,DOM,SnowIce,0,0,0
2082,DOM,Water,0,0,0
2082,DOM,Wetland,0.2,0.1,0.2
2082,Live,Agriculture,92.5,68.3,143.1
2082,Live,Barren,0,0,0
2082,Live,Developed,1.3,0.7,1.9
2082,Live,Forest,1176.4,846.9,1409.2
2082,Live,Grassland,14,6.5,20.2
2082,Live,Shrubland,115.5,92.3,160
2082,Live,SnowIce,0,0,0
2082,Live,Water,0,0,0
2082,Live,Wetland,0.4,0.3,0.5
2082,Soil,Agriculture,302.3,261.1,358
2082,Soil,Barren,0,0,0
2082,Soil,Developed,51.6,28.9,69.9
2082,Soil,Forest,1441.2,1310.2,1575
2082,Soil,Grassland,306.2,258.5,361.6
2082,Soil,Shrubland,307.7,260.4,357.8
2082,Soil,SnowIce,0,0,0
2082,Soil,Water,0,0,0
2082,Soil,Wetland,7.3,4.8,9.6
2083,DOM,Agriculture,9.5,5,14.7
2083,DOM,Barren,0,0,0
2083,DOM,Developed,0,0,0
2083,DOM,Forest,496.9,404.5,616.1
2083,DOM,Grassland,8.3,3.6,12.7
2083,DOM,Shrubland,21.1,13.6,28.3
2083,DOM,SnowIce,0,0,0
2083,DOM,Water,0,0,0
2083,DOM,Wetland,0.2,0.1,0.2
2083,Live,Agriculture,91.1,67.8,121
2083,Live,Barren,0,0,0
2083,Live,Developed,1.3,0.7,2
2083,Live,Forest,1172.2,854.5,1398
2083,Live,Grassland,12.3,7.2,19.7
2083,Live,Shrubland,114.8,91.2,148.2
2083,Live,SnowIce,0,0,0
2083,Live,Water,0,0,0
2083,Live,Wetland,0.4,0.3,0.5
2083,Soil,Agriculture,301,258.3,357.7
2083,Soil,Barren,0,0,0
2083,Soil,Developed,52,28.9,70.6
2083,Soil,Forest,1437.9,1303.7,1572.8
2083,Soil,Grassland,305.7,255.6,362
2083,Soil,Shrubland,307.1,259,357.1
2083,Soil,SnowIce,0,0,0
2083,Soil,Water,0,0,0
2083,Soil,Wetland,7.3,4.8,9.6
2084,DOM,Agriculture,9.6,4.5,14.9
2084,DOM,Barren,0,0,0
2084,DOM,Developed,0,0,0
2084,DOM,Forest,492.5,401.8,603.3
2084,DOM,Grassland,8,3.6,12.4
2084,DOM,Shrubland,21.1,12.5,27.2
2084,DOM,SnowIce,0,0,0
2084,DOM,Water,0,0,0
2084,DOM,Wetland,0.2,0.1,0.2
2084,Live,Agriculture,90.5,62.2,141.6
2084,Live,Barren,0,0,0
2084,Live,Developed,1.3,0.7,2
2084,Live,Forest,1174.7,873.7,1416.5
2084,Live,Grassland,12.2,6.4,24.3
2084,Live,Shrubland,113.8,88.2,157.4
2084,Live,SnowIce,0,0,0
2084,Live,Water,0,0,0
2084,Live,Wetland,0.4,0.3,0.6
2084,Soil,Agriculture,299.6,255.6,356.8
2084,Soil,Barren,0,0,0
2084,Soil,Developed,52.4,28.9,71.4
2084,Soil,Forest,1434.5,1296.7,1570.8
2084,Soil,Grassland,304.8,253.5,362
2084,Soil,Shrubland,306.6,257.5,356.6
2084,Soil,SnowIce,0,0,0
2084,Soil,Water,0,0,0
2084,Soil,Wetland,7.4,4.8,9.8
2085,DOM,Agriculture,9.4,5.3,16.1
2085,DOM,Barren,0,0,0
2085,DOM,Developed,0,0,0
2085,DOM,Forest,498.9,403,611.6
2085,DOM,Grassland,7.7,4.6,13.4
2085,DOM,Shrubland,20.8,12.8,26.3
2085,DOM,SnowIce,0,0,0
2085,DOM,Water,0,0,0
2085,DOM,Wetland,0.2,0.1,0.2
2085,Live,Agriculture,91.2,55.7,141.7
2085,Live,Barren,0,0,0
2085,Live,Developed,1.3,0.7,2
2085,Live,Forest,1166.7,893.9,1429
2085,Live,Grassland,12.8,5.8,20.8
2085,Live,Shrubland,114.4,85.4,158
2085,Live,SnowIce,0,0,0
2085,Live,Water,0,0,0
2085,Live,Wetland,0.4,0.3,0.6
2085,Soil,Agriculture,298.1,253.5,356.6
2085,Soil,Barren,0,0,0
2085,Soil,Developed,52.7,29,72.3
2085,Soil,Forest,1431.3,1289.4,1570.1
2085,Soil,Grassland,303.9,252.3,362.7
2085,Soil,Shrubland,306,255.9,356.3
2085,Soil,SnowIce,0,0,0
2085,Soil,Water,0,0,0
2085,Soil,Wetland,7.4,4.9,9.9
2086,DOM,Agriculture,8.9,5.7,13.4
2086,DOM,Barren,0,0,0
2086,DOM,Developed,0,0,0
2086,DOM,Forest,500.1,396.4,621.1
2086,DOM,Grassland,7.3,5.4,10.8
2086,DOM,Shrubland,20.5,13.3,26
2086,DOM,SnowIce,0,0,0
2086,DOM,Water,0,0,0
2086,DOM,Wetland,0.2,0.1,0.2
2086,Live,Agriculture,90.8,60.4,130.1
2086,Live,Barren,0,0,0
2086,Live,Developed,1.3,0.7,2
2086,Live,Forest,1162.3,895.2,1429.3
2086,Live,Grassland,12.3,7,18.7
2086,Live,Shrubland,114.1,86.2,151.4
2086,Live,SnowIce,0,0,0
2086,Live,Water,0,0,0
2086,Live,Wetland,0.4,0.3,0.6
2086,Soil,Agriculture,296.8,252.5,354.9
2086,Soil,Barren,0,0,0
2086,Soil,Developed,53.1,29,73.1
2086,Soil,Forest,1428.1,1283.4,1569.4
2086,Soil,Grassland,303.1,252.4,361
2086,Soil,Shrubland,305.5,254.6,356
2086,Soil,SnowIce,0,0,0
2086,Soil,Water,0,0,0
2086,Soil,Wetland,7.5,4.9,9.9
2087,DOM,Agriculture,9.1,6.3,14.3
2087,DOM,Barren,0,0,0
2087,DOM,Developed,0,0,0
2087,DOM,Forest,506.1,390.4,628.9
2087,DOM,Grassland,7.5,4.8,11.5
2087,DOM,Shrubland,20.5,14.2,25.3
2087,DOM,SnowIce,0,0,0
2087,DOM,Water,0,0,0
2087,DOM,Wetland,0.2,0.1,0.2
2087,Live,Agriculture,94.8,56.6,122.8
2087,Live,Barren,0,0,0
2087,Live,Developed,1.3,0.7,2.1
2087,Live,Forest,1161.3,878.4,1412.8
2087,Live,Grassland,14.3,6.1,22.6
2087,Live,Shrubland,116.1,83.5,142.3
2087,Live,SnowIce,0,0,0
2087,Live,Water,0,0,0
2087,Live,Wetland,0.4,0.3,0.6
2087,Soil,Agriculture,295.2,251.4,354.1
2087,Soil,Barren,0,0,0
2087,Soil,Developed,53.5,29,73.9
2087,Soil,Forest,1424.7,1277.9,1567.2
2087,Soil,Grassland,302.1,251.8,360.6
2087,Soil,Shrubland,304.9,253.5,355.5
2087,Soil,SnowIce,0,0,0
2087,Soil,Water,0,0,0
2087,Soil,Wetland,7.6,4.9,10
2088,DOM,Agriculture,9.7,6.1,16.1
2088,DOM,Barren,0,0,0
2088,DOM,Developed,0,0,0
2088,DOM,Forest,503.5,394.4,626
2088,DOM,Grassland,8.5,3.9,14.1
2088,DOM,Shrubland,20.7,14.4,26.3
2088,DOM,SnowIce,0,0,0
2088,DOM,Water,0,0,0
2088,DOM,Wetland,0.2,0.1,0.2
2088,Live,Agriculture,97.2,71,140.9
2088,Live,Barren,0,0,0
2088,Live,Developed,1.3,0.7,2.1
2088,Live,Forest,1169.3,888.3,1442.5
2088,Live,Grassland,14.3,7,25.8
2088,Live,Shrubland,118.3,95.4,152.3
2088,Live,SnowIce,0,0,0
2088,Live,Water,0,0,0
2088,Live,Wetland,0.4,0.3,0.6
2088,Soil,Agriculture,294,250.5,354.3
2088,Soil,Barren,0,0,0
2088,Soil,Developed,53.8,29.1,75
2088,Soil,Forest,1421.8,1273.9,1565.8
2088,Soil,Grassland,301.7,251.5,362
2088,Soil,Shrubland,304.4,252.7,355.2
2088,Soil,SnowIce,0,0,0
2088,Soil,Water,0,0,0
2088,Soil,Wetland,7.6,4.9,10.2
2089,DOM,Agriculture,10.1,5.7,15
2089,DOM,Barren,0,0,0
2089,DOM,Developed,0,0,0
2089,DOM,Forest,501.2,400.9,615
2089,DOM,Grassland,8.8,4.1,11.8
2089,DOM,Shrubland,21.1,14.5,26.6
2089,DOM,SnowIce,0,0,0
2089,DOM,Water,0,0,0
2089,DOM,Wetland,0.2,0.1,0.2
2089,Live,Agriculture,100.5,65.9,147.8
2089,Live,Barren,0,0,0
2089,Live,Developed,1.3,0.7,2.1
2089,Live,Forest,1180.2,895.3,1471.1
2089,Live,Grassland,14.9,7.5,26.9
2089,Live,Shrubland,121.5,92.7,159.5
2089,Live,SnowIce,0,0,0
2089,Live,Water,0,0,0
2089,Live,Wetland,0.4,0.3,0.6
2089,Soil,Agriculture,293.2,248.2,353.2
2089,Soil,Barren,0,0,0
2089,Soil,Developed,54.2,29.1,75.7
2089,Soil,Forest,1419.3,1269.2,1564.8
2089,Soil,Grassland,301.6,249.1,360.9
2089,Soil,Shrubland,303.9,251.8,355
2089,Soil,SnowIce,0,0,0
2089,Soil,Water,0,0,0
2089,Soil,Wetland,7.7,5,10.3
2090,DOM,Agriculture,10,5.5,14.7
2090,DOM,Barren,0,0,0
2090,DOM,Developed,0,0,0
2090,DOM,Forest,497.7,397.8,609.3
2090,DOM,Grassland,8.6,4.7,11.6
2090,DOM,Shrubland,21.5,14.5,26.7
2090,DOM,SnowIce,0,0,0
2090,DOM,Water,0,0,0
2090,DOM,Wetland,0.2,0.1,0.2
2090,Live,Agriculture,98.8,63.8,141.4
2090,Live,Barren,0,0,0
2090,Live,Developed,1.3,0.7,2.1
2090,Live,Forest,1181.8,895.9,1465.7
2090,Live,Grassland,13,5.5,18.5
2090,Live,Shrubland,119.8,90.1,155.1
2090,Live,SnowIce,0,0,0
2090,Live,Water,0,0,0
2090,Live,Wetland,0.4,0.3,0.6
2090,Soil,Agriculture,292.7,247.3,351.7
2090,Soil,Barren,0,0,0
2090,Soil,Developed,54.6,29.1,76.5
2090,Soil,Forest,1417.1,1265.1,1564.5
2090,Soil,Grassland,301.9,248.9,359.9
2090,Soil,Shrubland,303.7,251.2,354.8
2090,Soil,SnowIce,0,0,0
2090,Soil,Water,0,0,0
2090,Soil,Wetland,7.7,5,10.4
2091,DOM,Agriculture,10,7.3,14.2
2091,DOM,Barren,0,0,0
2091,DOM,Developed,0,0,0
2091,DOM,Forest,492.4,399.7,600.6
2091,DOM,Grassland,8.2,6.4,10.8
2091,DOM,Shrubland,21.7,15.6,26.8
2091,DOM,SnowIce,0,0,0
2091,DOM,Water,0,0,0
2091,DOM,Wetland,0.2,0.1,0.2
2091,Live,Agriculture,94.1,67.9,137.8
2091,Live,Barren,0,0,0
2091,Live,Developed,1.3,0.7,2.1
2091,Live,Forest,1180.6,901,1466.4
2091,Live,Grassland,10.9,7.3,16.9
2091,Live,Shrubland,116.8,90.7,154
2091,Live,SnowIce,0,0,0
2091,Live,Water,0,0,0
2091,Live,Wetland,0.4,0.3,0.6
2091,Soil,Agriculture,291.9,246.5,350.3
2091,Soil,Barren,0,0,0
2091,Soil,Developed,54.9,29.2,77.4
2091,Soil,Forest,1414.9,1260.6,1564.3
2091,Soil,Grassland,301.5,249.2,359.4
2091,Soil,Shrubland,303.5,250.6,354.5
2091,Soil,SnowIce,0,0,0
2091,Soil,Water,0,0,0
2091,Soil,Wetland,7.8,5,10.4
2092,DOM,Agriculture,9.4,6,13.3
2092,DOM,Barren,0,0,0
2092,DOM,Developed,0,0,0
2092,DOM,Forest,485.9,397.4,589
2092,DOM,Grassland,7.2,4.4,9.7
2092,DOM,Shrubland,21.3,14.9,25
2092,DOM,SnowIce,0,0,0
2092,DOM,Water,0,0,0
2092,DOM,Wetland,0.2,0.1,0.2
2092,Live,Agriculture,92,60.7,145.6
2092,Live,Barren,0,0,0
2092,Live,Developed,1.4,0.7,2.2
2092,Live,Forest,1175.5,892.8,1488.4
2092,Live,Grassland,11.1,5.6,23.2
2092,Live,Shrubland,115.2,86.4,159.4
2092,Live,SnowIce,0,0,0
2092,Live,Water,0,0,0
2092,Live,Wetland,0.5,0.3,0.6
2092,Soil,Agriculture,290.4,245.2,348.7
2092,Soil,Barren,0,0,0
2092,Soil,Developed,55.3,29.2,78.3
2092,Soil,Forest,1412.6,1257.5,1563.1
2092,Soil,Grassland,300.3,247.7,358.2
2092,Soil,Shrubland,303.3,250.1,354.2
2092,Soil,SnowIce,0,0,0
2092,Soil,Water,0,0,0
2092,Soil,Wetland,7.9,5,10.5
2093,DOM,Agriculture,9.1,5.1,13.8
2093,DOM,Barren,0,0,0
2093,DOM,Developed,0,0,0
2093,DOM,Forest,482.2,388.4,579.7
2093,DOM,Grassland,6.9,3.4,10.5
2093,DOM,Shrubland,21,14.3,25.3
2093,DOM,SnowIce,0,0,0
2093,DOM,Water,0,0,0
2093,DOM,Wetland,0.2,0.1,0.2
2093,Live,Agriculture,90.1,58,135.5
2093,Live,Barren,0,0,0
2093,Live,Developed,1.4,0.7,2.2
2093,Live,Forest,1172.7,886.6,1486.8
2093,Live,Grassland,10.7,6.7,18.8
2093,Live,Shrubland,112.6,86,152.3
2093,Live,SnowIce,0,0,0
2093,Live,Water,0,0,0
2093,Live,Wetland,0.5,0.3,0.6
2093,Soil,Agriculture,288.7,243,347.1
2093,Soil,Barren,0,0,0
2093,Soil,Developed,55.6,29.2,79.5
2093,Soil,Forest,1410,1253.4,1561.3
2093,Soil,Grassland,299,245.3,357.3
2093,Soil,Shrubland,302.9,249.4,353.6
2093,Soil,SnowIce,0,0,0
2093,Soil,Water,0,0,0
2093,Soil,Wetland,7.9,5,10.6
2094,DOM,Agriculture,8.5,5,14.1
2094,DOM,Barren,0,0,0
2094,DOM,Developed,0,0,0
2094,DOM,Forest,485.2,391.3,581.4
2094,DOM,Grassland,6.5,3.6,12
2094,DOM,Shrubland,20.3,13.9,25.4
2094,DOM,SnowIce,0,0,0
2094,DOM,Water,0,0,0
2094,DOM,Wetland,0.2,0.1,0.2
2094,Live,Agriculture,95.2,69,135.8
2094,Live,Barren,0,0,0
2094,Live,Developed,1.4,0.7,2.2
2094,Live,Forest,1166.4,888.6,1467.6
2094,Live,Grassland,13.7,7.4,21.1
2094,Live,Shrubland,114.3,88.5,148.3
2094,Live,SnowIce,0,0,0
2094,Live,Water,0,0,0
2094,Live,Wetland,0.5,0.3,0.6
2094,Soil,Agriculture,286.7,240.7,344.5
2094,Soil,Barren,0,0,0
2094,Soil,Developed,56,29.3,80.2
2094,Soil,Forest,1407.2,1249,1559.6
2094,Soil,Grassland,297.3,243.2,354.9
2094,Soil,Shrubland,302.4,248.5,353.1
2094,Soil,SnowIce,0,0,0
2094,Soil,Water,0,0,0
2094,Soil,Wetland,8,5.1,10.6
2095,DOM,Agriculture,9.2,4.3,14
2095,DOM,Barren,0,0,0
2095,DOM,Developed,0,0,0
2095,DOM,Forest,487.2,392.5,588.8
2095,DOM,Grassland,7.7,2.9,12.1
2095,DOM,Shrubland,20.3,12.9,25.7
2095,DOM,SnowIce,0,0,0
2095,DOM,Water,0,0,0
2095,DOM,Wetland,0.2,0.1,0.2
2095,Live,Agriculture,95.1,62.2,141.7
2095,Live,Barren,0,0,0
2095,Live,Developed,1.4,0.7,2.2
2095,Live,Forest,1163.6,864.4,1472.7
2095,Live,Grassland,12.6,6.7,21.5
2095,Live,Shrubland,114.4,85.7,149.5
2095,Live,SnowIce,0,0,0
2095,Live,Water,0,0,0
2095,Live,Wetland,0.5,0.3,0.6
2095,Soil,Agriculture,285.3,238.2,343.8
2095,Soil,Barren,0,0,0
2095,Soil,Developed,56.3,29.3,81.1
2095,Soil,Forest,1404.1,1244.2,1558.4
2095,Soil,Grassland,296.5,240.5,355.7
2095,Soil,Shrubland,301.8,247.3,352.9
2095,Soil,SnowIce,0,0,0
2095,Soil,Water,0,0,0
2095,Soil,Wetland,8.1,5.1,10.7
2096,DOM,Agriculture,9.2,5.1,16.2
2096,DOM,Barren,0,0,0
2096,DOM,Developed,0,0,0
2096,DOM,Forest,504.2,394.2,622.3
2096,DOM,Grassland,7.5,4.1,14.5
2096,DOM,Shrubland,20.1,12.9,27.4
2096,DOM,SnowIce,0,0,0
2096,DOM,Water,0,0,0
2096,DOM,Wetland,0.2,0.1,0.2
2096,Live,Agriculture,88.3,64.3,123.9
2096,Live,Barren,0,0,0
2096,Live,Developed,1.4,0.7,2.2
2096,Live,Forest,1129.2,827.8,1425.7
2096,Live,Grassland,9.4,5.4,12.6
2096,Live,Shrubland,111.1,90,142.4
2096,Live,SnowIce,0,0,0
2096,Live,Water,0,0,0
2096,Live,Wetland,0.5,0.3,0.6
2096,Soil,Agriculture,284,236.1,344.5
2096,Soil,Barren,0,0,0
2096,Soil,Developed,56.7,29.4,81.9
2096,Soil,Forest,1401.1,1238.7,1557.7
2096,Soil,Grassland,295.8,239,357.7
2096,Soil,Shrubland,301.3,246,353
2096,Soil,SnowIce,0,0,0
2096,Soil,Water,0,0,0
2096,Soil,Wetland,8.1,5.1,10.8
2097,DOM,Agriculture,8.7,5.5,15.1
2097,DOM,Barren,0,0,0
2097,DOM,Developed,0,0,0
2097,DOM,Forest,508.6,395.6,652.5
2097,DOM,Grassland,6.5,3.3,11.5
2097,DOM,Shrubland,19.9,13.1,27.8
2097,DOM,SnowIce,0,0,0
2097,DOM,Water,0,0,0
2097,DOM,Wetland,0.2,0.1,0.2
2097,Live,Agriculture,92.1,68.2,128.5
2097,Live,Barren,0,0,0
2097,Live,Developed,1.4,0.7,2.3
2097,Live,Forest,1129.2,803.6,1426.2
2097,Live,Grassland,13.1,10.2,16.3
2097,Live,Shrubland,111.7,90.9,140.1
2097,Live,SnowIce,0,0,0
2097,Live,Water,0,0,0
2097,Live,Wetland,0.5,0.3,0.6
2097,Soil,Agriculture,282,233.9,344.1
2097,Soil,Barren,0,0,0
2097,Soil,Developed,57,29.4,82.7
2097,Soil,Forest,1398.1,1234.5,1557.7
2097,Soil,Grassland,294.1,237.8,357.5
2097,Soil,Shrubland,300.6,244.8,353.2
2097,Soil,SnowIce,0,0,0
2097,Soil,Water,0,0,0
2097,Soil,Wetland,8.2,5.1,10.9
2098,DOM,Agriculture,8.4,4.6,14.1
2098,DOM,Barren,0,0,0
2098,DOM,Developed,0,0,0
2098,DOM,Forest,508.2,397,673.4
2098,DOM,Grassland,7,3.2,10.9
2098,DOM,Shrubland,19.3,12.3,27.5
2098,DOM,SnowIce,0,0,0
2098,DOM,Water,0,0,0
2098,DOM,Wetland,0.2,0.1,0.2
2098,Live,Agriculture,96.5,69.2,131.8
2098,Live,Barren,0,0,0
2098,Live,Developed,1.4,0.7,2.3
2098,Live,Forest,1133.8,786.6,1433.5
2098,Live,Grassland,14.2,7.8,22.3
2098,Live,Shrubland,113,93.4,137.8
2098,Live,SnowIce,0,0,0
2098,Live,Water,0,0,0
2098,Live,Wetland,0.5,0.3,0.6
2098,Soil,Agriculture,280.3,232.5,343.4
2098,Soil,Barren,0,0,0
2098,Soil,Developed,57.4,29.4,83.5
2098,Soil,Forest,1395.4,1230.8,1558
2098,Soil,Grassland,293.2,237.5,357.1
2098,Soil,Shrubland,299.8,243.6,353.4
2098,Soil,SnowIce,0,0,0
2098,Soil,Water,0,0,0
2098,Soil,Wetland,8.2,5.1,11
2099,DOM,Agriculture,9.1,5.5,16.1
2099,DOM,Barren,0,0,0
2099,DOM,Developed,0,0,0
2099,DOM,Forest,504.8,398.7,677.4
2099,DOM,Grassland,7.8,4.7,13.9
2099,DOM,Shrubland,19.5,12.5,27.7
2099,DOM,SnowIce,0,0,0
2099,DOM,Water,0,0,0
2099,DOM,Wetland,0.2,0.1,0.2
2099,Live,Agriculture,97.2,68.3,132.3
2099,Live,Barren,0,0,0
2099,Live,Developed,1.4,0.7,2.3
2099,Live,Forest,1135.8,784,1445.5
2099,Live,Grassland,13.3,8,20
2099,Live,Shrubland,114.2,94.8,146
2099,Live,SnowIce,0,0,0
2099,Live,Water,0,0,0
2099,Live,Wetland,0.5,0.3,0.6
2099,Soil,Agriculture,279.1,231.1,344.2
2099,Soil,Barren,0,0,0
2099,Soil,Developed,57.7,29.5,84.5
2099,Soil,Forest,1392.5,1226,1557.5
2099,Soil,Grassland,292.9,237.3,359
2099,Soil,Shrubland,299.1,242.4,353.8
2099,Soil,SnowIce,0,0,0
2099,Soil,Water,0,0,0
2099,Soil,Wetland,8.3,5.2,11
2100,DOM,Agriculture,9,4.8,15.2
2100,DOM,Barren,0,0,0
2100,DOM,Developed,0,0,0
2100,DOM,Forest,500.2,392.4,679.3
2100,DOM,Grassland,7.4,4,12.3
2100,DOM,Shrubland,19.4,12.9,28.2
2100,DOM,SnowIce,0,0,0
2100,DOM,Water,0,0,0
2100,DOM,Wetland,0.2,0.1,0.2
2100,Live,Agriculture,98.7,67.4,136.5
2100,Live,Barren,0,0,0
2100,Live,Developed,1.4,0.7,2.3
2100,Live,Forest,1140,786.8,1455
2100,Live,Grassland,13.8,8.6,20.8
2100,Live,Shrubland,115.9,94,152.7
2100,Live,SnowIce,0,0,0
2100,Live,Water,0,0,0
2100,Live,Wetland,0.5,0.3,0.6
2100,Soil,Agriculture,278,229.2,343.2
2100,Soil,Barren,0,0,0
2100,Soil,Developed,58.1,29.5,85.3
2100,Soil,Forest,1389.7,1221.7,1556.7
2100,Soil,Grassland,292.5,237,358
2100,Soil,Shrubland,298.4,241.4,353.8
2100,Soil,SnowIce,0,0,0
2100,Soil,Water,0,0,0
2100,Soil,Wetland,8.3,5.2,11.1
2101,DOM,Agriculture,9.1,4.8,15.3
2101,DOM,Barren,0,0,0
2101,DOM,Developed,0,0,0
2101,DOM,Forest,496.5,390.3,678.6
2101,DOM,Grassland,7.5,4,14.2
2101,DOM,Shrubland,19.6,13.3,28.1
2101,DOM,SnowIce,0,0,0
2101,DOM,Water,0,0,0
2101,DOM,Wetland,0.2,0.1,0.2
2101,Live,Agriculture,100.1,66.7,142.3
2101,Live,Barren,0,0,0
2101,Live,Developed,1.4,0.7,2.4
2101,Live,Forest,1144.2,787.9,1467.7
2101,Live,Grassland,13.8,8.6,20.8
2101,Live,Shrubland,117.4,93.2,158.3
2101,Live,SnowIce,0,0,0
2101,Live,Water,0,0,0
2101,Live,Wetland,0.5,0.3,0.6
2101,Soil,Agriculture,276.9,227.5,341.9
2101,Soil,Barren,0,0,0
2101,Soil,Developed,58.4,29.5,86.4
2101,Soil,Forest,1386.6,1217.4,1556.4
2101,Soil,Grassland,292.2,236.6,356.9
2101,Soil,Shrubland,297.8,240.6,354.1
2101,Soil,SnowIce,0,0,0
2101,Soil,Water,0,0,0
2101,Soil,Wetland,8.4,5.2,11.2
